ID,Ordem,Fase da história,Quando abre / quando vale,Personagem,ID do personagem,Tipo de fala,Como toca (gatilho),Missão,Passo,Objetivo no HUD,Mecânica do passo,Recompensa do passo,Lugar,Cena,Texto (português),Texto (inglês),Texto (espanhol),Texto (chinês),Letras (pt),Duração estimada (s),Voz (ElevenLabs),Arquivo de áudio,Áudio gravado?,Áudio a regravar?,Texto para o TTS (com as marcas de emoção),O TTS confere com o texto?,Traduções,Veio do 2D?,Teclas citadas,Alertas automáticos,Coerência com a história,Coerência com a mecânica,Problema encontrado,Correção sugerida,Prioridade,Observações,Status da validação,Em uso no 3D?,Onde editar (arquivo › caminho)
abertura.travessia.1,1,0 · Abertura,"Partida nova, antes do vale: a tela da travessia.",Narrador (voz do mundo),narrador,Narração da abertura,"A tela da travessia, uma legenda por trecho de voz",,,,,,,,"Salvador, 1887. Numa gaveta do cartório, uma carta esperou três meses por alguém que a quisesse.","Salvador, 1887. In a notary's drawer, a letter waited three months for someone who wanted it.","Salvador, 1887. En un cajón de la notaría, una carta esperó tres meses a alguien que la quisiera.",,96,6.9,BDM · Nelson Silvestre · eleven_v3 (tools/elevenlabs/gerar-travessia.ps1),assets/audio/narracao/travessia/trecho_01.mp3,sim,não,,(sem texto de TTS guardado),completas,3D,,,ok,ok,,,,,pendente,sim,data/dialogos/pedro.json › travessia[0]
abertura.travessia.2,2,0 · Abertura,"Partida nova, antes do vale: a tela da travessia.",Narrador (voz do mundo),narrador,Narração da abertura,"A tela da travessia, uma legenda por trecho de voz",,,,,,,,"Um tio que você mal conheceu morreu no Recôncavo e deixou o que tinha: uma casa de taipa, um roçado cercado e nenhuma dívida.","An uncle you barely knew died in the Recôncavo and left what he had: a wattle-and-daub house, a fenced field and no debts.","Un tío al que apenas conociste murió en el Recôncavo y dejó lo que tenía: una casa de adobe, un campo cercado y ninguna deuda.",,125,8.9,BDM · Nelson Silvestre · eleven_v3 (tools/elevenlabs/gerar-travessia.ps1),assets/audio/narracao/travessia/trecho_02.mp3,sim,não,,(sem texto de TTS guardado),completas,3D,,,ok,ok,,,,,pendente,sim,data/dialogos/pedro.json › travessia[1]
abertura.travessia.3,3,0 · Abertura,"Partida nova, antes do vale: a tela da travessia.",Narrador (voz do mundo),narrador,Narração da abertura,"A tela da travessia, uma legenda por trecho de voz",,,,,,,,"Os outros herdeiros riram. Terra de fundo de baía não vale a passagem, disseram. E não foram.","The other heirs laughed. Land at the back of the bay isn't worth the fare, they said. And they didn't go.","Los otros herederos se rieron. Tierra del fondo de la bahía no vale el pasaje, dijeron. Y no fueron.",,93,6.6,BDM · Nelson Silvestre · eleven_v3 (tools/elevenlabs/gerar-travessia.ps1),assets/audio/narracao/travessia/trecho_03.mp3,sim,não,,(sem texto de TTS guardado),completas,3D,,,ok,ok,,,,,pendente,sim,data/dialogos/pedro.json › travessia[2]
abertura.travessia.4,4,0 · Abertura,"Partida nova, antes do vale: a tela da travessia.",Narrador (voz do mundo),narrador,Narração da abertura,"A tela da travessia, uma legenda por trecho de voz",,,,,,,,Você foi.,You went.,Tú fuiste.,,9,1.5,BDM · Nelson Silvestre · eleven_v3 (tools/elevenlabs/gerar-travessia.ps1),assets/audio/narracao/travessia/trecho_04.mp3,sim,não,,(sem texto de TTS guardado),completas,3D,,,ok,ok,,,,,pendente,sim,data/dialogos/pedro.json › travessia[3]
abertura.travessia.5,5,0 · Abertura,"Partida nova, antes do vale: a tela da travessia.",Narrador (voz do mundo),narrador,Narração da abertura,"A tela da travessia, uma legenda por trecho de voz",,,,,,,,"O saveiro saiu da Rampa do Mercado com a maré da meia-noite, carregado de telha, sal e três passageiros.","The saveiro left the Rampa do Mercado on the midnight tide, loaded with roof tiles, salt and three passengers.","El saveiro salió de la Rampa do Mercado con la marea de medianoche, cargado de tejas, sal y tres pasajeros.",,104,7.4,BDM · Nelson Silvestre · eleven_v3 (tools/elevenlabs/gerar-travessia.ps1),assets/audio/narracao/travessia/trecho_05.mp3,sim,SIM: o texto mudou depois da gravação,,(sem texto de TTS guardado),completas,3D,,áudio gravado com o texto antigo: regravar,atenção,problema,"A travessia faz o saveiro sair com a maré da madrugada, levar a manhã inteira e chegar ao meio-dia (trechos 5 a 7), mas a partida começa às 6h30 (Dia.INICIO_DO_DIA = 6,5). O jogador desce do saveiro de manhã cedo.","Trazer a travessia para a noite: ""O saveiro saiu da Rampa do Mercado com a maré da meia-noite, carregado de telha, sal e três passageiros."" — e regravar o trecho 05.",média,O Seu Ladislau diz que a travessia leva meio dia com vento bom: da meia-noite às 6h30 cabe.,corrigir,sim,data/dialogos/pedro.json › travessia[4]
abertura.travessia.6,6,0 · Abertura,"Partida nova, antes do vale: a tela da travessia.",Narrador (voz do mundo),narrador,Narração da abertura,"A tela da travessia, uma legenda por trecho de voz",,,,,,,,A Baía de Todos os Santos é maior do que parece no mapa: levou a noite inteira para o outro lado virar mais que uma linha escura.,The Bay of All Saints is bigger than it looks on the map: it took the whole night for the other shore to become more than a dark line.,La Bahía de Todos los Santos es más grande de lo que parece en el mapa: hizo falta toda la noche para que la otra orilla fuera más que una línea oscura.,,129,9.2,BDM · Nelson Silvestre · eleven_v3 (tools/elevenlabs/gerar-travessia.ps1),assets/audio/narracao/travessia/trecho_06.mp3,sim,SIM: o texto mudou depois da gravação,,(sem texto de TTS guardado),completas,3D,,áudio gravado com o texto antigo: regravar,atenção,problema,"""levou a manhã inteira"" — o jogo começa às 6h30.","""A Baía de Todos os Santos é maior do que parece no mapa: levou a noite inteira para o outro lado virar mais que uma linha escura."" — regravar o trecho 06.",média,,corrigir,sim,data/dialogos/pedro.json › travessia[5]
abertura.travessia.7,7,0 · Abertura,"Partida nova, antes do vale: a tela da travessia.",Narrador (voz do mundo),narrador,Narração da abertura,"A tela da travessia, uma legenda por trecho de voz",,,,,,,,"Com o dia clareando, o mestre apontou uma fresta de areia entre os coqueiros e disse o nome do lugar: Bom Jesus dos Pobres.","As day was breaking, the skipper pointed to a strip of sand between the coconut palms and said the name of the place: Bom Jesus dos Pobres.","Con el día aclarando, el patrón señaló una franja de arena entre los cocoteros y dijo el nombre del lugar: Bom Jesus dos Pobres.",,123,8.8,BDM · Nelson Silvestre · eleven_v3 (tools/elevenlabs/gerar-travessia.ps1),assets/audio/narracao/travessia/trecho_07.mp3,sim,SIM: o texto mudou depois da gravação,,(sem texto de TTS guardado),completas,3D,,áudio gravado com o texto antigo: regravar,atenção,problema,"""Ao meio-dia o mestre apontou..."" — o jogador desembarca às 6h30.","""Com o dia clareando, o mestre apontou uma fresta de areia entre os coqueiros e disse o nome do lugar: Bom Jesus dos Pobres."" — regravar o trecho 07.",média,,corrigir,sim,data/dialogos/pedro.json › travessia[6]
abertura.travessia.8,8,0 · Abertura,"Partida nova, antes do vale: a tela da travessia.",Narrador (voz do mundo),narrador,Narração da abertura,"A tela da travessia, uma legenda por trecho de voz",,,,,,,,"Disse também, sem tirar a mão do leme, que ali a gente aprende a não andar na mata depois que escurece.","He also said, without taking his hand off the tiller, that there you learn not to walk in the woods after dark.","Dijo también, sin soltar el timón, que allí uno aprende a no andar por el bosque después de que oscurece.",,103,7.4,BDM · Nelson Silvestre · eleven_v3 (tools/elevenlabs/gerar-travessia.ps1),assets/audio/narracao/travessia/trecho_08.mp3,sim,não,,(sem texto de TTS guardado),completas,3D,,,ok,ok,,,,,pendente,sim,data/dialogos/pedro.json › travessia[7]
abertura.travessia.9,9,0 · Abertura,"Partida nova, antes do vale: a tela da travessia.",Narrador (voz do mundo),narrador,Narração da abertura,"A tela da travessia, uma legenda por trecho de voz",,,,,,,,Você achou graça. Ele não.,You found it funny. He didn't.,Te hizo gracia. A él no.,,26,1.9,BDM · Nelson Silvestre · eleven_v3 (tools/elevenlabs/gerar-travessia.ps1),assets/audio/narracao/travessia/trecho_09.mp3,sim,não,,(sem texto de TTS guardado),completas,3D,,,ok,ok,,,,,pendente,sim,data/dialogos/pedro.json › travessia[8]
npc.pedro.falas.1,10,1 · A chegada (o tutorial),"Só no primeiro encontro, no píer, antes de a chegada começar.",Pedro,pedro,Saudação do primeiro encontro,Chegar perto do Pedro no píer (balão curto; a fala inteira no aviso),,,,,,,,"Opa! É você o moço da capital, né? O sobrinho do finado. Me chamo Pedro, pescador aqui do arraial.","Hey there! You're the young man from the capital, right? The late man's nephew. I'm Pedro, a fisherman here in the village.","¡Opa! Tú eres el muchacho de la capital, ¿no? El sobrino del difunto. Me llamo Pedro, pescador aquí en el caserío.",哟！你就是从省城来的小伙子吧？故去老爷子的侄子。我叫佩德罗，是这村里的渔夫。,98,7,"Weverton - Youthful, Energetic and Clear · YbP0Eq5RE5uOoCEl7F3T · eleven_v3",assets/audio/vozes/pedro_saudacao_1.mp3,sim,não,"[cheerfully] Opa! É você o moço da capital, né? O sobrinho do finado. [warmly] Me chamo Pedro, pescador aqui do arraial.",sim,completas,3D,,,ok,ok,,,,,pendente,sim,data/npcs_3d.json › guia.falas[0]
npc.pedro.falas.2,11,1 · A chegada (o tutorial),"Só no primeiro encontro, no píer, antes de a chegada começar.",Pedro,pedro,Saudação do primeiro encontro,Chegar perto do Pedro no píer (balão curto; a fala inteira no aviso),,,,,,,,"Eita, gente nova no píer! Só pode ser quem veio pela casa de taipa. Sou Pedro. Aqui todo mundo se conhece, e agora vão querer te conhecer.","Well, well, a new face on the pier! It can only be whoever came for the mud-and-wattle house. I'm Pedro. Everyone knows everyone here, and now they'll want to know you.","¡Caramba, gente nueva en el muelle! Solo puede ser quien vino por la casa de adobe. Soy Pedro. Aquí todos se conocen, y ahora van a querer conocerte.",哎呀，码头上来了新面孔！准是冲着那间泥墙屋来的。我是佩德罗。这儿谁都认识谁，往后大伙儿也都想认识你。,138,9.9,"Weverton - Youthful, Energetic and Clear · YbP0Eq5RE5uOoCEl7F3T · eleven_v3",assets/audio/vozes/pedro_saudacao_2.mp3,sim,não,"[surprised] Eita, gente nova no píer! Só pode ser quem veio pela casa de taipa. Sou Pedro. [laughs] Aqui todo mundo se conhece, e agora vão querer te conhecer.",sim,completas,3D,,,ok,ok,,,,,pendente,sim,data/npcs_3d.json › guia.falas[1]
npc.pedro.falas.3,12,1 · A chegada (o tutorial),"Só no primeiro encontro, no píer, antes de a chegada começar.",Pedro,pedro,Saudação do primeiro encontro,Chegar perto do Pedro no píer (balão curto; a fala inteira no aviso),,,,,,,,"Chegou, homem! O mestre do saveiro jurou que trazia você hoje. Pedro, pescador, às suas ordens. A baía foi boa com você?","You made it, man! The saveiro master swore he'd bring you today. Pedro, fisherman, at your service. Was the bay kind to you?","¡Llegaste, hombre! El maestre del saveiro juró que te traía hoy. Pedro, pescador, a sus órdenes. ¿Fue buena contigo la bahía?",你可算到啦！帆船的船长赌咒说今天准把你送来。我是佩德罗，渔夫一个，听你吩咐。这一路海湾待你还好吧？,120,8.6,"Weverton - Youthful, Energetic and Clear · YbP0Eq5RE5uOoCEl7F3T · eleven_v3",assets/audio/vozes/pedro_saudacao_3.mp3,sim,não,"[excited] Chegou, homem! O mestre do saveiro jurou que trazia você hoje. Pedro, pescador, às suas ordens. [curious] A baía foi boa com você?",sim,completas,3D,,,ok,ok,,,,,pendente,sim,data/npcs_3d.json › guia.falas[2]
missao.guia.desembarque.anuncio,13,1 · A chegada (o tutorial),"Partida nova: no píer, ao descer do saveiro. A aproximação do Pedro a abre.",Pedro,pedro,Anúncio do passo,"Ao anunciar o passo (na vez dele, na fila de falas); o E no dono o repete",Chegada ao arraial,1/16 · desembarque,Desça do saveiro e fale com o Pedro (E),falar com Pedro (E),,pier,,"Desce do saveiro e vem pra terra firme, que a perna ainda tá do mar. Anda com W, A, S e D — ou as setas, se preferir. Chega perto de mim e aperta E: é assim que se conversa aqui, e é assim que se dá conta do que cada um pede.","Step off the saveiro onto firm ground — your legs are still at sea. Walk with W, A, S and D, or the arrow keys if you prefer. Come up to me and press E: that's how you talk to people here, and how you settle what each of them asks of you.","Baja del saveiro a tierra firme, que las piernas todavía están en el mar. Camina con W, A, S y D, o con las flechas si prefieres. Acércate a mí y pulsa E: así se conversa aquí, y así se cumple lo que cada uno pide.",,225,16.1,"Weverton - Youthful, Energetic and Clear · YbP0Eq5RE5uOoCEl7F3T · eleven_v3",,sem áudio,—,,—,completas,3D,"E (Ler / interagir), WASD (Andar), SETAS (Andar)",,ok,ok,,,,,pendente,sim,data/missoes_guia.json › passos[0] desembarque › texto
missao.guia.desembarque.resposta,14,1 · A chegada (o tutorial),"Partida nova: no píer, ao descer do saveiro. A aproximação do Pedro a abre.",Pedro,pedro,Resposta do passo (E),E em Pedro,Chegada ao arraial,1/16 · desembarque,Desça do saveiro e fale com o Pedro (E),falar com Pedro (E),,pier,,"Isso: o corpo respondeu, e depois de uma noite inteira em pé num saveiro já é alguma coisa. O mestre Quirino larga amanhã cedo; você fica. Bem-vindo a Bom Jesus dos Pobres.","There: your body answered, and after a whole night standing on a saveiro that's something. Master Quirino sails off early tomorrow; you stay. Welcome to Bom Jesus dos Pobres.","Eso: el cuerpo respondió, y después de toda una noche de pie en un saveiro ya es algo. El maestro Quirino zarpa mañana temprano; tú te quedas. Bienvenido a Bom Jesus dos Pobres.",,172,12.3,"Weverton - Youthful, Energetic and Clear · YbP0Eq5RE5uOoCEl7F3T · eleven_v3",,sem áudio,—,,—,completas,3D,,,revisar (o texto mudou),revisar (o texto mudou),,,,,pendente,sim,data/missoes_guia.json › passos[0] desembarque › meta.resposta
missao.guia.correr.anuncio,15,1 · A chegada (o tutorial),"Partida nova: no píer, ao descer do saveiro. A aproximação do Pedro a abre.",Pedro,pedro,Anúncio do passo,"Ao anunciar o passo (na vez dele, na fila de falas); o E no dono o repete",Chegada ao arraial,2/16 · correr,"Corra até ali (Shift), um trecho",evento: correu,,corrida,apresentacao_do_tonho,"Se precisar de pressa, toca o Shift: o corpo corre, e outro toque volta ao passo. Corre até ali, onde a seta aponta, pra ver. Mas repara: correr cansa, e cansado o corpo não obedece.","If you're in a hurry, tap Shift: your body runs, and another tap brings it back to a walk. Run over there, where the arrow points, to see. But mind: running tires you, and a tired body won't obey.","Si tienes prisa, pulsa Shift: el cuerpo corre, y otro toque lo devuelve al paso. Corre hasta allí, adonde apunta la flecha, para ver. Pero ojo: correr cansa, y cansado el cuerpo no obedece.",,182,13,"Weverton - Youthful, Energetic and Clear · YbP0Eq5RE5uOoCEl7F3T · eleven_v3",,sem áudio,—,,—,completas,3D,SHIFT (Correr),,ok,ok,,,,,pendente,sim,data/missoes_guia.json › passos[1] correr › texto
missao.guia.corpo.1,16,1 · A chegada (o tutorial),"Partida nova: no píer, ao descer do saveiro. A aproximação do Pedro a abre. Na condução com o Pedro, a primeira vez que o vigor fica baixo.",Pedro,pedro,Explicação do corpo,"Caixa de fala, uma vez por partida (vai no save)",Chegada ao arraial,,,,,corrida,apresentacao_do_tonho,"Para um instante e respira. Olha as três barras lá em cima, que eu te explico.","Stop for a moment and breathe. Look at the three bars up there, I'll explain.","Para un momento y respira. Mira las tres barras de arriba, que te explico.",,78,5.6,"Weverton - Youthful, Energetic and Clear · YbP0Eq5RE5uOoCEl7F3T · eleven_v3",assets/audio/vozes/pedro_corpo_respiro.mp3,sim,não,"[catching his breath] Para um instante e respira. [warmly] Olha as três barras lá em cima, que eu te explico.",sim,completas,3D,,,ok,ok,,,,,pendente,sim,data/missoes_guia.json › corpo[0]
missao.guia.corpo.2,17,1 · A chegada (o tutorial),"Partida nova: no píer, ao descer do saveiro. A aproximação do Pedro a abre. Na condução com o Pedro, a primeira vez que o vigor fica baixo.",Pedro,pedro,Explicação do corpo,"Caixa de fala, uma vez por partida (vai no save)",Chegada ao arraial,,,,,corrida,apresentacao_do_tonho,"A vermelha, a de cima, é a vida. Bicho e peçonha tiram dela. Se acabar, você apaga, e alguém te leva pra casa — acorda no outro dia.","The red one, on top, is your life. Animals and venom take from it. If it runs out, you black out and someone carries you home — you wake the next day.","La roja, la de arriba, es la vida. Los bichos y el veneno le quitan. Si se acaba, te desmayas y alguien te lleva a casa: despiertas al otro día.",,132,9.4,"Weverton - Youthful, Energetic and Clear · YbP0Eq5RE5uOoCEl7F3T · eleven_v3",assets/audio/vozes/pedro_corpo_vida.mp3,sim,não,"A vermelha, a de cima, é a vida. [seriously] Bicho e peçonha tiram dela. Se acabar, você apaga, e alguém te leva pra casa — acorda no outro dia.",sim,completas,3D,,,ok,ok,,,,,pendente,sim,data/missoes_guia.json › corpo[1]
missao.guia.corpo.3,18,1 · A chegada (o tutorial),"Partida nova: no píer, ao descer do saveiro. A aproximação do Pedro a abre. Na condução com o Pedro, a primeira vez que o vigor fica baixo.",Pedro,pedro,Explicação do corpo,"Caixa de fala, uma vez por partida (vai no save)",Chegada ao arraial,,,,,corrida,apresentacao_do_tonho,"A do meio, só com o número, é o fôlego: a reserva do dia. Enxada, machado e picareta gastam dele, e só comida, cama e desmaio devolvem. No fim dele o corpo fica cansado, o passo encurta e não dá pra correr.","The middle one, with just the number, is your breath: the day's reserve. Hoe, axe and pickaxe spend it, and only food, bed and fainting give it back. When it runs low your body gets tired, your step shortens and you can't run.","La del medio, solo con el número, es el aliento: la reserva del día. La azada, el hacha y el pico lo gastan, y solo la comida, la cama y el desmayo lo devuelven. Al final de él el cuerpo se cansa, el paso se acorta y no se puede correr.",,206,14.7,"Weverton - Youthful, Energetic and Clear · YbP0Eq5RE5uOoCEl7F3T · eleven_v3",assets/audio/vozes/pedro_corpo_folego.mp3,sim,não,"A do meio, só com o número, é o fôlego: a reserva do dia. Enxada, machado e picareta gastam dele, e só comida, cama e desmaio devolvem. [thoughtfully] No fim dele o corpo fica cansado, o passo encurta e não dá pra correr.",sim,completas,3D,,,ok,ok,,,,,pendente,sim,data/missoes_guia.json › corpo[2]
missao.guia.corpo.4,19,1 · A chegada (o tutorial),"Partida nova: no píer, ao descer do saveiro. A aproximação do Pedro a abre. Na condução com o Pedro, a primeira vez que o vigor fica baixo (se já cansou na caminhada).",Pedro,pedro,Explicação do corpo,"Caixa de fala, uma vez por partida (vai no save)",Chegada ao arraial,,,,,corrida,apresentacao_do_tonho,"E a de baixo é o vigor, o fôlego curto: correr, pular e bater gastam, e ele volta sozinho, parado ou andando. Foi ele que você gastou agora — por isso a perna pesou. Anda um pouco, que ele volta.","And the bottom one is your vigor, the short breath: running, jumping and striking spend it, and it comes back on its own, standing or walking. That's the one you just spent — that's why your legs got heavy. Walk a little and it comes back.","Y la de abajo es el vigor, el aliento corto: correr, saltar y golpear lo gastan, y vuelve solo, parado o caminando. Es el que acabas de gastar, por eso te pesó la pierna. Camina un poco, que vuelve.",,195,13.9,"Weverton - Youthful, Energetic and Clear · YbP0Eq5RE5uOoCEl7F3T · eleven_v3",assets/audio/vozes/pedro_corpo_vigor_cansado.mp3,sim,não,"E a de baixo é o vigor, o fôlego curto: correr, pular e bater gastam, e ele volta sozinho, parado ou andando. [laughs softly] Foi ele que você gastou agora — por isso a perna pesou. Anda um pouco, que ele volta.",sim,completas,3D,,,ok,ok,,,,,pendente,sim,data/missoes_guia.json › corpo[3]
missao.guia.corpo.5,20,1 · A chegada (o tutorial),"Partida nova: no píer, ao descer do saveiro. A aproximação do Pedro a abre. Na condução com o Pedro, a primeira vez que o vigor fica baixo (se não cansou).",Pedro,pedro,Explicação do corpo,"Caixa de fala, uma vez por partida (vai no save)",Chegada ao arraial,,,,,corrida,apresentacao_do_tonho,"E a de baixo é o vigor, o fôlego curto: correr, pular e bater gastam, e ele volta sozinho, parado ou andando. Quando ele acaba, a corrida para, e é só andar um pouco que ele volta.","And the bottom one is your vigor, the short breath: running, jumping and striking spend it, and it comes back on its own, standing or walking. When it runs out, the running stops — just walk a little and it comes back.","Y la de abajo es el vigor, el aliento corto: correr, saltar y golpear lo gastan, y vuelve solo, parado o caminando. Cuando se acaba, la carrera para, y basta caminar un poco para que vuelva.",,180,12.9,"Weverton - Youthful, Energetic and Clear · YbP0Eq5RE5uOoCEl7F3T · eleven_v3",assets/audio/vozes/pedro_corpo_vigor.mp3,sim,não,"E a de baixo é o vigor, o fôlego curto: correr, pular e bater gastam, e ele volta sozinho, parado ou andando. [calmly] Quando ele acaba, a corrida para, e é só andar um pouco que ele volta.",sim,completas,3D,,,ok,ok,,,,,pendente,sim,data/missoes_guia.json › corpo[4]
missao.guia.corpo.6,21,1 · A chegada (o tutorial),"Partida nova: no píer, ao descer do saveiro. A aproximação do Pedro a abre. Na condução com o Pedro, a primeira vez que o vigor fica baixo.",Pedro,pedro,Explicação do corpo,"Caixa de fala, uma vez por partida (vai no save)",Chegada ao arraial,,,,,corrida,apresentacao_do_tonho,"A azul, a do meio, é o ar de quem nada. Nadando, o corpo gasta primeiro o vigor; quando ele acaba, é o ar que vai, e sem ar a água tira da vida. Parou de nadar, ou achou chão, ele volta sozinho.","The blue one, in the middle, is the air of whoever swims. Swimming, the body spends stamina first; when that runs out it is the air that goes, and with no air the water takes from your health. Stop swimming, or find your footing, and it comes back on its own.","La azul, la del medio, es el aire de quien nada. Nadando, el cuerpo gasta primero la resistencia; cuando se acaba, es el aire el que se va, y sin aire el agua le quita a la salud. Dejas de nadar, o haces pie, y vuelve solo.",,194,13.9,"Weverton - Youthful, Energetic and Clear · YbP0Eq5RE5uOoCEl7F3T · eleven_v3",assets/audio/vozes/pedro_corpo_nado.mp3,sim,SIM: o texto mudou depois da gravação,"A azul, a do meio, é o ar de quem nada. [seriously] Nadando, o corpo gasta primeiro o vigor; quando ele acaba, é o ar que vai, e sem ar a água tira da vida. [calmly] Parou de nadar, ou achou chão, ele volta sozinho.",sim,completas,3D,,áudio gravado com o texto antigo: regravar,ok,atenção,"A mesma palavra para dois recursos: ""fôlego"" é a reserva do dia (corpo.3, a barra do meio com o número) e aqui é o ar de quem nada (a barra do meio troca de papel na água). O jogador recém-ensinado confunde os dois.","Chamar o do nado de ""ar"": ""A azul, a do meio, é o ar de quem nada. Nadando, o corpo gasta primeiro o vigor; quando ele acaba, é o ar que vai, e sem ar a água tira da vida. Parou de nadar, ou achou chão, ele volta sozinho."" — e o rótulo do HUD, se disser fôlego.",média,Tem voz gravada (pedro_corpo_nado): regravar se mudar.,corrigir,sim,data/missoes_guia.json › corpo[5]
missao.guia.bom_dia.anuncio,22,1 · A chegada (o tutorial),"Partida nova: no píer, ao descer do saveiro. A aproximação do Pedro a abre.",Pedro,pedro,Anúncio do passo,"Ao anunciar o passo (na vez dele, na fila de falas); o E no dono o repete",Chegada ao arraial,3/16 · bom_dia,"Cumprimente o Tonho, que o Pedro apresenta",falar com Tonho (E),"10 XP, peixe ×1",pier,vista_da_praca,"Agora vem comigo, que eu te apresento a quem tá no píer. Aquele de linha na mão desde a madrugada é o Tonho, pescador como eu. Aqui quem chega cumprimenta — chega perto dele e aperta E: pescador lembra de quem passou reto.","Now come with me, I'll introduce you to whoever's on the pier. The one with a line in his hand since before dawn is Tonho, a fisherman like me. Here, whoever arrives says good morning — go up to him and press E: fishermen remember who walked past.","Ahora ven conmigo, que te presento a quien está en el muelle. El que está con el sedal en la mano desde la madrugada es Tonho, pescador como yo. Aquí quien llega saluda: acércate a él y pulsa E, que el pescador se acuerda de quien pasó de largo.",,222,15.9,"Weverton - Youthful, Energetic and Clear · YbP0Eq5RE5uOoCEl7F3T · eleven_v3",,sem áudio,—,,—,completas,3D,E (Ler / interagir),,problema,ok,"""Aquele remendando rede desde a madrugada é o Tonho"" — o Tonho não tem rede: ""Minha rede ficou do outro lado do rio numa noite de março, e desde então eu pesco de linha"" (fila do Tonho, passo da rede). A rede nova é o pedido dele.","""Aquele de linha na mão desde a madrugada é o Tonho, pescador como eu.""",média,,corrigir,sim,data/missoes_guia.json › passos[2] bom_dia › texto
missao.guia.bom_dia.resposta,23,1 · A chegada (o tutorial),"Partida nova: no píer, ao descer do saveiro. A aproximação do Pedro a abre.",Tonho,tonho,Resposta do passo (E),E em Tonho,Chegada ao arraial,3/16 · bom_dia,"Cumprimente o Tonho, que o Pedro apresenta",falar com Tonho (E),"10 XP, peixe ×1",pier,vista_da_praca,"Bom dia, moço. Então é você o sobrinho do finado? Ele me pagava o peixe em farinha e nunca atrasou um dia. Toma esse aqui: é o primeiro da casa nova. Asse no fogo de noite.","Morning, young man. So you're the late man's nephew? He paid me for fish in flour and was never a day late. Take this one: it's the first for the new house. Roast it on the fire tonight.","Buenos días, muchacho. ¿Así que tú eres el sobrino del difunto? Me pagaba el pescado con harina y nunca se atrasó un día. Toma este: es el primero de la casa nueva. Ásalo al fuego por la noche.",,172,12.3,Matheus Santos · xWdpADtEio43ew1zGxUQ · eleven_v3,,sem áudio,—,,—,completas,3D,,,ok,ok,,,,,pendente,sim,data/missoes_guia.json › passos[2] bom_dia › meta.resposta
missao.guia.chave.anuncio,24,1 · A chegada (o tutorial),"Partida nova: no píer, ao descer do saveiro. A aproximação do Pedro a abre.",Pedro,pedro,Anúncio do passo,"Ao anunciar o passo (na vez dele, na fila de falas); o E no dono o repete",Chegada ao arraial,4/16 · chave,Siga o Pedro até a Dona Candinha e pergunte pela chave,falar com Dona Candinha (E),"10 XP, garapa ×1",praca,,"Agora a casa do seu tio. A chave eu não sei com quem ficou: depois do enterro, cada um levou uma coisa. Vem comigo até a praça, que eu vou na frente. Quem sabe de tudo é a Dona Candinha, a da garapa — tudo o que acontece no arraial passa por ela.","Now your uncle's house. I don't know who kept the key: after the funeral, everyone took something. Come with me to the square, I'll lead the way. The one who knows everything is Dona Candinha, the sugarcane-juice lady — everything that happens in the village goes through her.","Ahora la casa de tu tío. No sé con quién quedó la llave: después del entierro, cada uno se llevó algo. Ven conmigo hasta la plaza, que yo voy delante. Quien sabe de todo es doña Candinha, la del jugo de caña: todo lo que pasa en el pueblo pasa por ella.",,246,17.6,"Weverton - Youthful, Energetic and Clear · YbP0Eq5RE5uOoCEl7F3T · eleven_v3",,sem áudio,—,,—,completas,3D,,,ok,ok,,,,,pendente,sim,data/missoes_guia.json › passos[3] chave › texto
missao.guia.chave.resposta,25,1 · A chegada (o tutorial),"Partida nova: no píer, ao descer do saveiro. A aproximação do Pedro a abre.",Dona Candinha,candinha,Resposta do passo (E),E em Dona Candinha,Chegada ao arraial,4/16 · chave,Siga o Pedro até a Dona Candinha e pergunte pela chave,falar com Dona Candinha (E),"10 XP, garapa ×1",praca,,"A chave? Ficou com a Dona Zefa, que lavou o corpo e fechou a porta. Mas senta aqui primeiro: ninguém sobe aquela ladeira de goela seca no meu tempo. A garapa hoje é por conta da casa.",The key? Dona Zefa kept it — she washed the body and closed the door. But sit here first: nobody climbs that slope with a dry throat on my watch. Today the sugarcane juice is on the house.,"¿La llave? Se la quedó doña Zefa, que lavó el cuerpo y cerró la puerta. Pero siéntate aquí primero: nadie sube esa cuesta con la garganta seca mientras yo esté. Hoy el jugo de caña corre por cuenta de la casa.",,183,13.1,Raquel · CS2gH5fPqUCmkVNpHsy4 · eleven_v3,,sem áudio,—,,—,completas,3D,,,ok,ok,,,,,pendente,sim,data/missoes_guia.json › passos[3] chave › meta.resposta
missao.guia.chave_zefa.anuncio,26,1 · A chegada (o tutorial),"Partida nova: no píer, ao descer do saveiro. A aproximação do Pedro a abre.",Pedro,pedro,Anúncio do passo,"Ao anunciar o passo (na vez dele, na fila de falas); o E no dono o repete",Chegada ao arraial,5/16 · chave_zefa,Siga o Pedro até a Dona Zefa e busque a chave,falar com Dona Zefa (E),"10 XP, cocada ×1",casa_da_zefa,a_casa_do_tio,"A Dona Zefa mora colada na casa do seu tio, lá em cima. Vem que eu te levo. É benzedeira: o povo vai nela antes de ir no padre, e o padre sabe e não diz nada. Fala com jeito, que ela repara em tudo.","Dona Zefa lives right next to your uncle's house, up the hill. Come, I'll take you. She's a folk healer: people go to her before the priest, and the priest knows and says nothing. Speak kindly, she notices everything.","Doña Zefa vive pegada a la casa de tu tío, allá arriba. Ven, que te llevo. Es curandera: la gente va a ella antes que al cura, y el cura lo sabe y no dice nada. Habla con tino, que ella se fija en todo.",,198,14.1,"Weverton - Youthful, Energetic and Clear · YbP0Eq5RE5uOoCEl7F3T · eleven_v3",,sem áudio,—,,—,completas,3D,,,ok,ok,,,,,pendente,sim,data/missoes_guia.json › passos[4] chave_zefa › texto
missao.guia.chave_zefa.resposta,27,1 · A chegada (o tutorial),"Partida nova: no píer, ao descer do saveiro. A aproximação do Pedro a abre.",Dona Zefa,zefa,Resposta do passo (E),E em Dona Zefa,Chegada ao arraial,5/16 · chave_zefa,Siga o Pedro até a Dona Zefa e busque a chave,falar com Dona Zefa (E),"10 XP, cocada ×1",casa_da_zefa,a_casa_do_tio,"Tá aqui a chave. Fechei aquela porta e fiquei rezando pra ela abrir pra alguém do sangue dele. Abre a casa, areja, e acende o fogo antes da noite: casa fechada junta frio. E passa no poço, que eu vou precisar de braço moço.","Here's the key. I closed that door and kept praying it would open for someone of his blood. Open the house, let the air in, and light the fire before nightfall: a closed house gathers cold. And come by the well — I'll need a young arm.","Aquí está la llave. Cerré esa puerta y me quedé rezando para que se abriera para alguien de su sangre. Abre la casa, airéala, y enciende el fuego antes de la noche: casa cerrada junta frío. Y pasa por el pozo, que voy a necesitar un brazo joven.",,223,15.9,Edna · FrCDCQwye0euHmliGxP9 · eleven_v3,,sem áudio,—,,—,completas,3D,,,ok,ok,,,,,pendente,sim,data/missoes_guia.json › passos[4] chave_zefa › meta.resposta
missao.guia.casa.anuncio,28,1 · A chegada (o tutorial),"Partida nova: no píer, ao descer do saveiro. A aproximação do Pedro a abre.",Pedro,pedro,Anúncio do passo,"Ao anunciar o passo (na vez dele, na fila de falas); o E no dono o repete",Chegada ao arraial,6/16 · casa,Abra a casa do seu tio e entre,evento: entrou:casa,,casa_de_taipa,,"Chegamos. Daqui da cerca pra dentro é seu. A chave tá com você: abre a porta e entra. Eu fico aqui fora, que dentro é seu.","Here we are. From this fence inward, it's yours. You have the key: open the door and go in. I'll stay out here — inside is yours.","Llegamos. De esta cerca para adentro es tuyo. La llave la tienes tú: abre la puerta y entra. Yo me quedo aquí afuera, que adentro es tuyo.",,122,8.7,"Weverton - Youthful, Energetic and Clear · YbP0Eq5RE5uOoCEl7F3T · eleven_v3",,sem áudio,—,,—,completas,3D,,,ok,ok,,,,,pendente,sim,data/missoes_guia.json › passos[5] casa › texto
missao.guia.pegar.anuncio,29,1 · A chegada (o tutorial),"Partida nova: no píer, ao descer do saveiro. A aproximação do Pedro a abre.",Pedro,pedro,Anúncio do passo,"Ao anunciar o passo (na vez dele, na fila de falas); o E no dono o repete",Chegada ao arraial,7/16 · pegar,"Pegue no baú a enxada, o balde e a maniva","juntar: enxada ×1, balde d'água ×1, maniva de mandioca ×1",,casa_de_taipa,,"Cama, baú e o fogo lá fora: é o que tem, e basta pra começar. No baú ficou o que o seu tio usava na roça — a enxada, o balde e um punhado de maniva —, e minha avó deixou dois beijus. Chega no baú e aperta E. O resto da casa vai entrando conforme você levantar: perto dela, o J abre as obras.","A bed, a chest and the fire outside: that's what there is, and it's enough to start. In the chest is what your uncle used in the field — the hoe, the bucket and a handful of cassava cuttings — and my grandmother left two beijus. Go to the chest and press E. The rest of the house comes as you build it: near it, J opens the works.","Cama, baúl y el fuego afuera: es lo que hay, y basta para empezar. En el baúl quedó lo que tu tío usaba en el sembrado — la azada, el balde y un puñado de esquejes de yuca —, y mi abuela dejó dos beijus. Llega al baúl y pulsa E. El resto de la casa va entrando a medida que construyas: cerca de ella, la J abre las obras.",,291,20.8,"Weverton - Youthful, Energetic and Clear · YbP0Eq5RE5uOoCEl7F3T · eleven_v3",,sem áudio,—,,—,completas,3D,"E (Ler / interagir), J (Painel)",,ok,ok,,,,,pendente,sim,data/missoes_guia.json › passos[6] pegar › texto
missao.guia.caderneta.anuncio,30,1 · A chegada (o tutorial),"Partida nova: no píer, ao descer do saveiro. A aproximação do Pedro a abre.",Pedro,pedro,Anúncio do passo,"Ao anunciar o passo (na vez dele, na fila de falas); o E no dono o repete",Chegada ao arraial,8/16 · caderneta,Aperte J e veja o que está aberto,evento: abriu_painel,,casa_de_taipa,,"Antes da roça, uma coisa: o J abre a lista de tudo que tá aberto — o que cada um pediu, o que falta, quem paga. Aperta e dá uma olhada; depois fecha e segue.","Before the field, one thing: J opens the list of everything that's open — what each person asked for, what's missing, who pays. Press it and have a look; then close it and carry on.","Antes del sembrado, una cosa: la J abre la lista de todo lo que está abierto: lo que pidió cada uno, lo que falta, quién paga. Púlsala y échale un vistazo; después ciérrala y sigue.",,157,11.2,"Weverton - Youthful, Energetic and Clear · YbP0Eq5RE5uOoCEl7F3T · eleven_v3",,sem áudio,—,,—,completas,3D,J (Painel),,ok,ok,,,,,pendente,sim,data/missoes_guia.json › passos[7] caderneta › texto
missao.guia.roca.anuncio,31,1 · A chegada (o tutorial),"Partida nova: no píer, ao descer do saveiro. A aproximação do Pedro a abre.",Pedro,pedro,Anúncio do passo,"Ao anunciar o passo (na vez dele, na fila de falas); o E no dono o repete",Chegada ao arraial,9/16 · roca,"Abra, plante e regue uma leira","evento: arou, plantou, regou","10 XP, beiju ×1",lavoura,,"Agora a terra, que terra parada é terra que some. O Cosme, neto da Dona Zefa, capinava a roça do seu tio e não parou. Põe a enxada na mão e abre uma leira; a maniva na mão planta, e o balde molha — na ordem que quiser.","Now the land, because idle land is land that disappears. Cosme, Dona Zefa's grandson, weeded your uncle's field and never stopped. Put the hoe in your hand and open a furrow; the cutting in your hand plants, and the bucket waters — in any order you like.","Ahora la tierra, que tierra parada es tierra que se pierde. Cosme, el nieto de doña Zefa, carpía el sembrado de tu tío y no paró. Pon la azada en la mano y abre un surco; el esqueje en la mano planta, y el balde riega, en el orden que quieras.",,218,15.6,"Weverton - Youthful, Energetic and Clear · YbP0Eq5RE5uOoCEl7F3T · eleven_v3",,sem áudio,—,,—,completas,3D,,,ok,ok,,,,,pendente,sim,data/missoes_guia.json › passos[8] roca › texto
missao.guia.lenha.anuncio,32,1 · A chegada (o tutorial),"Partida nova: no píer, ao descer do saveiro. A aproximação do Pedro a abre.",Pedro,pedro,Anúncio do passo,"Ao anunciar o passo (na vez dele, na fila de falas); o E no dono o repete",Chegada ao arraial,10/16 · lenha,Quebre galho seco para o fogo da casa (E),juntar: lenha ×4,"10 XP, beiju ×1",casa_de_taipa,,"A Dona Zefa tem razão: casa fechada junta frio. Fogo de casa não pede machado: galho seco se quebra na mão. Tem galhada caída aqui no terreiro, e a mata larga mais a cada vento — encosta e aperta E. Junta um tanto a mais, que lenha também vira corda na bancada.","Dona Zefa is right: a closed house gathers cold. A house fire doesn't need an axe: dry branches snap by hand. There's deadwood fallen right here in the yard, and the woods drop more with every wind — walk up and press E. Gather a bit extra, since firewood also becomes rope at the workbench.","Doña Zefa tiene razón: casa cerrada junta frío. El fuego de la casa no pide hacha: la rama seca se quiebra con la mano. Hay ramas caídas aquí en el patio, y el monte suelta más con cada viento: acércate y pulsa E. Junta un poco de más, que la leña también se vuelve cuerda en el banco.",,261,18.6,"Weverton - Youthful, Energetic and Clear · YbP0Eq5RE5uOoCEl7F3T · eleven_v3",,sem áudio,—,,—,completas,3D,E (Ler / interagir),,ok,ok,,,,,pendente,sim,data/missoes_guia.json › passos[9] lenha › texto
missao.guia.pedra_do_poco.anuncio,33,1 · A chegada (o tutorial),"Partida nova: no píer, ao descer do saveiro. A aproximação do Pedro a abre.",Pedro,pedro,Anúncio do passo,"Ao anunciar o passo (na vez dele, na fila de falas); o E no dono o repete",Chegada ao arraial,11/16 · pedra_do_poco,Tire pedra para calçar o poço,juntar: pedra ×3,,poco,,"O beiju é da minha avó, que soube que você chegou. Agora o poço: a corda partiu, e a boca tá esfarelando — balde que cai leva pedra junto. Toma a picareta, que também era do seu tio. Tem pedra solta no chão, ali do lado do poço: com a picareta ela sai ligeiro. Lajedo grande, não — esse pede picareta de aço e braço treinado.","The beiju is from my grandmother — she heard you arrived. Now the well: the rope snapped, and the mouth is crumbling — a bucket that falls takes stone with it. Take the pickaxe, it was your uncle's too. There's loose stone on the ground right by the well: with the pickaxe it comes out quick. Not the big rock slab — that one needs a steel pickaxe and a trained arm.","El beiju es de mi abuela, que se enteró de que llegaste. Ahora el pozo: la cuerda se rompió y la boca se desmorona; balde que cae arrastra piedra. Toma el pico, que también era de tu tío. Hay piedra suelta en el suelo, al lado del pozo: con el pico sale rápido. La laja grande, no: esa pide pico de acero y brazo entrenado.",,325,23.2,"Weverton - Youthful, Energetic and Clear · YbP0Eq5RE5uOoCEl7F3T · eleven_v3",,sem áudio,—,,—,completas,3D,,,ok,problema,"""Tem lajedo ali do lado do poço; pedra pra calçar a boca sai dele."" O lajedo do poço (recursos_3d.json, lajedo_poco) pede a picareta de aço e o talento Mão de pedra nível 2, e leva 96 golpes. No dia 1 o jogador tem a picareta de ferro do tio e nenhum talento: o tutorial manda bater numa pedra que recusa. A pedra sai das pedras soltas.","""... Toma a picareta, que também era do seu tio. Tem pedra solta pelo chão em volta do poço e no caminho: com a picareta ela sai ligeiro. Lajedo grande, não — esse pede picareta de aço e braço treinado.""",alta,,corrigir,sim,data/missoes_guia.json › passos[10] pedra_do_poco › texto
missao.guia.corda.anuncio,34,1 · A chegada (o tutorial),"Partida nova: no píer, ao descer do saveiro. A aproximação do Pedro a abre.",Pedro,pedro,Anúncio do passo,"Ao anunciar o passo (na vez dele, na fila de falas); o E no dono o repete",Chegada ao arraial,12/16 · corda,Torça uma corda na bancada,juntar: corda de piaçava ×1,,oficina,,Agora a corda. A bancada do seu tio fica na beira do roçado: é ali que lenha vira tábua e vira corda. Encosta nela e aperta E pra torcer uma — três lenhas dão uma corda.,Now the rope. Your uncle's workbench is at the edge of the field: that's where firewood becomes plank and becomes rope. Walk up to it and press E to twist one — three pieces of firewood make a rope.,Ahora la cuerda. El banco de tu tío está a la orilla del sembrado: ahí la leña se vuelve tabla y se vuelve cuerda. Acércate y pulsa E para torcer una: tres leñas dan una cuerda.,,169,12.1,"Weverton - Youthful, Energetic and Clear · YbP0Eq5RE5uOoCEl7F3T · eleven_v3",,sem áudio,—,,—,completas,3D,E (Ler / interagir),,ok,ok,,,,,pendente,sim,data/missoes_guia.json › passos[11] corda › texto
missao.guia.mutirao_poco.anuncio,35,1 · A chegada (o tutorial),"Partida nova: no píer, ao descer do saveiro. A aproximação do Pedro a abre.",Pedro,pedro,Anúncio do passo,"Ao anunciar o passo (na vez dele, na fila de falas); o E no dono o repete",Chegada ao arraial,13/16 · mutirao_poco,Conserte o poço: [E] no poço ou [J] › Obras,"obra 'poco_corda' em poco (custo corda de piaçava ×1, pedra ×3)","10 XP, cocada ×2",poco,,"Pedra e corda na mão: é mutirão. Aqui obra de todo mundo se faz junto — a Dona Zefa já chamou o neto. Chega no poço e aperta E, que abre as obras dele (o J na aba de obras também serve), e conserta a boca.","Stone and rope in hand: that's a work party. Here, what belongs to everyone gets built together — Dona Zefa has already called her grandson. Get to the well and press E, which opens its works (J on the works tab does it too), and fix the mouth.","Piedra y cuerda en la mano: es trabajo en común. Aquí la obra de todos se hace juntos; doña Zefa ya llamó a su nieto. Llega al pozo y pulsa E, que abre sus obras (la J en la pestaña de obras también sirve), y arregla la boca.",,205,14.6,"Weverton - Youthful, Energetic and Clear · YbP0Eq5RE5uOoCEl7F3T · eleven_v3",,sem áudio,—,,—,completas,3D,"E (Ler / interagir), J (Painel)",,ok,ok,,,,,pendente,sim,data/missoes_guia.json › passos[12] mutirao_poco › texto
npc.pedro.anoitecer,36,1 · A chegada (o tutorial),"Durante o tutorial, ao entardecer, uma vez por dia.",Pedro,pedro,Aviso do anoitecer,"Balão e aviso, na vez dele",Chegada ao arraial,,,,,poco,,"Daqui a pouco escurece. Quando terminar, volte pra cama. Apagar no chão não descansa igual.","It'll be dark soon. When you're done, head back to bed. Passing out on the ground isn't the same rest.","Pronto oscurece. Cuando termines, vuelve a la cama. Caer rendido en el suelo no descansa igual.",天快黑了。忙完就回床上去吧，累倒在地上可歇不踏实。,91,6.5,"Weverton - Youthful, Energetic and Clear · YbP0Eq5RE5uOoCEl7F3T · eleven_v3",assets/audio/vozes/pedro_anoitecer.mp3,sim,não,,(sem texto de TTS guardado),completas,3D,,,ok,ok,,,,,pendente,sim,data/npcs_3d.json › guia.anoitecer
missao.guia.janta.anuncio,37,1 · A chegada (o tutorial),"Partida nova: no píer, ao descer do saveiro. A aproximação do Pedro a abre.",Pedro,pedro,Anúncio do passo,"Ao anunciar o passo (na vez dele, na fila de falas); o E no dono o repete",Chegada ao arraial,14/16 · janta,Asse o peixe do Tonho na fogueira,evento: cozinhou:peixe_assado,,fogueira,,"Poço consertado: amanhã a roça tem água perto. Agora a janta, que o peixe do Tonho tá esperando. A fogueira do terreiro é o fogão da casa por enquanto: encosta, aperta E e asse — peixe na brasa pede uma lenha.","Well fixed: tomorrow the field has water nearby. Now supper — Tonho's fish is waiting. The yard fire is the house stove for now: walk up to it, press E and roast — fish on the coals takes one piece of firewood.","Pozo arreglado: mañana el sembrado tiene agua cerca. Ahora la cena, que el pescado de Tonho está esperando. La fogata del patio es el fogón de la casa por ahora: acércate, pulsa E y ásalo; pescado a la brasa pide una leña.",,209,14.9,"Weverton - Youthful, Energetic and Clear · YbP0Eq5RE5uOoCEl7F3T · eleven_v3",,sem áudio,—,,—,completas,3D,E (Ler / interagir),,ok,ok,,,,,pendente,sim,data/missoes_guia.json › passos[13] janta › texto
missao.guia.dormir.anuncio,38,1 · A chegada (o tutorial),"Partida nova: no píer, ao descer do saveiro. A aproximação do Pedro a abre.",Pedro,pedro,Anúncio do passo,"Ao anunciar o passo (na vez dele, na fila de falas); o E no dono o repete",Chegada ao arraial,15/16 · dormir,Durma na cama do seu tio,evento: dormiu,"10 XP, mungunzá ×1",casa_de_taipa,,"Agora come, e depois deita: o I abre a mochila, e o F come o que estiver marcado. A cama do seu tio é a de dentro, ao pé da parede. Amanhã cedo eu passo aqui — e o arraial inteiro já vai saber que tem gente na casa do finado.","Now eat, and then lie down: I opens the backpack, and F eats whatever is selected. Your uncle's bed is the one inside, against the wall. I'll come by early tomorrow — and the whole village will already know someone lives in the late man's house.","Ahora come, y después acuéstate: la I abre la mochila, y la F come lo que esté marcado. La cama de tu tío es la de adentro, al pie de la pared. Mañana temprano paso por aquí, y todo el pueblo ya va a saber que hay gente en la casa del difunto.",,225,16.1,"Weverton - Youthful, Energetic and Clear · YbP0Eq5RE5uOoCEl7F3T · eleven_v3",,sem áudio,—,,—,completas,3D,"I (Mochila), F (Observar)",,ok,ok,,,,,pendente,sim,data/missoes_guia.json › passos[14] dormir › texto
missao.guia.convite.anuncio,39,1 · A chegada (o tutorial),"Partida nova: no píer, ao descer do saveiro. A aproximação do Pedro a abre.",Pedro,pedro,Anúncio do passo,"Ao anunciar o passo (na vez dele, na fila de falas); o E no dono o repete",Chegada ao arraial,16/16 · convite,Leia o convite que chegou,evento: leu:convite,,casa_de_taipa,,"Bom dia! O mungunzá foi minha avó que mandou de madrugada. E isto chegou de manhã cedo, preso em cada porta do arraial — esse estava na sua. Lê você, que estudou na capital: eu leio devagar demais e o povo ri. Na mochila, F em cima do papel.","Good morning! The mungunzá was my grandmother, she sent it before dawn. And this arrived early this morning, pinned to every door in the village — this one was on yours. You read it, you studied in the capital: I read too slowly and people laugh. In the backpack, F on the paper.","¡Buenos días! El mungunzá lo mandó mi abuela de madrugada. Y esto llegó temprano, clavado en cada puerta del pueblo; este estaba en la tuya. Léelo tú, que estudiaste en la capital: yo leo demasiado despacio y la gente se ríe. En la mochila, F sobre el papel.",,241,17.2,"Weverton - Youthful, Energetic and Clear · YbP0Eq5RE5uOoCEl7F3T · eleven_v3",,sem áudio,—,,—,completas,3D,,,ok,ok,,,,,pendente,sim,data/missoes_guia.json › passos[15] convite › texto
missao.guia.arremate,40,1 · A chegada (o tutorial),"Partida nova: no píer, ao descer do saveiro. A aproximação do Pedro a abre.",Pedro,pedro,Arremate da missão,"Fechado o último passo, o dono diz (na vez dele)",Chegada ao arraial,,,,,,,"Só isso? ""Haverá um grande evento"" — e nem quem assina. É da fazenda do outro lado do rio, que ninguém nunca viu o dono. Meus avós já decidiram que vão, e eu vou junto. Até lá, cuide do que é seu: a roça cresce um palmo por dia regado. Eu volto pro píer — é lá que você me acha, e agora o arraial te conhece.","That's all? ""There will be a great event"" — and not even a signature. It's from the farm across the river, whose owner nobody has ever seen. My grandparents have already decided to go, and I'm going with them. Until then, look after what's yours: the field grows a hand's width every watered day. I'm heading back to the pier — that's where you'll find me, and now the village knows you.","¿Eso es todo? ""Habrá un gran evento"", y ni siquiera la firma. Es de la hacienda del otro lado del río, cuyo dueño nadie ha visto nunca. Mis abuelos ya decidieron ir, y yo voy con ellos. Hasta entonces, cuida lo tuyo: el sembrado crece un palmo por cada día regado. Vuelvo al muelle: ahí me encuentras, y ahora el pueblo te conoce.",,308,22,"Weverton - Youthful, Energetic and Clear · YbP0Eq5RE5uOoCEl7F3T · eleven_v3",assets/audio/vozes/pedro_convite_arremate.mp3,sim,não,"[skeptical] Só isso? ""Haverá um grande evento"" — e nem quem assina. [thoughtful] É da fazenda do outro lado do rio, que ninguém nunca viu o dono. Meus avós já decidiram que vão, e eu vou junto. [warmly] Até lá, cuide do que é seu: a roça cresce um palmo por dia regado. Eu volto pro píer — é lá que você me acha, e agora o arraial te conhece.",sim,completas,3D,,,ok,ok,,,,,pendente,sim,data/missoes_guia.json › arremate
missao.roca.trancada,41,1 · A chegada (o tutorial),"Na chegada, depois do passo 'roca' (a primeira leira). E no Cosme.",Cosme,cosme,Aviso de fila trancada,E no dono enquanto a fila espera o que ela pede,O que a terra devolve,,,,,,,"Ainda não. Volte depois de plantar sua primeira roça com o Pedro, que eu quero ver o que a terra lhe devolve.","Not yet. Come back after planting your first plot with Pedro, I want to see what the earth gives back to you.","Todavía no. Vuelve después de plantar tu primera parcela con Pedro, que quiero ver lo que la tierra te devuelve.",,109,7.8,Matheus (Energetic) · NQmLEqxcRTkWYIYZSYod · eleven_v3,,sem áudio,—,,—,completas,3D,,,ok,ok,,,,,pendente,sim,data/missoes_roca.json › trancada
missao.roca.colher.anuncio,42,1 · A chegada (o tutorial),"Na chegada, depois do passo 'roca' (a primeira leira). E no Cosme.",Cosme,cosme,Anúncio do passo,"Ao anunciar o passo (na vez dele, na fila de falas); o E no dono o repete",O que a terra devolve,1/4 · colher,Regue todo dia e colha a mandioca,evento: colheu,,lavoura,,"Mandioca pede um gole por dia, e paciência. Rega toda manhã e dorme: com quatro dias de chão molhado a rama amarela e a raiz tá no ponto. Aí é de mão livre — guarda a ferramenta e arranca com as duas mãos.","Cassava asks for a sip a day, and patience. Water it every morning and sleep: after four days of wet soil the leaves turn yellow and the root is ready. Then it's bare-handed — put the tool away and pull it up with both hands.","La yuca pide un trago por día, y paciencia. Riégala cada mañana y duerme: con cuatro días de tierra mojada la rama amarillea y la raíz está en su punto. Ahí es con la mano libre: guarda la herramienta y arráncala con las dos manos.",,205,14.6,Matheus (Energetic) · NQmLEqxcRTkWYIYZSYod · eleven_v3,,sem áudio,—,,—,completas,3D,,,ok,ok,,,,,pendente,sim,data/missoes_roca.json › passos[0] colher › texto
missao.roca.cozinhar.anuncio,43,1 · A chegada (o tutorial),"Na chegada, depois do passo 'roca' (a primeira leira). E no Cosme.",Cosme,cosme,Anúncio do passo,"Ao anunciar o passo (na vez dele, na fila de falas); o E no dono o repete",O que a terra devolve,2/4 · cozinhar,Torre farinha na fogueira,evento: cozinhou:farinha,,fogueira,,"Mandioca crua não é comida, é raiz. Rala, prensa e torra: duas raízes e uma lenha dão uma farinha. O fogo do terreiro dá conta — encosta na fogueira e aperta E.","Raw cassava isn't food, it's a root. Grate it, press it and toast it: two roots and one piece of firewood make one flour. The yard fire will do — go up to the fire and press E.","La yuca cruda no es comida, es raíz. Rállala, prénsala y tuéstala: dos raíces y una leña dan una harina. El fuego del patio alcanza: acércate a la fogata y pulsa E.",,160,11.4,Matheus (Energetic) · NQmLEqxcRTkWYIYZSYod · eleven_v3,,sem áudio,—,,—,completas,3D,E (Ler / interagir),,ok,atenção,"""o J na fogueira"" — a janta da chegada ensinou ""encosta, aperta E e asse"" na mesma fogueira (o E nela abre o fogão). Duas teclas para a mesma coisa em dois dias.","""O fogo do terreiro dá conta — encosta na fogueira e aperta E.""",baixa,,corrigir,sim,data/missoes_roca.json › passos[1] cozinhar › texto
missao.roca.pirao.anuncio,44,1 · A chegada (o tutorial),"Na chegada, depois do passo 'roca' (a primeira leira). E no Cosme.",Cosme,cosme,Anúncio do passo,"Ao anunciar o passo (na vez dele, na fila de falas); o E no dono o repete",O que a terra devolve,3/4 · pirao,Leve farinha à Dona Filó,levar a Dona Filó: farinha de mandioca ×1,"10 XP, pirão de peixe ×1",casa_da_estrada,,"A primeira farinha de uma roça nova vai pra quem não pode mais plantar — é costume, e é o certo. A Dona Filó, mãe do Tonho, mora na casa da estrada. Leva uma cuia pra ela.","The first flour from a new field goes to someone who can't plant anymore — it's custom, and it's right. Dona Filó, Tonho's mother, lives in the house by the road. Take her a bowl.","La primera harina de un sembrado nuevo va para quien ya no puede sembrar: es costumbre, y es lo justo. Doña Filó, la madre de Tonho, vive en la casa del camino. Llévale un cuenco.",,171,12.2,Matheus (Energetic) · NQmLEqxcRTkWYIYZSYod · eleven_v3,,sem áudio,—,,—,completas,3D,,,ok,ok,,,,,pendente,sim,data/missoes_roca.json › passos[2] pirao › texto
missao.roca.pirao.resposta,45,1 · A chegada (o tutorial),"Na chegada, depois do passo 'roca' (a primeira leira). E no Cosme.",Dona Filó,filo,Resposta do passo (E),E em Dona Filó com a carga na mochila,O que a terra devolve,3/4 · pirao,Leve farinha à Dona Filó,levar a Dona Filó: farinha de mandioca ×1,"10 XP, pirão de peixe ×1",casa_da_estrada,,"Farinha da roça do finado... Ele também me trazia a primeira, todo ano. Deus te pague, meu filho. E aprende o pirão, que farinha sozinha não sustenta: cozinha o peixe, engrossa o caldo na farinha e mexe até pegar ponto. Toma esse, que eu fiz pro Tonho e ele nem desceu.","Flour from the late man's field... He used to bring me the first of it every year, too. God repay you, son. And learn pirão — flour alone doesn't hold you up: cook the fish, thicken the broth with the flour and stir until it sets. Take this one; I made it for Tonho and he never even came down.","Harina del sembrado del difunto... Él también me traía la primera, cada año. Dios te lo pague, hijo. Y aprende el pirão, que la harina sola no sostiene: cocina el pescado, espesa el caldo con la harina y revuelve hasta que tome punto. Toma este, que lo hice para Tonho y ni bajó.",,269,19.2,Lucinda · fs3nd19KF2GO2hLTzkBm · eleven_v3,,sem áudio,—,,—,completas,3D,,,ok,ok,,,,,pendente,sim,data/missoes_roca.json › passos[2] pirao › meta.resposta
missao.roca.comer.anuncio,46,1 · A chegada (o tutorial),"Na chegada, depois do passo 'roca' (a primeira leira). E no Cosme.",Cosme,cosme,Anúncio do passo,"Ao anunciar o passo (na vez dele, na fila de falas); o E no dono o repete",O que a terra devolve,4/4 · comer,"Coma o pirão (I, depois F)",evento: comeu:pirao,,casa_da_estrada,,"Pirão da Dona Filó não se guarda: se come quente. O I abre a mochila, e o F em cima do pirão come. Barriga cheia é fôlego de volta.","Dona Filó's pirão isn't for keeping: you eat it hot. I opens the backpack, and F on the pirão eats it. A full belly is breath back.","El pirão de doña Filó no se guarda: se come caliente. La I abre la mochila, y la F sobre el pirão lo come. Barriga llena es aliento de vuelta.",,131,9.4,Matheus (Energetic) · NQmLEqxcRTkWYIYZSYod · eleven_v3,,sem áudio,—,,—,completas,3D,F (Observar),,ok,ok,,,,,pendente,sim,data/missoes_roca.json › passos[3] comer › texto
missao.roca.arremate,47,1 · A chegada (o tutorial),"Na chegada, depois do passo 'roca' (a primeira leira). E no Cosme.",Cosme,cosme,Nota de fim (não falada),Fica no objetivo do HUD ao fim; a última resposta é a fala,O que a terra devolve,,,,,,,"Agora a roça é sua de verdade. Planta de novo, que roça parada esquece que é roça.",Now the field is truly yours. Plant again — an idle field forgets it's a field.,"Ahora el sembrado es tuyo de verdad. Siembra otra vez, que el sembrado quieto se olvida de que es sembrado.",,82,5.9,Matheus (Energetic) · NQmLEqxcRTkWYIYZSYod · eleven_v3,,—,—,,—,completas,3D,,,ok,ok,,,,,pendente,"sim (texto do HUD, sem voz)",data/missoes_roca.json › arremate
missao.ponte.trancada,48,2 · Depois da chegada: o arraial,Acabada a chegada e dita a despedida. Abre sozinha com o Pedro por perto.,Pedro,pedro,Aviso de fila trancada,E no dono enquanto a fila espera o que ela pede,A ponte do rio grande,,,,,,,"A ponte vem depois da chegada. Acabe primeiro a lida de hoje comigo, e aí eu lhe mostro o que o rio levou.","The bridge comes after your arrival. Finish today's work with me first, and then I'll show you what the river took.","El puente viene después de la llegada. Termina primero la faena de hoy conmigo, y entonces te muestro lo que se llevó el río.",,106,7.6,"Weverton - Youthful, Energetic and Clear · YbP0Eq5RE5uOoCEl7F3T · eleven_v3",,sem áudio,—,,—,completas,3D,,,ok,ok,,,,,pendente,sim,data/missoes_ponte.json › trancada
missao.ponte.ponte_caida.anuncio,49,2 · Depois da chegada: o arraial,Acabada a chegada e dita a despedida. Abre sozinha com o Pedro por perto.,Pedro,pedro,Anúncio do passo,"Ao anunciar o passo (na vez dele, na fila de falas); o E no dono o repete",A ponte do rio grande,1/7 · ponte_caida,Siga a estrada para o norte até a ponte do rio grande,visita: chegar ao lugar,,ponte_do_rio_grande,,"A fazenda do convite fica do outro lado do rio grande, pro norte. Siga a estrada, para lá da sua casa, até o rio. Eu quero que você veja uma coisa com os próprios olhos — depois volte aqui e me diga o que viu.","The farm from the invitation lies across the big river, to the north. Follow the road past your house, all the way to the river. I want you to see something with your own eyes — then come back and tell me what you saw.","La hacienda de la invitación queda al otro lado del río grande, hacia el norte. Sigue el camino, más allá de tu casa, hasta el río. Quiero que veas una cosa con tus propios ojos; después vuelve y dime lo que viste.",,209,14.9,"Weverton - Youthful, Energetic and Clear · YbP0Eq5RE5uOoCEl7F3T · eleven_v3",,sem áudio,—,,—,completas,3D,,,ok,ok,,,,,pendente,sim,data/missoes_ponte.json › passos[0] ponte_caida › texto
missao.ponte.ponte_contar.anuncio,50,2 · Depois da chegada: o arraial,Acabada a chegada e dita a despedida. Abre sozinha com o Pedro por perto.,Pedro,pedro,Anúncio do passo,"Ao anunciar o passo (na vez dele, na fila de falas); o E no dono o repete",A ponte do rio grande,2/7 · ponte_contar,Volte ao Pedro e conte o que viu,falar com Pedro (E),,pier,,"Viu a ponte? Então volte aqui, que eu conto o resto.","Saw the bridge? Then come back here, and I'll tell you the rest.","¿Viste el puente? Entonces vuelve aquí, que te cuento el resto.",,52,3.7,"Weverton - Youthful, Energetic and Clear · YbP0Eq5RE5uOoCEl7F3T · eleven_v3",,sem áudio,—,,—,completas,3D,,,ok,ok,,,,,pendente,sim,data/missoes_ponte.json › passos[1] ponte_contar › texto
missao.ponte.ponte_contar.resposta,51,2 · Depois da chegada: o arraial,Acabada a chegada e dita a despedida. Abre sozinha com o Pedro por perto.,Pedro,pedro,Resposta do passo (E),E em Pedro,A ponte do rio grande,2/7 · ponte_contar,Volte ao Pedro e conte o que viu,falar com Pedro (E),,pier,,"Cercada, né? Fui eu e o Seu Benedito que pregamos a cerca, depois da cheia de fevereiro. A água comeu os esteios do meio, e o tabuado ficou pendurado no que sobrou: de longe parece inteira, e não aguenta um cabrito. Pra lá do rio não se passa: a água dá nado, e o barranco do outro lado não tem por onde subir; carroça, muito menos. Ninguém consertou. Aqui nada muda, eu já disse — a gente espera cair, depois espera alguém. Dessa vez o alguém somos nós. Vou em casa buscar os machados do meu avô.","Fenced off, right? Seu Benedito and I nailed that fence up after the February flood. The water ate the middle posts, and the planking is hanging from what's left: from far away it looks whole, and it wouldn't hold a goat. There's no getting across: the water is over your head, and the bank on the far side has nowhere to climb; a cart, even less. Nobody fixed it. Nothing changes here, I told you — we wait for it to fall, then we wait for someone. This time the someone is us. I'm going home to get my grandfather's axes.","Cercado, ¿no? Fuimos el señor Benedito y yo quienes clavamos la cerca, después de la crecida de febrero. El agua se comió los pilotes del medio, y el tablado quedó colgando de lo que sobró: de lejos parece entero, y no aguanta ni una cabra. Al otro lado no se pasa: el agua cubre, y el barranco de enfrente no tiene por dónde subir; una carreta, menos todavía. Nadie lo arregló. Aquí nada cambia, ya te dije: esperamos que se caiga, y después esperamos a alguien. Esta vez el alguien somos nosotros. Voy a casa a buscar las hachas de mi abuelo.",,497,35.5,"Weverton - Youthful, Energetic and Clear · YbP0Eq5RE5uOoCEl7F3T · eleven_v3",,sem áudio,—,,—,completas,3D,,,ok,ok,,,,,pendente,sim,data/missoes_ponte.json › passos[1] ponte_contar › meta.resposta
missao.ponte.buscar_machado.anuncio,52,2 · Depois da chegada: o arraial,Acabada a chegada e dita a despedida. Abre sozinha com o Pedro por perto.,Pedro,pedro,Anúncio do passo,"Ao anunciar o passo (na vez dele, na fila de falas); o E no dono o repete",A ponte do rio grande,3/7 · buscar_machado,"Siga o Pedro até a casa dele, depois da igreja",visita: chegar ao lugar,,casa_do_pedro,,Vem comigo. A casa é pra lá da igreja — eu vou na frente.,Come with me. The house is past the church — I'll lead the way.,Ven conmigo. La casa está pasando la iglesia; yo voy delante.,,57,4.1,"Weverton - Youthful, Energetic and Clear · YbP0Eq5RE5uOoCEl7F3T · eleven_v3",,sem áudio,—,,—,completas,3D,,,atenção,ok,"""A casa é aqui perto do píer"" — a casa do Pedro fica a uns 82 u (330 m) do píer, a caminho da praça.","""A casa é no caminho da praça — eu vou na frente.""",baixa,,corrigir,sim,data/missoes_ponte.json › passos[2] buscar_machado › texto
missao.ponte.ponte_lenha.anuncio,53,2 · Depois da chegada: o arraial,Acabada a chegada e dita a despedida. Abre sozinha com o Pedro por perto.,Pedro,pedro,Anúncio do passo,"Ao anunciar o passo (na vez dele, na fila de falas); o E no dono o repete",A ponte do rio grande,4/7 · ponte_lenha,"Junte lenha para 12 tábuas e 4 cordas (machado, E)","juntar: lenha ×1 — vale o que já virou tábua serrada ×12, corda de piaçava ×4 (conta lenha ×36)","10 XP, peixe na brasa ×2",oficina,,"Toma. Esse tem mais idade que nós dois somados; meu avô diz que corta melhor por isso. Ponte se faz de tábua, e tábua se faz de lenha. Muita lenha: doze tábuas e quatro cordas são trinta e seis paus. Derrube pau na mata com o machado na mão — encoste no tronco e aperte E, que não sai no primeiro golpe. O que você já tiver serrado em tábua ou torcido em corda conta junto. E ferramenta certa pra cada coisa: machado é pra pau, picareta é pra pedra; na coisa errada você só bate e cansa.","Here. This one is older than the two of us put together; my grandfather says that's why it cuts better. A bridge is made of boards, and boards are made of firewood. Lots of firewood: twelve boards and four ropes come to thirty-six logs. Fell trees in the woods with the axe in hand — walk up to the trunk and press E, it won't come down on the first blow. Whatever you've already sawn into boards or twisted into rope counts too. And the right tool for each thing: the axe is for wood, the pickaxe is for stone; on the wrong thing you just strike and tire.","Toma. Esta tiene más años que nosotros dos juntos; mi abuelo dice que por eso corta mejor. Un puente se hace de tablas, y las tablas se hacen de leña. Mucha leña: doce tablas y cuatro cuerdas son treinta y seis palos. Derriba árboles en el monte con el hacha en la mano: acércate al tronco y pulsa E, que no cae al primer golpe. Lo que ya hayas aserrado en tabla o torcido en cuerda cuenta también. Y la herramienta justa para cada cosa: el hacha es para la madera, el pico es para la piedra; con la equivocada solo golpeas y te cansas.",,487,34.8,"Weverton - Youthful, Energetic and Clear · YbP0Eq5RE5uOoCEl7F3T · eleven_v3",,sem áudio,—,,—,completas,3D,E (Ler / interagir),,ok,ok,,,,,pendente,sim,data/missoes_ponte.json › passos[3] ponte_lenha › texto
missao.ponte.socorro.1,54,2 · Depois da chegada: o arraial,"Acabada a chegada e dita a despedida. Abre sozinha com o Pedro por perto. Sem fôlego e sem comida no meio da lenha ou das tábuas da ponte, uma vez.",Pedro,pedro,Socorro (sem fôlego),Caixa de fala; seis cuias de mungunzá na mochila,A ponte do rio grande,4/7 · ponte_lenha,"Junte lenha para 12 tábuas e 4 cordas (machado, E)","juntar: lenha ×1 — vale o que já virou tábua serrada ×12, corda de piaçava ×4 (conta lenha ×36)","10 XP, peixe na brasa ×2",oficina,,Para. Olha pra sua cara. Você não bota mais esse machado no ombro hoje.,Stop. Look at your face. You're not putting that axe on your shoulder again today.,Para. Mírate la cara. Hoy ya no te echas ese hacha al hombro.,,71,5.1,"Weverton - Youthful, Energetic and Clear · YbP0Eq5RE5uOoCEl7F3T · eleven_v3",,sem áudio,—,,—,completas,igual ao 2D (2d.pedro.passos.socorro.fala.0),,,ok,ok,,,,,pendente,sim,data/missoes_ponte.json › socorro[0]
missao.ponte.socorro.2,55,2 · Depois da chegada: o arraial,"Acabada a chegada e dita a despedida. Abre sozinha com o Pedro por perto. Sem fôlego e sem comida no meio da lenha ou das tábuas da ponte, uma vez.",Pedro,pedro,Socorro (sem fôlego),Caixa de fala; seis cuias de mungunzá na mochila,A ponte do rio grande,4/7 · ponte_lenha,"Junte lenha para 12 tábuas e 4 cordas (machado, E)","juntar: lenha ×1 — vale o que já virou tábua serrada ×12, corda de piaçava ×4 (conta lenha ×36)","10 XP, peixe na brasa ×2",oficina,,"Minha avó fez mungunzá de manhã e mandou trazer a panela inteira. Milho branco, leite de coco e canela, da panela de ferro.","My grandmother made mungunzá this morning and sent the whole pot. White corn, coconut milk and cinnamon, from the iron pot.","Mi abuela hizo mungunzá en la mañana y mandó traer la olla entera. Maíz blanco, leche de coco y canela, de la olla de hierro.",,123,8.8,"Weverton - Youthful, Energetic and Clear · YbP0Eq5RE5uOoCEl7F3T · eleven_v3",,sem áudio,—,,—,completas,3D,,,problema,ok,"""Minha mãe fez mungunzá"" — no 3D quem manda comida é a avó do Pedro (o beiju e o mungunzá da chegada; regra 5 de CHEGADA_E_MUTIROES.md). A mãe do Pedro não aparece em fala nenhuma.","""Minha avó fez mungunzá de manhã e mandou trazer a panela inteira. Milho branco, leite de coco e canela, da panela de ferro.""",média,,corrigir,sim,data/missoes_ponte.json › socorro[1]
missao.ponte.socorro.3,56,2 · Depois da chegada: o arraial,"Acabada a chegada e dita a despedida. Abre sozinha com o Pedro por perto. Sem fôlego e sem comida no meio da lenha ou das tábuas da ponte, uma vez.",Pedro,pedro,Socorro (sem fôlego),Caixa de fala; seis cuias de mungunzá na mochila,A ponte do rio grande,4/7 · ponte_lenha,"Junte lenha para 12 tábuas e 4 cordas (machado, E)","juntar: lenha ×1 — vale o que já virou tábua serrada ×12, corda de piaçava ×4 (conta lenha ×36)","10 XP, peixe na brasa ×2",oficina,,"Tem seis cuias aí. Come uma agora e as outras quando o braço pesar de novo: o I abre a mochila, e o F em cima da cuia come.","There are six bowls there. Eat one now and the others when your arm gets heavy again: I opens the backpack, and F on the bowl eats it.","Ahí hay seis cuencos. Come uno ahora y los otros cuando el brazo vuelva a pesar: la I abre la mochila, y la F sobre el cuenco lo come.",,123,8.8,"Weverton - Youthful, Energetic and Clear · YbP0Eq5RE5uOoCEl7F3T · eleven_v3",,sem áudio,—,,—,completas,3D,"I (Mochila), F (Observar)",,ok,ok,,,,,pendente,sim,data/missoes_ponte.json › socorro[2]
missao.ponte.socorro.4,57,2 · Depois da chegada: o arraial,"Acabada a chegada e dita a despedida. Abre sozinha com o Pedro por perto. Sem fôlego e sem comida no meio da lenha ou das tábuas da ponte, uma vez.",Pedro,pedro,Socorro (sem fôlego),Caixa de fala; seis cuias de mungunzá na mochila,A ponte do rio grande,4/7 · ponte_lenha,"Junte lenha para 12 tábuas e 4 cordas (machado, E)","juntar: lenha ×1 — vale o que já virou tábua serrada ×12, corda de piaçava ×4 (conta lenha ×36)","10 XP, peixe na brasa ×2",oficina,,"Isso sustenta o corpo até a ponte subir. Dá pra fechar tudo hoje, se você não parar.","That keeps the body going until the bridge is up. You can finish it all today, if you don't stop.","Eso sostiene el cuerpo hasta que el puente suba. Se puede terminar todo hoy, si no paras.",,84,6,"Weverton - Youthful, Energetic and Clear · YbP0Eq5RE5uOoCEl7F3T · eleven_v3",,sem áudio,—,,—,completas,igual ao 2D (2d.pedro.passos.socorro.fala.3),,,ok,ok,,,,,pendente,sim,data/missoes_ponte.json › socorro[3]
missao.ponte.socorro.5,58,2 · Depois da chegada: o arraial,"Acabada a chegada e dita a despedida. Abre sozinha com o Pedro por perto. Sem fôlego e sem comida no meio da lenha ou das tábuas da ponte, uma vez.",Pedro,pedro,Socorro (sem fôlego),Caixa de fala; seis cuias de mungunzá na mochila,A ponte do rio grande,4/7 · ponte_lenha,"Junte lenha para 12 tábuas e 4 cordas (machado, E)","juntar: lenha ×1 — vale o que já virou tábua serrada ×12, corda de piaçava ×4 (conta lenha ×36)","10 XP, peixe na brasa ×2",oficina,,"Só que é hoje, viu? Amanhã a força da panela acaba, e o corpo volta a pesar. Mungunzá de vó dá o dia, não dá a semana.","But just for today, all right? Tomorrow the pot's strength runs out, and the body gets heavy again. Grandma's mungunzá gives you the day, not the week.","Pero es solo hoy, ¿eh? Mañana la fuerza de la olla se acaba, y el cuerpo vuelve a pesar. El mungunzá de la abuela da para el día, no para la semana.",,118,8.4,"Weverton - Youthful, Energetic and Clear · YbP0Eq5RE5uOoCEl7F3T · eleven_v3",,sem áudio,—,,—,completas,3D,,,ok,atenção,"""Amanhã o corpo cobra o que você gastou"" — o mungunzá dá um dia de trabalho 30% mais barato (catalogo: efeito_dias 1, eficiência −0,30) e acaba; não há cobrança no dia seguinte.","""Só que é hoje, viu? Amanhã a força da panela acaba, e o corpo volta a pesar. Aqui as coisas sempre foram assim.""",baixa,,corrigir,sim,data/missoes_ponte.json › socorro[4]
missao.ponte.tabuas.anuncio,59,2 · Depois da chegada: o arraial,Acabada a chegada e dita a despedida. Abre sozinha com o Pedro por perto.,Pedro,pedro,Anúncio do passo,"Ao anunciar o passo (na vez dele, na fila de falas); o E no dono o repete",A ponte do rio grande,5/7 · tabuas,"Na bancada da oficina, faça 12 tábuas e 4 cordas","juntar: tábua serrada ×12, corda de piaçava ×4","10 XP, beiju ×3",oficina,,"Chega de lenha. Agora é serrar. Na bancada da oficina, encoste e aperte E: ali a lenha vira tábua e vira corda. A ponte pede doze tábuas e quatro cordas. Serre até ter tudo.","That's enough firewood. Now it's sawing. At the workshop bench, walk up and press E: that's where firewood becomes boards and becomes rope. The bridge needs twelve boards and four ropes. Saw until you have it all.","Basta de leña. Ahora toca aserrar. En el banco del taller, acércate y pulsa E: ahí la leña se vuelve tabla y se vuelve cuerda. El puente pide doce tablas y cuatro cuerdas. Asierra hasta tenerlo todo.",,173,12.4,"Weverton - Youthful, Energetic and Clear · YbP0Eq5RE5uOoCEl7F3T · eleven_v3",,sem áudio,—,,—,completas,3D,E (Ler / interagir),,ok,ok,,,,,pendente,sim,data/missoes_ponte.json › passos[4] tabuas › texto
missao.ponte.ponte.anuncio,60,2 · Depois da chegada: o arraial,Acabada a chegada e dita a despedida. Abre sozinha com o Pedro por perto.,Pedro,pedro,Anúncio do passo,"Ao anunciar o passo (na vez dele, na fila de falas); o E no dono o repete",A ponte do rio grande,6/7 · ponte,"Levante a ponte: [E] ou [J] › Obras, ao pé dela","obra 'ponte_levantar' em ponte (custo tábua serrada ×12, corda de piaçava ×4)","10 XP, pirão de peixe ×2, cocada ×2",ponte_do_rio_grande,,"Material pronto. Agora é carregar até o rio. Chegue à cabeceira da ponte com tudo nas costas e aperte E — ou abra o J, na aba de obras: o conserto está lá. Esteio novo no meio, o tabuado amarrado, e a cerca vai pro chão.","The material is ready. Now carry it to the river. Get to the bridgehead with it all on your back and press E — or open J, on the works tab: the repair is there. New posts in the middle, the planking lashed down, and the fence comes down.","El material está listo. Ahora hay que cargarlo hasta el río. Llega a la cabecera del puente con todo a cuestas y pulsa E, o abre la J, en la pestaña de obras: el arreglo está ahí. Pilotes nuevos en el medio, el tablado amarrado, y la cerca al suelo.",,220,15.7,"Weverton - Youthful, Energetic and Clear · YbP0Eq5RE5uOoCEl7F3T · eleven_v3",,sem áudio,—,,—,completas,3D,"E (Ler / interagir), J (Painel)",,ok,atenção,"Só ensina o J; o HUD diz ""[E] ou [J]"" e o E ao pé da ponte abre as obras dela.","""Chegue à cabeceira da ponte com tudo nas costas e aperte E — ou abra o J, na aba de obras: o conserto está lá.""",baixa,,corrigir,sim,data/missoes_ponte.json › passos[5] ponte › texto
missao.ponte.ponte_de_pe.anuncio,61,2 · Depois da chegada: o arraial,Acabada a chegada e dita a despedida. Abre sozinha com o Pedro por perto.,Pedro,pedro,Anúncio do passo,"Ao anunciar o passo (na vez dele, na fila de falas); o E no dono o repete",A ponte do rio grande,7/7 · ponte_de_pe,Volte ao Pedro: a ponte está de pé,falar com Pedro (E),,pier,,Eu vi a cerca no chão daqui. Venha cá.,I saw the fence come down from here. Come over.,Vi la cerca caer desde aquí. Ven acá.,,38,2.7,"Weverton - Youthful, Energetic and Clear · YbP0Eq5RE5uOoCEl7F3T · eleven_v3",,sem áudio,—,,—,completas,3D,,,ok,ok,,,,,pendente,sim,data/missoes_ponte.json › passos[6] ponte_de_pe › texto
missao.ponte.ponte_de_pe.resposta,62,2 · Depois da chegada: o arraial,Acabada a chegada e dita a despedida. Abre sozinha com o Pedro por perto.,Pedro,pedro,Resposta do passo (E),E em Pedro,A ponte do rio grande,7/7 · ponte_de_pe,Volte ao Pedro: a ponte está de pé,falar com Pedro (E),,pier,,"De pé. Primeira coisa que muda aqui em vinte anos, e fomos nós. Meus avós dizem que caminho de fazenda velha se abre assim: um ajudando o outro.","Standing. The first thing to change here in twenty years, and it was us. My grandparents say the road to an old farm is opened like this: one helping the other.","En pie. La primera cosa que cambia aquí en veinte años, y fuimos nosotros. Mis abuelos dicen que el camino a una hacienda vieja se abre así: uno ayudando al otro.",,144,10.3,"Weverton - Youthful, Energetic and Clear · YbP0Eq5RE5uOoCEl7F3T · eleven_v3",,sem áudio,—,,—,completas,3D,,,atenção,ok,"""No que meus avós contam, foi assim que o povo chegou naquela fazenda: abrindo caminho"" — o arraial nunca foi à fazenda (""ninguém nunca viu o dono""); a ida pela mata, um ajudando o outro, é a do capítulo 6, que ainda vai acontecer.","""Meus avós dizem que caminho de fazenda velha se abre assim: um ajudando o outro.""",baixa,,corrigir,sim,data/missoes_ponte.json › passos[6] ponte_de_pe › meta.resposta
missao.ponte.arremate,63,2 · Depois da chegada: o arraial,Acabada a chegada e dita a despedida. Abre sozinha com o Pedro por perto.,Pedro,pedro,Nota de fim (não falada),Fica no objetivo do HUD ao fim; a última resposta é a fala,A ponte do rio grande,,,,,,,"A ponte do rio grande está de pé, e a estrada do norte, aberta.","The bridge over the big river is standing, and the northern road is open.","El puente del río grande está en pie, y el camino del norte, abierto.",,63,4.5,"Weverton - Youthful, Energetic and Clear · YbP0Eq5RE5uOoCEl7F3T · eleven_v3",,—,—,,—,completas,3D,,,ok,ok,,,,,pendente,"sim (texto do HUD, sem voz)",data/missoes_ponte.json › arremate
missao.filo.trancada,64,2 · Depois da chegada: o arraial,Depois da chegada. E na Dona Filó.,Dona Filó,filo,Aviso de fila trancada,E no dono enquanto a fila espera o que ela pede,O pirão da Dona Filó,,,,,,,"Ainda não, meu bem. Volte depois de acabar a lida da chegada com o Pedro, que aí a gente conversa do meu pirão.","Not yet, dear. Come back after you finish settling in with Pedro, then we'll talk about my pirão.","Todavía no, querido. Vuelve cuando acabes la faena de llegada con Pedro, que entonces hablamos de mi pirão.",,111,7.9,Lucinda · fs3nd19KF2GO2hLTzkBm · eleven_v3,,sem áudio,—,,—,completas,3D,,,ok,ok,,,,,pendente,sim,data/missoes_filo.json › trancada
missao.filo.filo_pedido.anuncio,65,2 · Depois da chegada: o arraial,Depois da chegada. E na Dona Filó.,Dona Filó,filo,Anúncio do passo,"Ao anunciar o passo (na vez dele, na fila de falas); o E no dono o repete",O pirão da Dona Filó,1/2 · filo_pedido,Ouça o pedido da Dona Filó,visita: chegar ao lugar,,casa_da_estrada,,"Meu filho, você que anda pra tudo quanto é canto. Me faz um favor? Fiz pirão de manhã e o Tonho saiu antes, como sempre. Ele desce pro pontal com o dia escuro e só volta quando a maré vira.","My son, you who walk to every corner of this place. Will you do me a favor? I made pirão this morning and Tonho left before it was ready, as always. He goes down to the point while it's still dark and only comes back when the tide turns.","Hijo mío, tú que andas por todos los rincones. ¿Me haces un favor? Hice pirão en la mañana y Tonho salió antes, como siempre. Baja a la punta con el día oscuro y solo vuelve cuando cambia la marea.",,189,13.5,Lucinda · fs3nd19KF2GO2hLTzkBm · eleven_v3,,sem áudio,—,,—,completas,3D,,,ok,atenção,"O passo é uma visita à casa da Dona Filó, mas a fila abre no E ao lado dela, na porta de casa: o passo fecha na hora, e o HUD mostra por um instante ""Vá até a casa da Dona Filó"" (coordenada, contra a regra 1 da escrita da chegada).","Juntar os dois passos (o pedido já é o do pirão) ou trocar o resumo por ""Ouça o pedido da Dona Filó"".",baixa,,corrigir,sim,data/missoes_filo.json › passos[0] filo_pedido › texto
missao.filo.filo_pirao.anuncio,66,2 · Depois da chegada: o arraial,Depois da chegada. E na Dona Filó.,Dona Filó,filo,Anúncio do passo,"Ao anunciar o passo (na vez dele, na fila de falas); o E no dono o repete",O pirão da Dona Filó,2/2 · filo_pirao,,levar a Tonho: pirão de peixe ×1,"10 XP, cocada ×2",pier,,"Eu já não desço aquela ladeira — minhas pernas param na terceira pedra. Leve pra ele. Eu fico olhando a estrada daqui, como sempre, e hoje pelo menos vou saber que ele comeu.","I don't go down that slope anymore — my legs stop at the third stone. Take it to him. I'll keep watching the road from here, as always, and today at least I'll know he ate.","Yo ya no bajo esa cuesta: mis piernas se paran en la tercera piedra. Llévaselo. Yo me quedo mirando el camino desde aquí, como siempre, y hoy por lo menos voy a saber que comió.",,174,12.4,Lucinda · fs3nd19KF2GO2hLTzkBm · eleven_v3,,sem áudio,—,,—,completas,3D,,,ok,ok,,,,,pendente,sim,data/missoes_filo.json › passos[1] filo_pirao › texto
missao.filo.filo_pirao.resposta,67,2 · Depois da chegada: o arraial,Depois da chegada. E na Dona Filó.,Tonho,tonho,Resposta do passo (E),E em Tonho com a carga na mochila,O pirão da Dona Filó,2/2 · filo_pirao,,levar a Tonho: pirão de peixe ×1,"10 XP, cocada ×2",pier,,"Ela mandou? Ela mandou. Toda manhã ela faz e toda manhã eu saio antes; a gente briga por isso desde que meu pai não voltou. Ela acha que se eu comer direito o mar não me leva, e eu não digo que não é assim. Diga a ela que eu comi — não invente que estava bom, ela sabe que estava. Diga só que eu comi.","She sent it? She sent it. Every morning she makes it and every morning I leave before; we've fought about it since my father didn't come back. She thinks that if I eat properly the sea won't take me, and I don't tell her it isn't so. Tell her I ate — don't make up that it was good, she knows it was. Just tell her I ate.","¿Ella lo mandó? Ella lo mandó. Cada mañana lo hace y cada mañana yo salgo antes; peleamos por eso desde que mi padre no volvió. Ella cree que si como bien el mar no me lleva, y yo no le digo que no es así. Dile que comí — no inventes que estaba bueno, ella sabe que lo estaba. Dile solo que comí.",,301,21.5,Matheus Santos · xWdpADtEio43ew1zGxUQ · eleven_v3,,sem áudio,—,,—,completas,3D,,,ok,ok,,,,,pendente,sim,data/missoes_filo.json › passos[1] filo_pirao › meta.resposta
missao.filo.arremate,68,2 · Depois da chegada: o arraial,Depois da chegada. E na Dona Filó.,Dona Filó,filo,Nota de fim (não falada),Fica no objetivo do HUD ao fim; a última resposta é a fala,O pirão da Dona Filó,,,,,,,"O Tonho comeu, e pediu que se diga só isso à mãe.","Tonho ate, and asked that his mother be told only that.","Tonho comió, y pidió que a su madre se le diga solo eso.",,49,3.5,Lucinda · fs3nd19KF2GO2hLTzkBm · eleven_v3,,—,—,,—,completas,3D,,,ok,ok,,,,,pendente,"sim (texto do HUD, sem voz)",data/missoes_filo.json › arremate
missao.zefa.trancada,69,2 · Depois da chegada: o arraial,Depois da chegada. E na Dona Zefa.,Dona Zefa,zefa,Aviso de fila trancada,E no dono enquanto a fila espera o que ela pede,O que a serra guarda,,,,,,,"Agora não, meu filho. Acabe primeiro a lida de chegada com o Pedro e volte depois, que aí eu tenho o que lhe pedir.","Not now, dear. Finish settling in with Pedro first and come back afterwards, then I'll have something to ask of you.","Ahora no, hijo. Termina primero la faena de llegada con Pedro y vuelve después, que entonces tengo algo que pedirte.",,115,8.2,Edna · FrCDCQwye0euHmliGxP9 · eleven_v3,,sem áudio,—,,—,completas,3D,,,ok,ok,,,,,pendente,sim,data/missoes_zefa.json › trancada
missao.zefa.zefa_ervas.anuncio,70,2 · Depois da chegada: o arraial,Depois da chegada. E na Dona Zefa.,Dona Zefa,zefa,Anúncio do passo,"Ao anunciar o passo (na vez dele, na fila de falas); o E no dono o repete",O que a serra guarda,1/4 · zefa_ervas,,levar a Dona Zefa: maço de ervas da serra ×5,"10 XP, cocada ×2",mirante,,"Eu tenho um pedido, e é coisa de serra. Alecrim-do-campo, arruda brava, folha de mamona — não nasce aqui embaixo: precisa de ar seco e de sol de manhã, e isso só tem lá em cima, na serra. Sobe pela picada do mirante e procura onde a mata abre, que é na clareira que o sol bate. Na grota da nascente não adianta, que lá é sombra e água, e não se mete no fundo, que lá é do caititu. Cinco maços, e não arranque pela raiz: corte no meio do pé, que o que se arranca não volta e eu vou precisar no ano que vem também. Tem foice? Se não tiver, leve a minha, e vá com calma que eu não vou a lugar nenhum.","I have a favor to ask, and it's a hill errand. Field rosemary, wild rue, castor-bean leaf — they don't grow down here: they need dry air and morning sun, and that's only up there, in the hills. Go up the lookout trail and look for where the woods open, since it's in the clearing that the sun hits. The spring hollow is no use, it's all shade and water there, and don't go into the deep woods, that belongs to the peccaries. Five bunches, and don't pull them up by the root: cut them halfway up the stem, because what's pulled up doesn't come back and I'll need it next year too. Have you got a scythe? If not, take mine, and go easy, I'm not going anywhere.","Tengo un pedido, y es cosa de sierra. Romero del campo, ruda brava, hoja de higuerilla — no nace aquí abajo: necesita aire seco y sol de mañana, y eso solo hay allá arriba, en la sierra. Sube por la senda del mirador y busca donde el monte se abre, que es en el claro donde da el sol. En la hondonada del manantial no sirve, que allá es sombra y agua, y no te metas en lo hondo, que eso es del pecarí. Cinco manojos, y no los arranques de raíz: córtalos a media mata, que lo que se arranca no vuelve y lo voy a necesitar el año que viene también. ¿Tienes hoz? Si no tienes, llévate la mía, y ve con calma, que yo no me voy a ningún lado.",,597,42.6,Edna · FrCDCQwye0euHmliGxP9 · eleven_v3,,sem áudio,—,,—,completas,3D,,,problema,atenção,"""Você lembra do que eu te falei, do chão e da troca?"" — essa conversa é um assunto do 2D (aldeoes.json), que o 3D não mostra; no 3D ela nunca falou de chão nem de troca. E ""Toma a foice"": o jogo só entrega a foice a quem não tem (CadeiaDeMissoes.entregar), e a Dona Candinha e o Damião também ""dão"" uma.","""Eu tenho um pedido, e é coisa de serra. Alecrim-do-campo, arruda brava... Cinco maços... Tem foice? Se não tiver, leve a minha, e vá com calma que eu não vou a lugar nenhum.""",média,,corrigir,sim,data/missoes_zefa.json › passos[0] zefa_ervas › texto
missao.zefa.zefa_ervas.resposta,71,2 · Depois da chegada: o arraial,Depois da chegada. E na Dona Zefa.,Dona Zefa,zefa,Resposta do passo (E),E em Dona Zefa com a carga na mochila,O que a serra guarda,1/4 · zefa_ervas,,levar a Dona Zefa: maço de ervas da serra ×5,"10 XP, cocada ×2",mirante,,"Deixa aqui na mesa. Olha o cheiro — sentiu? Isso é alecrim que pegou sol de manhã. Vinte anos eu subia aquela serra de madrugada e descia antes do sol firmar; agora eu chego na metade da picada e o joelho manda eu voltar. Pronto: agora eu tenho remédio pro inverno inteiro. E eu te devo uma conversa — mas hoje não, hoje eu quero pilar isso enquanto está verde. Fala com o meu neto antes: ele tem uma coisa pra te contar e tá enrolando faz uma semana.","Leave it here on the table. Smell that — did you catch it? That's rosemary that took the morning sun. For twenty years I climbed those hills before dawn and came down before the sun was high; now I get halfway up the trail and my knee tells me to turn back. There: now I have medicine for the whole winter. And I owe you a talk — but not today, today I want to pound this while it's green. Talk to my grandson first: he has something to tell you and he's been stalling for a week.","Déjalo aquí en la mesa. Huele — ¿lo sentiste? Eso es romero que tomó sol de mañana. Veinte años subí esa sierra de madrugada y bajaba antes de que el sol apretara; ahora llego a la mitad de la senda y la rodilla me manda volver. Listo: ahora tengo remedio para el invierno entero. Y te debo una conversación — pero hoy no, hoy quiero machacar esto mientras está verde. Habla con mi nieto antes: tiene algo que contarte y lleva una semana dándole vueltas.",,451,32.2,Edna · FrCDCQwye0euHmliGxP9 · eleven_v3,,sem áudio,—,,—,completas,3D,,,revisar (o texto mudou),revisar (o texto mudou),,,,,pendente,sim,data/missoes_zefa.json › passos[0] zefa_ervas › meta.resposta
missao.zefa.zefa_cosme.anuncio,72,2 · Depois da chegada: o arraial,Depois da chegada. E na Dona Zefa.,Dona Zefa,zefa,Anúncio do passo,"Ao anunciar o passo (na vez dele, na fila de falas); o E no dono o repete",O que a serra guarda,2/4 · zefa_cosme,,falar com Cosme (E),,casa_de_taipa,,Fala com o meu neto antes de mais nada. Ele tem uma coisa pra te contar e tá enrolando faz uma semana.,Talk to my grandson before anything else. He has something to tell you and he's been stalling for a week.,Habla con mi nieto antes que nada. Tiene algo que contarte y lleva una semana dándole vueltas.,,102,7.3,Edna · FrCDCQwye0euHmliGxP9 · eleven_v3,,sem áudio,—,,—,completas,3D,,,ok,ok,,,,,pendente,sim,data/missoes_zefa.json › passos[1] zefa_cosme › texto
missao.zefa.zefa_cosme.resposta,73,2 · Depois da chegada: o arraial,Depois da chegada. E na Dona Zefa.,Cosme,cosme,Resposta do passo (E),E em Cosme,O que a serra guarda,2/4 · zefa_cosme,,falar com Cosme (E),,casa_de_taipa,,"Ela te mandou falar comigo, né. Eu sabia. Tem um primo meu em Salvador que arrumou lugar pra mim numa casa de secos e molhados. Eu tenho vinte e dois anos e nunca vi rua calçada. Mas ela me criou desde os sete, e aquele chão ali não se planta sozinho. Então eu disse que não — faz uma semana que eu disse que não, e faz uma semana que eu não durmo. Não conta pra ela.","She sent you to talk to me, huh. I knew it. I've got a cousin in Salvador who found me a place at a dry-goods store. I'm twenty-two and I've never seen a paved street. But she's raised me since I was seven, and that ground over there doesn't plant itself. So I said no — a week ago I said no, and for a week I haven't slept. Don't tell her.","Ella te mandó a hablar conmigo, ¿no? Lo sabía. Tengo un primo en Salvador que me consiguió un puesto en una tienda de ultramarinos. Tengo veintidós años y nunca vi una calle empedrada. Pero ella me crió desde los siete, y esa tierra de ahí no se siembra sola. Así que dije que no — hace una semana que dije que no, y hace una semana que no duermo. No se lo cuentes.",,367,26.2,Matheus (Energetic) · NQmLEqxcRTkWYIYZSYod · eleven_v3,,sem áudio,—,,—,completas,3D,,,ok,ok,,,,,pendente,sim,data/missoes_zefa.json › passos[1] zefa_cosme › meta.resposta
missao.zefa.zefa_conversa.anuncio,74,2 · Depois da chegada: o arraial,Depois da chegada. E na Dona Zefa.,Dona Zefa,zefa,Anúncio do passo,"Ao anunciar o passo (na vez dele, na fila de falas); o E no dono o repete",O que a serra guarda,3/4 · zefa_conversa,,falar com Dona Zefa (E),"10 XP, beiju ×2",casa_de_taipa,,"Agora volte aqui. A conversa que eu te prometi é esta, e é melhor sentado.","Now come back here. The talk I promised you is this one, and it's better sitting down.","Ahora vuelve aquí. La conversación que te prometí es esta, y es mejor sentado.",,74,5.3,Edna · FrCDCQwye0euHmliGxP9 · eleven_v3,,sem áudio,—,,—,completas,3D,,,ok,ok,,,,,pendente,sim,data/missoes_zefa.json › passos[2] zefa_conversa › texto
missao.zefa.zefa_conversa.resposta,75,2 · Depois da chegada: o arraial,Depois da chegada. E na Dona Zefa.,Dona Zefa,zefa,Resposta do passo (E),E em Dona Zefa,O que a serra guarda,3/4 · zefa_conversa,,falar com Dona Zefa (E),"10 XP, beiju ×2",casa_de_taipa,,"Senta. Eu sei do emprego — sei desde o dia que a carta chegou, porque quem lê carta pra ele nesta casa sou eu. Ele acha que tá me escondendo; deixa ele achar mais um pouco. Eu não vou segurar o menino. Minha mãe segurou o meu irmão e ele morreu aqui mesmo, com sessenta e dois anos, achando que a vida ia começar depois. Eu vou dizer a ele que sei, e que a escolha é dele. No dia catorze o mestre Quirino encosta o saveiro: vá ao píer nesse dia e veja o que o menino escolheu.","Sit. I know about the job — I've known since the day the letter came, because in this house I'm the one who reads his letters to him. He thinks he's hiding it from me; let him think so a little longer. I won't hold the boy back. My mother held my brother back and he died right here, at sixty-two, thinking life would start later. I'll tell him I know, and that the choice is his. On the fourteenth master Quirino brings the saveiro in: go to the pier that day and see what the boy chose.","Siéntate. Sé lo del empleo — lo sé desde el día que llegó la carta, porque en esta casa la que le lee las cartas soy yo. Él cree que me lo está escondiendo; déjalo creerlo un poco más. Yo no voy a retener al muchacho. Mi madre retuvo a mi hermano y él se murió aquí mismo, a los sesenta y dos años, creyendo que la vida iba a empezar después. Le voy a decir que lo sé, y que la decisión es suya. El día catorce el maestre Quirino atraca el saveiro: ve al muelle ese día y mira lo que eligió el muchacho.",,476,34,Edna · FrCDCQwye0euHmliGxP9 · eleven_v3,,sem áudio,—,,—,completas,3D,,,problema,problema,"""Amanhã tem saveiro pra Salvador. Me encontre no píer."" O saveiro só encosta no dia 14 de cada estação (saveiro.json), e o passo seguinte fecha ao chegar ao píer em qualquer dia, sem barco. E o Cosme não sai do vale: nada no código o tira, e ele continua na roça, na capoeira, no capataz do quintal e no mutirão da carroça.","Decisão do autor. (a) O Cosme fica: a conversa o liberta e ele escolhe ficar (""aquele chão ali não se planta sozinho"") — o passo do píer vira mandar a resposta ao primo pelo mestre Quirino, no dia 14. (b) O Cosme vai: o passo pede o píer no dia 14, com o saveiro atracado, e o jogo tira o Cosme do vale e passa as filas dele a outro morador.",alta,,corrigir,sim,data/missoes_zefa.json › passos[2] zefa_conversa › meta.resposta
missao.zefa.zefa_saveiro.anuncio,76,2 · Depois da chegada: o arraial,Depois da chegada. E na Dona Zefa.,Dona Zefa,zefa,Anúncio do passo,"Ao anunciar o passo (na vez dele, na fila de falas); o E no dono o repete",O que a serra guarda,4/4 · zefa_saveiro,"No dia 14, fale com o mestre Quirino no píer",falar com Mestre Quirino (E),"10 XP, cocada ×3, pirão de peixe ×1",pier,,No dia catorze o mestre Quirino encosta o saveiro no píer. Vá lá nesse dia e fale com ele — saveiro não espera ninguém.,On the fourteenth Master Quirino brings the saveiro to the pier. Go there that day and talk to him — a saveiro waits for no one.,El día catorce el maestro Quirino atraca el saveiro en el muelle. Ve allá ese día y habla con él — el saveiro no espera a nadie.,,119,8.5,Edna · FrCDCQwye0euHmliGxP9 · eleven_v3,,sem áudio,—,,—,completas,3D,,,problema,problema,"""Amanhã tem saveiro pra Salvador... saveiro não espera ninguém"" — o passo (visita ao píer) fecha a qualquer dia e hora, com ou sem saveiro. Ver a resposta da conversa.","Conforme a decisão sobre o Cosme: ""No dia catorze o mestre Quirino encosta. Me encontre no píer nesse dia, de manhã."" com o passo valendo só no dia 14, das 7 às 15h.",alta,,corrigir,sim,data/missoes_zefa.json › passos[3] zefa_saveiro › texto
missao.zefa.zefa_saveiro.resposta,77,2 · Depois da chegada: o arraial,Depois da chegada. E na Dona Zefa.,Mestre Quirino,quirino,Resposta do passo (E),E em Mestre Quirino,O que a serra guarda,4/4 · zefa_saveiro,"No dia 14, fale com o mestre Quirino no píer",falar com Mestre Quirino (E),"10 XP, cocada ×3, pirão de peixe ×1",pier,,"O neto da Dona Zefa? Veio cedinho, com a avó do lado. Me deu esta carta pro primo, lá em Salvador, e ficou em terra. Disse que vai um dia, mas no dia dele, e não no de ninguém. A velha voltou pra casa mais leve do que ele. Saveiro eu levo; escolha, cada um carrega a sua.","Dona Zefa's grandson? He came at first light, with his grandmother beside him. He gave me this letter for his cousin, over in Salvador, and stayed ashore. Said he'll go one day, but on his own day, not anyone else's. The old woman went home lighter than he did. A saveiro I can carry; a choice, everyone carries their own.","¿El nieto de doña Zefa? Vino tempranito, con la abuela al lado. Me dio esta carta para el primo, allá en Salvador, y se quedó en tierra. Dijo que va a ir un día, pero en su día, no en el de nadie. La vieja volvió a casa más liviana que él. El saveiro lo llevo yo; la decisión, cada uno carga la suya.",,271,19.4,(sem voz definida),,sem áudio,—,,—,completas,3D,,quem fala não tem voz definida (npcs_3d.json),não revisada,não revisada,,,,,pendente,sim,data/missoes_zefa.json › passos[3] zefa_saveiro › meta.resposta
missao.zefa.arremate,78,2 · Depois da chegada: o arraial,Depois da chegada. E na Dona Zefa.,Dona Zefa,zefa,Nota de fim (não falada),Fica no objetivo do HUD ao fim; a última resposta é a fala,O que a serra guarda,,,,,,,"O Cosme podia ir no saveiro do dia catorze, e ficou: agora é escolha dele. Era só isso que ela queria.","Cosme could have gone on the fourteenth's saveiro, and he stayed: now it's his choice. That's all she wanted.","Cosme podía irse en el saveiro del día catorce, y se quedó: ahora es decisión suya. Era todo lo que ella quería.",,102,7.3,Edna · FrCDCQwye0euHmliGxP9 · eleven_v3,,—,—,,—,completas,3D,,,problema,problema,"""O Cosme foi no saveiro das seis, e foi leve."" — não há saveiro das seis, e o Cosme fica no vale.",Conforme a decisão sobre o Cosme.,alta,,corrigir,"sim (texto do HUD, sem voz)",data/missoes_zefa.json › arremate
missao.candinha.trancada,79,2 · Depois da chegada: o arraial,Depois da chegada. E na Dona Candinha.,Dona Candinha,candinha,Aviso de fila trancada,E no dono enquanto a fila espera o que ela pede,A garapa da praça,,,,,,,"Ainda não é hora, moço. Volte depois de acabar o que o Pedro lhe ensina na chegada, que aí tem garapa pra fazer.","Not yet, young man. Come back once you finish what Pedro is teaching you on arrival, then there's garapa to make.","Todavía no es hora, joven. Vuelve cuando acabes lo que Pedro te enseña al llegar, que entonces hay garapa que hacer.",,112,8,Raquel · CS2gH5fPqUCmkVNpHsy4 · eleven_v3,,sem áudio,—,,—,completas,3D,,,ok,ok,,,,,pendente,sim,data/missoes_candinha.json › trancada
missao.candinha.candinha_cana.anuncio,80,2 · Depois da chegada: o arraial,Depois da chegada. E na Dona Candinha.,Dona Candinha,candinha,Anúncio do passo,"Ao anunciar o passo (na vez dele, na fila de falas); o E no dono o repete",A garapa da praça,1/2 · candinha_cana,Junte cana,juntar: cana-de-açúcar ×6,,praca,,"Ô meu filho, chega aqui. Você planta cana naquele seu pedaço, não planta? Eu vi o verde de longe. Meu fornecedor é o engenho do outro lado da vila, e o homem de lá anda cobrando o que a cana não vale. Corte seis canas da sua — e se não tiver foice, leve a minha, que de mão não se corta cana. Não precisa ser hoje.","Oh, my son, come here. You grow cane on that patch of yours, don't you? I saw the green from afar. My supplier is the sugar mill on the other side of the village, and the man there has been charging more than the cane is worth. Cut six canes of yours — and if you don't have a scythe, take mine, since cane isn't cut by hand. It doesn't have to be today.","Ay, hijo mío, ven acá. Tú siembras caña en ese pedazo tuyo, ¿no? Vi el verde de lejos. Mi proveedor es el ingenio del otro lado del pueblo, y el hombre de allá anda cobrando lo que la caña no vale. Corta seis cañas de las tuyas — y si no tienes hoz, llévate la mía, que la caña no se corta con la mano. No tiene que ser hoy.",,314,22.4,Raquel · CS2gH5fPqUCmkVNpHsy4 · eleven_v3,,sem áudio,—,,—,completas,3D,,,ok,atenção,"""toma a foice, que de mão não se corta cana"" — se o jogador já ganhou a foice da Dona Zefa (ou do Damião), o jogo não dá outra, e a fala promete uma que não vem. (A cana, essa, cresce mesmo no roçado do jogador: cana_rocado_a…f.)","""Corte seis canas da sua — e se não tiver foice, leve a minha, que de mão não se corta cana.""",média,,corrigir,sim,data/missoes_candinha.json › passos[0] candinha_cana › texto
missao.candinha.candinha_garapa.anuncio,81,2 · Depois da chegada: o arraial,Depois da chegada. E na Dona Candinha.,Dona Candinha,candinha,Anúncio do passo,"Ao anunciar o passo (na vez dele, na fila de falas); o E no dono o repete",A garapa da praça,2/2 · candinha_garapa,,levar a Dona Candinha: cana-de-açúcar ×6,"10 XP, garapa ×3",praca,,"Seis. Traga aqui no meio da praça que eu moo na hora, e o que sair é seu e meu, meio a meio.","Six. Bring them here to the middle of the square and I'll press them right away, and what comes out is yours and mine, half and half.","Seis. Tráelas aquí al medio de la plaza que las muelo al momento, y lo que salga es tuyo y mío, mitad y mitad.",,92,6.6,Raquel · CS2gH5fPqUCmkVNpHsy4 · eleven_v3,,sem áudio,—,,—,completas,3D,,,ok,ok,,,,,pendente,sim,data/missoes_candinha.json › passos[1] candinha_garapa › texto
missao.candinha.candinha_garapa.resposta,82,2 · Depois da chegada: o arraial,Depois da chegada. E na Dona Candinha.,Dona Candinha,candinha,Resposta do passo (E),E em Dona Candinha com a carga na mochila,A garapa da praça,2/2 · candinha_garapa,,levar a Dona Candinha: cana-de-açúcar ×6,"10 XP, garapa ×3",praca,,"Olha o caldo. Tá vendo a cor? Cana de terra boa dá essa cor. O engenho vende garapa de cana velha, que fica parada no carro de boi três dias — a sua veio do pé pra minha mão. De agora em diante você bebe de graça aqui. E quando quiser saber quem chegou, quem saiu e quem tá devendo, é só perguntar.","Look at the juice. See the color? Cane from good soil gives that color. The mill sells juice from old cane, which sits on the ox cart for three days — yours came from the stalk to my hand. From now on you drink for free here. And whenever you want to know who arrived, who left and who owes what, just ask.","Mira el caldo. ¿Ves el color? La caña de tierra buena da ese color. El ingenio vende guarapo de caña vieja, que se queda parada en la carreta de bueyes tres días — la tuya vino de la mata a mi mano. De ahora en adelante bebes gratis aquí. Y cuando quieras saber quién llegó, quién se fue y quién anda debiendo, solo pregunta.",,298,21.3,Raquel · CS2gH5fPqUCmkVNpHsy4 · eleven_v3,,sem áudio,—,,—,completas,3D,,,ok,ok,,,,,pendente,sim,data/missoes_candinha.json › passos[1] candinha_garapa › meta.resposta
missao.candinha.arremate,83,2 · Depois da chegada: o arraial,Depois da chegada. E na Dona Candinha.,Dona Candinha,candinha,Nota de fim (não falada),Fica no objetivo do HUD ao fim; a última resposta é a fala,A garapa da praça,,,,,,,"A Dona Candinha mói a sua cana na praça, e o que ela sabe da praça agora você também sabe.","Dona Candinha presses your cane in the square, and what she knows about the square, now you know too.","Doña Candinha muele tu caña en la plaza, y lo que ella sabe de la plaza ahora tú también lo sabes.",,90,6.4,Raquel · CS2gH5fPqUCmkVNpHsy4 · eleven_v3,,—,—,,—,completas,3D,,,ok,ok,,,,,pendente,"sim (texto do HUD, sem voz)",data/missoes_candinha.json › arremate
missao.saveiro.trancada,84,2 · Depois da chegada: o arraial,Depois da chegada. E no Seu Benedito.,Seu Benedito,benedito,Aviso de fila trancada,E no dono enquanto a fila espera o que ela pede,O saveiro da estação,,,,,,,"Agora não, moço. Volte depois de acabar a lida de chegada com o Pedro, que aí lhe conto do saveiro.","Not now, son. Come back after you finish settling in with Pedro, then I'll tell you about the saveiro.","Ahora no, joven. Vuelve cuando acabes la faena de llegada con Pedro, que entonces te cuento del saveiro.",,99,7.1,Manoel Lopes · zoe2cQFqDDW4DteHDEWI · eleven_v3,,sem áudio,—,,—,completas,3D,,,ok,ok,,,,,pendente,sim,data/missoes_saveiro.json › trancada
missao.saveiro.saveiro_conversa.anuncio,85,2 · Depois da chegada: o arraial,Depois da chegada. E no Seu Benedito.,Seu Benedito,benedito,Anúncio do passo,"Ao anunciar o passo (na vez dele, na fila de falas); o E no dono o repete",O saveiro da estação,1/3 · saveiro_conversa,"Vá ao píer, onde o saveiro atraca",visita: chegar ao lugar,,pier,,"Você já viu o saveiro do mestre Quirino? Encosta no píer uma vez por estação, no dia catorze, de manhã até a tarde, e leva pra Salvador o que o arraial produziu no mês: farinha, milho, peixe — e piaçava acima de tudo, que lá vira vassoura, corda de navio e cobertura de casa. Paga melhor que a venda, que a venda revende pra ele. Quarenta e duas safras eu vendo pro saveiro, meu filho. Vai até o píer e olha onde ele atraca; e toma o meu facão velho, que piaçava se tira no fio.","Have you seen Master Quirino's sailboat? It docks at the pier once a season, on the fourteenth, from morning to afternoon, and takes to Salvador what the village produced that month: flour, corn, fish — and piassava above all, which there turns into brooms, ship rope and roof thatch. He pays better than the store, since the store resells to him. Forty-two harvests I've sold to that sailboat, son. Go to the pier and see where it docks; and take my old machete, since piassava is cut with an edge.","¿Ya viste el velero del maestro Quirino? Atraca en el muelle una vez por estación, el día catorce, de la mañana a la tarde, y lleva a Salvador lo que el pueblo produjo en el mes: harina, maíz, pescado — y piasava sobre todo, que allá se vuelve escoba, soga de barco y techo de casa. Paga mejor que la tienda, que la tienda le revende a él. Cuarenta y dos cosechas le vendo a ese velero, hijo. Ve al muelle y mira dónde atraca; y toma mi machete viejo, que la piasava se saca con filo.",,478,34.1,Manoel Lopes · zoe2cQFqDDW4DteHDEWI · eleven_v3,,sem áudio,—,,—,completas,3D,,,ok,ok,,,,,pendente,sim,data/missoes_saveiro.json › passos[0] saveiro_conversa › texto
missao.saveiro.saveiro_piacava.anuncio,86,2 · Depois da chegada: o arraial,Depois da chegada. E no Seu Benedito.,Seu Benedito,benedito,Anúncio do passo,"Ao anunciar o passo (na vez dele, na fila de falas); o E no dono o repete",O saveiro da estação,2/3 · saveiro_piacava,Tire dez feixes de piaçava das palmeiras da restinga,juntar: piaçava ×10,,pier,,"A piaçabeira é a palmeira de folha comprida e fibra pendurada que cresce na restinga, na beira da praia, entre os coqueiros. Com o facão na mão, chega perto e tira a fibra da bainha da folha — dois feixes por palmeira, e sem derrubar: ela dá de novo na estação que vem. Junta dez feixes.","The piassava palm is the one with long leaves and hanging fiber that grows in the restinga, along the beach, among the coconut palms. With the machete in hand, get close and cut the fiber from the leaf sheath — two bundles per palm, and without felling it: it gives again next season. Gather ten bundles.","La palmera de piasava es la de hoja larga y fibra colgante que crece en la restinga, a la orilla de la playa, entre los cocoteros. Con el machete en la mano, acércate y saca la fibra de la vaina de la hoja — dos haces por palmera, y sin talarla: vuelve a dar la estación que viene. Junta diez haces.",,287,20.5,Manoel Lopes · zoe2cQFqDDW4DteHDEWI · eleven_v3,,sem áudio,—,,—,completas,3D,,"(revisto: ""dois feixes por palmeira"" é a taxa (FEIXES_POR_PALMEIRA = 2); o pedido é dez, e o texto diz dez) o texto fala em 2 piacava, e a mecânica pede 10",ok,ok,,,,,pendente,sim,data/missoes_saveiro.json › passos[1] saveiro_piacava › texto
missao.saveiro.saveiro_vender.anuncio,87,2 · Depois da chegada: o arraial,Depois da chegada. E no Seu Benedito.,Seu Benedito,benedito,Anúncio do passo,"Ao anunciar o passo (na vez dele, na fila de falas); o E no dono o repete",O saveiro da estação,3/3 · saveiro_vender,"Leve a piaçava ao mestre Quirino · dia 14, no píer",levar a Mestre Quirino: piaçava ×10,"10 XP, 340 réis",pier,,Agora é esperar o dia catorze. O mestre chega de manhã e larga à tarde — quem perde a hora espera a estação que vem. Leva os dez feixes pra ele no píer.,Now it's a matter of waiting for the fourteenth. The master arrives in the morning and casts off in the afternoon — whoever misses the hour waits for next season. Take the ten bundles to him at the pier.,Ahora hay que esperar el día catorce. El maestro llega de mañana y zarpa por la tarde — quien pierde la hora espera la estación que viene. Llévale los diez haces al muelle.,,152,10.9,Manoel Lopes · zoe2cQFqDDW4DteHDEWI · eleven_v3,,sem áudio,—,,—,completas,3D,,,ok,ok,,,,,pendente,sim,data/missoes_saveiro.json › passos[2] saveiro_vender › texto
missao.saveiro.saveiro_vender.resposta,88,2 · Depois da chegada: o arraial,Depois da chegada. E no Seu Benedito.,Mestre Quirino,quirino,Resposta do passo (E),E em Mestre Quirino com a carga na mochila,O saveiro da estação,3/3 · saveiro_vender,"Leve a piaçava ao mestre Quirino · dia 14, no píer",levar a Mestre Quirino: piaçava ×10,"10 XP, 340 réis",pier,,"Fibra comprida, bem tirada... foi o Benedito que te ensinou, que ele não arranca pela raiz. Trinta e quatro réis o feixe, que a venda te dá catorze. Toda estação eu volto no dia catorze: dez feixes de piaçava eu levo sempre — e o que a sua roça der no mês, também.","Long fiber, well cut... Benedito taught you, since he never pulls it out by the root. Thirty-four réis a bundle, where the store gives you fourteen. Every season I come back on the fourteenth: ten bundles of piassava I always take — and whatever your fields give that month, too.","Fibra larga, bien sacada... te enseñó Benedito, que él no la arranca de raíz. Treinta y cuatro réis el haz, donde la tienda te da catorce. Cada estación vuelvo el día catorce: diez haces de piasava me llevo siempre — y lo que tu roza dé en el mes, también.",,264,18.9,(sem voz definida),,sem áudio,—,,—,completas,3D,,"(revisto: 34 e 14 são preços, e batem: o saveiro paga 34 o feixe, a venda 14 (base 36 × margem 0,4)) quem fala não tem voz definida (npcs_3d.json) | o texto fala em 34 piacava, e a mecânica pede 10 | o texto fala em 14 piacava, e a mecânica pede 10",ok,ok,,,,O mestre Quirino não tem voz definida.,pendente,sim,data/missoes_saveiro.json › passos[2] saveiro_vender › meta.resposta
missao.saveiro.arremate,89,2 · Depois da chegada: o arraial,Depois da chegada. E no Seu Benedito.,Seu Benedito,benedito,Nota de fim (não falada),Fica no objetivo do HUD ao fim; a última resposta é a fala,O saveiro da estação,,,,,,,O saveiro do mestre Quirino encosta no píer no dia 14 de cada estação.,Master Quirino's sailboat docks at the pier on the 14th of every season.,El velero del maestro Quirino atraca en el muelle el día 14 de cada estación.,,70,5,Manoel Lopes · zoe2cQFqDDW4DteHDEWI · eleven_v3,,—,—,,—,completas,3D,,,ok,ok,,,,,pendente,"sim (texto do HUD, sem voz)",data/missoes_saveiro.json › arremate
missao.armas.trancada,90,2 · Depois da chegada: o arraial,Depois da chegada. E no Pedro.,Pedro,pedro,Aviso de fila trancada,E no dono enquanto a fila espera o que ela pede,As armas do mato,,,,,,,"As armas do mato ficam para depois da chegada. Acabe primeiro a lida de hoje comigo, que aí eu lhe mostro o facão.","The bush weapons come after your arrival. Finish today's work with me first, and then I'll show you the machete.","Las armas del monte vienen después de la llegada. Termina primero la faena de hoy conmigo, y entonces te muestro el machete.",,114,8.1,"Weverton - Youthful, Energetic and Clear · YbP0Eq5RE5uOoCEl7F3T · eleven_v3",,sem áudio,—,,—,completas,3D,,,ok,ok,,,,,pendente,sim,data/missoes_armas.json › trancada
missao.armas.armas_facao.anuncio,91,2 · Depois da chegada: o arraial,Depois da chegada. E no Pedro.,Pedro,pedro,Anúncio do passo,"Ao anunciar o passo (na vez dele, na fila de falas); o E no dono o repete",As armas do mato,1/3 · armas_facao,Bata um facão na bancada da oficina,juntar: facão de mato ×1,,oficina,,"Bicho do mato não espera você estar pronto. Machado é pra árvore; pra caititu, é facão. Na bancada da oficina, duas lenhas de cabo e uma pedra de amolar viram um — encosta e aperta E. Se já tiver o seu, melhor ainda.","A wild animal won't wait for you to be ready. An axe is for trees; for a peccary, it's a machete. At the workshop bench, two pieces of firewood for the handle and a whetstone make one — walk up and press E. If you already have your own, even better.","El bicho del monte no espera a que estés listo. El hacha es para el árbol; para el pecarí, el machete. En el banco del taller, dos leñas de mango y una piedra de afilar hacen uno: acércate y pulsa E. Si ya tienes el tuyo, mejor aún.",,216,15.4,"Weverton - Youthful, Energetic and Clear · YbP0Eq5RE5uOoCEl7F3T · eleven_v3",,sem áudio,—,,—,completas,3D,E (Ler / interagir),,ok,ok,,,,,pendente,sim,data/missoes_armas.json › passos[0] armas_facao › texto
missao.armas.armas_bote.anuncio,92,2 · Depois da chegada: o arraial,Depois da chegada. E no Pedro.,Pedro,pedro,Anúncio do passo,"Ao anunciar o passo (na vez dele, na fila de falas); o E no dono o repete",As armas do mato,2/3 · armas_bote,Derrube um caititu na mata,evento: derrubou:caititu,"10 XP, peixe na brasa ×2",pedras,,"Caititu avisa antes de morder: para, baixa a cabeça, e o corpo clareia. É nessa hora que se sai da frente — e depois se bate. Três pancadas de facão derrubam um. Tem bando na mata do dendê e no pé da pedreira.","A peccary warns before it bites: it stops, lowers its head, and its body lightens. That's when you step out of the way — and then you strike. Three blows of the machete bring one down. There's a herd in the palm woods and at the foot of the quarry.","El pecarí avisa antes de morder: se para, baja la cabeza y el cuerpo se le aclara. En ese momento se sale del frente, y después se pega. Tres golpes de machete derriban uno. Hay manada en el monte de las palmeras y al pie de la cantera.",,209,14.9,"Weverton - Youthful, Energetic and Clear · YbP0Eq5RE5uOoCEl7F3T · eleven_v3",,sem áudio,—,,—,completas,3D,,,ok,ok,,,,,pendente,sim,data/missoes_armas.json › passos[1] armas_bote › texto
missao.armas.armas_forte.anuncio,93,2 · Depois da chegada: o arraial,Depois da chegada. E no Pedro.,Pedro,pedro,Anúncio do passo,"Ao anunciar o passo (na vez dele, na fila de falas); o E no dono o repete",As armas do mato,3/3 · armas_forte,Acerte 3 golpes fortes em bicho (segure E e solte),contar: acertou:golpe_forte ×3,"10 XP, pirão de peixe ×2",pedras,,"Pancada ligeira cansa o bicho; a de peso derruba. Segura o E, deixa o braço juntar força e solta em cima dele. Três dessas, e o braço aprendeu.","A quick blow tires the animal; a heavy one brings it down. Hold E, let your arm gather strength and release it on the animal. Three of those, and your arm has learned.","El golpe ligero cansa al bicho; el de peso lo derriba. Mantén la E, deja que el brazo junte fuerza y suelta encima de él. Tres de esos, y el brazo aprendió.",,143,10.2,"Weverton - Youthful, Energetic and Clear · YbP0Eq5RE5uOoCEl7F3T · eleven_v3",,sem áudio,—,,—,completas,3D,E (Ler / interagir),,ok,ok,,,,,pendente,sim,data/missoes_armas.json › passos[2] armas_forte › texto
missao.armas.arremate,94,2 · Depois da chegada: o arraial,Depois da chegada. E no Pedro.,Pedro,pedro,Arremate da missão,"Fechado o último passo, o dono diz (na vez dele)",As armas do mato,,,,,,,"Agora você anda na mata como quem é daqui. Bicho que avisa, a gente respeita; bicho que morde, a gente derruba.","Now you walk the woods like someone from here. An animal that warns, we respect; an animal that bites, we bring down.","Ahora andas por el monte como quien es de aquí. Al bicho que avisa, lo respetamos; al que muerde, lo derribamos.",,111,7.9,"Weverton - Youthful, Energetic and Clear · YbP0Eq5RE5uOoCEl7F3T · eleven_v3",,sem áudio,—,,—,completas,3D,,,ok,ok,,,,,pendente,sim,data/missoes_armas.json › arremate
missao.oficio.trancada,95,2 · Depois da chegada: o arraial,Depois da chegada. E no Pedro.,Pedro,pedro,Aviso de fila trancada,E no dono enquanto a fila espera o que ela pede,O ofício de quem fica,,,,,,,"O ofício de quem fica vem depois da chegada. Acabe primeiro a lida de hoje comigo, que aí eu lhe ensino a pesca.","The trade of those who stay comes after your arrival. Finish today's work with me first, and then I'll teach you fishing.","El oficio de quien se queda viene después de la llegada. Termina primero la faena de hoy conmigo, y entonces te enseño la pesca.",,112,8,"Weverton - Youthful, Energetic and Clear · YbP0Eq5RE5uOoCEl7F3T · eleven_v3",,sem áudio,—,,—,completas,3D,,,ok,ok,,,,,pendente,sim,data/missoes_oficio.json › trancada
missao.oficio.pesca.anuncio,96,2 · Depois da chegada: o arraial,Depois da chegada. E no Pedro.,Pedro,pedro,Anúncio do passo,"Ao anunciar o passo (na vez dele, na fila de falas); o E no dono o repete",O ofício de quem fica,1/2 · pesca,"Pesque 2 peixes (E lança, E de novo ferra)",contar: pescou ×2,"10 XP, cocada ×1",pier,,"Essa vara era do meu pai; com você ela pesca mais do que comigo. Água na frente — o píer, a praia, a beira do rio —, e o E lança a linha. Quando a bóia afunda e acende, E de novo, ligeiro, que peixe não espera. No mar sai robalo; no rio, traíra.","This rod was my father's; with you it'll catch more than it does with me. Water in front of you — the pier, the beach, the riverbank — and E casts the line. When the float sinks and lights up, E again, quick, because fish don't wait. In the sea you get snook; in the river, trahira.","Esta caña era de mi padre; contigo pesca más que conmigo. Agua delante —el muelle, la playa, la orilla del río—, y la E lanza el sedal. Cuando la boya se hunde y se enciende, E otra vez, rápido, que el pez no espera. En el mar sale róbalo; en el río, traíra.",,245,17.5,"Weverton - Youthful, Energetic and Clear · YbP0Eq5RE5uOoCEl7F3T · eleven_v3",,sem áudio,—,,—,completas,3D,E (Ler / interagir),,ok,ok,,,,,pendente,sim,data/missoes_oficio.json › passos[0] pesca › texto
missao.oficio.talentos.anuncio,97,2 · Depois da chegada: o arraial,Depois da chegada. E no Pedro.,Pedro,pedro,Anúncio do passo,"Ao anunciar o passo (na vez dele, na fila de falas); o E no dono o repete",O ofício de quem fica,2/2 · talentos,Destrave um talento na teia (K),evento: destravou_talento,,pier,,"Quem trabalha aprende, e o corpo guarda. Cada tanto de lida vira um ponto, e o ponto se gasta na teia — o K abre. Escolhe um caminho: o braço do machado, a mão da pedra, a lida da roça. Olhar não basta: tem que destravar um.","Whoever works learns, and the body keeps it. Every so much toil becomes a point, and the point is spent in the web — K opens it. Pick a path: the axe arm, the stone hand, the field work. Looking isn't enough: you have to unlock one.","Quien trabaja aprende, y el cuerpo lo guarda. Cada tanto de faena se vuelve un punto, y el punto se gasta en la red: la K la abre. Elige un camino: el brazo del hacha, la mano de la piedra, la faena del sembrado. Mirar no basta: hay que desbloquear uno.",,224,16,"Weverton - Youthful, Energetic and Clear · YbP0Eq5RE5uOoCEl7F3T · eleven_v3",,sem áudio,—,,—,completas,3D,K (Árvore de habilidades),,ok,ok,,,,,pendente,sim,data/missoes_oficio.json › passos[1] talentos › texto
missao.oficio.arremate,98,2 · Depois da chegada: o arraial,Depois da chegada. E no Pedro.,Pedro,pedro,Arremate da missão,"Fechado o último passo, o dono diz (na vez dele)",O ofício de quem fica,,,,,,,"Vara na mão e um caminho na teia: já tem ofício. O resto o vale ensina, um dia de cada vez.","A rod in your hand and a path in the web: now you have a trade. The rest the valley teaches, one day at a time.","Caña en la mano y un camino en la red: ya tienes oficio. Lo demás lo enseña el valle, un día a la vez.",,91,6.5,"Weverton - Youthful, Energetic and Clear · YbP0Eq5RE5uOoCEl7F3T · eleven_v3",,sem áudio,—,,—,completas,3D,,,ok,ok,,,,,pendente,sim,data/missoes_oficio.json › arremate
missao.coveiro.trancada,99,2 · Depois da chegada: o arraial,Depois da chegada e do machado do avô (passo 'buscar_machado' da ponte). E no Damião.,Damião,damiao,Aviso de fila trancada,E no dono enquanto a fila espera o que ela pede,O cemitério esquecido,,,,,,,"Ainda não posso lhe pedir nada. Volte depois que o Pedro terminar de lhe ensinar e lhe entregar o machado, na casa dele.",I can't ask anything of you yet. Come back after Pedro finishes teaching you and hands you the axe at his house.,"Todavía no puedo pedirte nada. Vuelve cuando Pedro termine de enseñarte y te entregue el hacha, en su casa.",,120,8.6,Matheus (Clear) · oArP4WehPe3qjqvCwHNo · eleven_v3,,sem áudio,—,,—,completas,3D,,,ok,ok,,,,,pendente,sim,data/missoes_coveiro.json › trancada
missao.coveiro.coveiro_ver.anuncio,100,2 · Depois da chegada: o arraial,Depois da chegada e do machado do avô (passo 'buscar_machado' da ponte). E no Damião.,Damião,damiao,Anúncio do passo,"Ao anunciar o passo (na vez dele, na fila de falas); o E no dono o repete",O cemitério esquecido,1/6 · coveiro_ver,Vá até o cemitério,visita: chegar ao lugar,,cemiterio,,"O senhor subiu. Pouca gente sobe. Olha em volta: capim de dois anos por cima de gente que teve nome. Eu arranco uns três pés por manhã, e o capim faz trinta na mesma manhã. Não é falta de vontade, moço. É falta de ferro.","You came up. Few people come up. Look around: two years of grass over people who had names. I pull about three tufts a morning, and the grass puts out thirty in the same morning. It isn't lack of will, mister. It's lack of iron.","Usted subió. Poca gente sube. Mire alrededor: maleza de dos años encima de gente que tuvo nombre. Yo arranco unas tres matas por mañana, y la maleza echa treinta en la misma mañana. No es falta de ganas, joven. Es falta de hierro.",,220,15.7,Matheus (Clear) · oArP4WehPe3qjqvCwHNo · eleven_v3,,sem áudio,—,,—,completas,3D,,,ok,ok,,,,,pendente,sim,data/missoes_coveiro.json › passos[0] coveiro_ver › texto
missao.coveiro.coveiro_cabo.anuncio,101,2 · Depois da chegada: o arraial,Depois da chegada e do machado do avô (passo 'buscar_machado' da ponte). E no Damião.,Damião,damiao,Anúncio do passo,"Ao anunciar o passo (na vez dele, na fila de falas); o E no dono o repete",O cemitério esquecido,2/6 · coveiro_cabo,Junte lenha para o cabo da foice,juntar: lenha ×2,,cemiterio,,"Eu tenho a lâmina da foice do meu sogro, enferrujada mas inteira. O que eu não tenho é cabo. Me traga duas achas de madeira boa — cabo de foice racha se for de pau mole, e racha sempre na hora errada. Põe o machado na mão, que de mão vazia não sai acha.","I have the blade of my father-in-law's scythe, rusty but whole. What I don't have is a handle. Bring me two pieces of good wood — a scythe handle splits if it's soft wood, and it always splits at the wrong moment. Put the axe in your hand: an empty hand cuts no wood.","Tengo la hoja de la hoz de mi suegro, oxidada pero entera. Lo que no tengo es mango. Tráigame dos rajas de madera buena — el mango de hoz se raja si es de palo blando, y se raja siempre en el peor momento. Póngase el hacha en la mano, que con la mano vacía no sale raja.",,253,18.1,Matheus (Clear) · oArP4WehPe3qjqvCwHNo · eleven_v3,,sem áudio,—,,—,completas,3D,,,ok,ok,,,,,pendente,sim,data/missoes_coveiro.json › passos[1] coveiro_cabo › texto
missao.coveiro.coveiro_limpar.anuncio,102,2 · Depois da chegada: o arraial,Depois da chegada e do machado do avô (passo 'buscar_machado' da ponte). E no Damião.,Damião,damiao,Anúncio do passo,"Ao anunciar o passo (na vez dele, na fila de falas); o E no dono o repete",O cemitério esquecido,3/6 · coveiro_limpar,Corte o capim com a foice,derrubar: capim ×8,"10 XP, 800 réis",cemiterio,,"Pronto. Essa é a minha, e essa aqui é a sua, se você ainda não tem foice — duas achas dão dois cabos, e eu não ia fazer uma só e ficar com ela. Agora desce comigo aquele capim. Corta rente: capim cortado pela metade volta em três semanas, e volta mais forte.","There. This one's mine, and this one here is yours, if you don't have a scythe yet — two pieces of wood make two handles, and I wasn't going to make just one and keep it. Now come cut that grass down with me. Cut it close: grass cut halfway comes back in three weeks, and comes back stronger.","Listo. Esta es la mía, y esta aquí es la suya, si todavía no tiene hoz — dos rajas dan dos mangos, y yo no iba a hacer uno solo y quedármelo. Ahora baje conmigo esa maleza. Corte al ras: la maleza cortada por la mitad vuelve en tres semanas, y vuelve más fuerte.",,258,18.4,Matheus (Clear) · oArP4WehPe3qjqvCwHNo · eleven_v3,,sem áudio,—,,—,completas,3D,,,ok,atenção,"""essa aqui é a sua"" — se o jogador já tem foice (da Zefa ou da Candinha), o jogo não dá outra.","Pode ficar: o Damião fez dois cabos. Se a foice não vier, trocar por ""essa aqui é a sua — foice nunca é demais em cemitério"" só quando o jogador ainda não tem uma.",baixa,,corrigir,sim,data/missoes_coveiro.json › passos[2] coveiro_limpar › texto
missao.coveiro.coveiro_mato.anuncio,103,2 · Depois da chegada: o arraial,Depois da chegada e do machado do avô (passo 'buscar_machado' da ponte). E no Damião.,Damião,damiao,Anúncio do passo,"Ao anunciar o passo (na vez dele, na fila de falas); o E no dono o repete",O cemitério esquecido,4/6 · coveiro_mato,Derrube as embaúbas novas e corte os troncos caídos,derrubar: mato_do_cemiterio ×7,,cemiterio,,"Agora dá pra ver o resto do estrago. Capim é o de menos: olha aquelas embaúbas nascendo no meio das covas — embaúba pega em qualquer fresta, e raiz de embaúba levanta laje. E os troncos que a trovoada de janeiro derrubou por cima dos mortos. Machado o senhor tem. Dizem que lenha de cemitério ninguém queima em casa; pra serviço de cemitério, serve.","Now you can see the rest of the damage. The grass is the least of it: look at those embaúbas sprouting between the graves — an embaúba takes hold in any crack, and an embaúba root lifts a slab. And the trunks the January storm brought down over the dead. You've got the axe. They say nobody burns cemetery wood at home; for cemetery work, it'll do.","Ahora se ve el resto del destrozo. La maleza es lo de menos: mire esas embaúbas brotando entre las tumbas — la embaúba prende en cualquier grieta, y raíz de embaúba levanta lápida. Y los troncos que la tormenta de enero tumbó encima de los muertos. Hacha usted tiene. Dicen que leña de cementerio nadie la quema en casa; para trabajo de cementerio, sirve.",,349,24.9,Matheus (Clear) · oArP4WehPe3qjqvCwHNo · eleven_v3,,sem áudio,—,,—,completas,3D,,,ok,ok,,,,,pendente,sim,data/missoes_coveiro.json › passos[3] coveiro_mato › texto
missao.coveiro.coveiro_reparo.anuncio,104,2 · Depois da chegada: o arraial,Depois da chegada e do machado do avô (passo 'buscar_machado' da ponte). E no Damião.,Damião,damiao,Anúncio do passo,"Ao anunciar o passo (na vez dele, na fila de falas); o E no dono o repete",O cemitério esquecido,5/6 · coveiro_reparo,Leve tábuas e pedras ao Damião,"levar a Damião: pedra ×4, tábua serrada ×2",,cemiterio,,"Dá pra ler os nomes. Faz dois anos que não dava pra ler os nomes. Mas olha aquelas três lajes: a raiz levantou, e laje torta é cova aberta pra bicho. Preciso de quatro pedras pro calço e de duas tábuas, pras cruzes que apodreceram. Pedra solta tem aí pelo outeiro, é só catar; tábua sai da oficina, da lenha que o senhor tirou daqui.","You can read the names. Two years now you couldn't read the names. But look at those three slabs: the roots lifted them, and a crooked slab is an open grave for any critter. I need four stones to wedge them and two boards for the crosses that rotted. There are loose stones all over the hill, just pick them up; boards come from the workshop, out of the wood you cleared from here.","Se pueden leer los nombres. Hace dos años que no se podían leer los nombres. Pero mire esas tres lápidas: la raíz las levantó, y lápida torcida es tumba abierta para cualquier bicho. Necesito cuatro piedras para calzarlas y dos tablas para las cruces que se pudrieron. Piedra suelta hay por todo el cerro, es solo recogerla; la tabla sale del taller, de la leña que usted sacó de aquí.",,333,23.8,Matheus (Clear) · oArP4WehPe3qjqvCwHNo · eleven_v3,,sem áudio,—,,—,completas,3D,,,ok,ok,,,,,pendente,sim,data/missoes_coveiro.json › passos[4] coveiro_reparo › texto
missao.coveiro.coveiro_reparo.resposta,105,2 · Depois da chegada: o arraial,Depois da chegada e do machado do avô (passo 'buscar_machado' da ponte). E no Damião.,Damião,damiao,Resposta do passo (E),E em Damião com a carga na mochila,O cemitério esquecido,5/6 · coveiro_reparo,Leve tábuas e pedras ao Damião,"levar a Damião: pedra ×4, tábua serrada ×2",,cemiterio,,"Isso. Pedra no pé da laje, bem socada, e cruz nova onde a velha caiu. Pronto — agora nenhuma cova olha torto pra gente.","That's it. Stone under the foot of the slab, tamped down tight, and a new cross where the old one fell. There — now no grave looks at us crooked.","Eso. Piedra al pie de la lápida, bien apisonada, y cruz nueva donde se cayó la vieja. Listo — ahora ninguna tumba nos mira torcida.",,119,8.5,Matheus (Clear) · oArP4WehPe3qjqvCwHNo · eleven_v3,,sem áudio,—,,—,completas,3D,,,ok,ok,,,,,pendente,sim,data/missoes_coveiro.json › passos[4] coveiro_reparo › meta.resposta
missao.coveiro.coveiro_cercado.anuncio,106,2 · Depois da chegada: o arraial,Depois da chegada e do machado do avô (passo 'buscar_machado' da ponte). E no Damião.,Damião,damiao,Anúncio do passo,"Ao anunciar o passo (na vez dele, na fila de falas); o E no dono o repete",O cemitério esquecido,6/6 · coveiro_cercado,"Cerque o cemitério: [E] ou [J] › Obras, no cemitério","obra 'cemiterio_cercado' em cemiterio (custo lenha ×6, corda de piaçava ×2)","10 XP, 1000 réis",cemiterio,,"Falta uma coisa, e é a que segura as outras. Cabrito pasta em cima de cova, e porco fuça — porco solto já fuçou duas. Um cercado de pau roliço em volta, amarrado de corda, com a entrada do lado da rua: seis lenhas e duas cordas. E corda também é lenha, três por corda — junte doze lenhas, que seis viram corda na oficina. A obra se toca aqui mesmo no cemitério: o E, ou o J na aba de obras.","One thing left, and it's the one that holds the rest together. Goats graze on top of the graves, and pigs root — a loose pig has rooted up two already. A fence of round poles all around, lashed with rope, with the way in on the road side: six pieces of firewood and two ropes. And rope is firewood too, three per rope — gather twelve pieces, since six turn into rope at the workshop. The work is done right here at the cemetery: E, or J on the works tab.","Falta una cosa, y es la que sostiene las demás. Las cabras pastan encima de las tumbas, y el cerdo hoza — un cerdo suelto ya hozó dos. Una cerca de palos redondos alrededor, atada con cuerda, con la entrada del lado de la calle: seis leñas y dos cuerdas. Y la cuerda también es leña, tres por cuerda — junte doce leñas, que seis se vuelven cuerda en el taller. La obra se hace aquí mismo en el cementerio: la E, o la J en la pestaña de obras.",,390,27.9,Matheus (Clear) · oArP4WehPe3qjqvCwHNo · eleven_v3,,sem áudio,—,,—,completas,3D,"E (Ler / interagir), J (Painel)","o texto fala em 3 corda, e a mecânica pede 2 | o texto fala em 12 lenha, e a mecânica pede 6 | o texto fala em 6 corda, e a mecânica pede 2",ok,problema,"""Pau o senhor tem; corda sai da oficina."" A obra pede 6 lenhas e 2 cordas, e cada corda gasta 3 lenhas: são 12 lenhas ao todo. Quem junta as 6 e depois torce as 2 cordas com elas fica sem lenha para a obra — a queixa do playtest de 08/10. (O HUD agora conta o material da mochila.)","""Um cercado de pau roliço em volta, amarrado de corda: seis paus e duas cordas. E corda também é lenha, três por corda — junte doze, que seis viram corda na oficina. A obra se toca aqui mesmo no cemitério: o E, ou o J na aba de obras.""",alta,,corrigir,sim,data/missoes_coveiro.json › passos[5] coveiro_cercado › texto
missao.coveiro.arremate,107,2 · Depois da chegada: o arraial,Depois da chegada e do machado do avô (passo 'buscar_machado' da ponte). E no Damião.,Damião,damiao,Arremate da missão,"Fechado o último passo, o dono diz (na vez dele)",O cemitério esquecido,,,,,,,"Cercado, limpo e com as lajes no prumo. O senhor fez em dias o que eu não ia fazer nunca. A Santa Casa mandou esses réis, que cemitério cercado é obrigação dela, e quem fez foi o senhor. E daqui pra frente o mato é comigo — foice na mão e cercado de pé, é comigo.","Fenced, clean, and the slabs standing true. You did in days what I was never going to do. The Santa Casa sent these coins — a fenced cemetery is its duty, and you're the one who did it. And from here on the scrub is mine — scythe in hand and the fence standing, it's mine.","Cercado, limpio y con las lápidas a plomo. Usted hizo en días lo que yo no iba a hacer nunca. La Santa Casa mandó estos reales, que cementerio cercado es obligación de ella, y quien lo hizo fue usted. Y de aquí en adelante el monte es cosa mía — hoz en mano y la cerca en pie, es cosa mía.",,263,18.8,Matheus (Clear) · oArP4WehPe3qjqvCwHNo · eleven_v3,,sem áudio,—,,—,completas,3D,,,problema,ok,"""A irmandade do Bom Jesus mandou esses réis, que cemitério cercado é obrigação dela"" — o Padre Anselmo (""O cemitério é da Santa Casa"") e o Pedro na lombada (""a Santa Casa... é a irmandade que cuida do cemitério"") dizem outra irmandade.","""A Santa Casa mandou esses réis, que cemitério cercado é obrigação dela, e quem fez foi o senhor.""",média,,corrigir,sim,data/missoes_coveiro.json › arremate
missao.tonho.trancada,108,2 · Depois da chegada: o arraial,Depois da chegada e do machado do avô (passo 'buscar_machado' da ponte). E no Tonho.,Tonho,tonho,Aviso de fila trancada,E no dono enquanto a fila espera o que ela pede,A dívida do Tonho,,,,,,,"Agora não, moço. Volte depois que o Pedro lhe ensinar o serviço e lhe der o machado, que a rede é de madeira.","Not now, son. Come back after Pedro has taught you the work and given you the axe, because the net needs wood.","Ahora no, joven. Vuelve cuando Pedro te haya enseñado el oficio y te dé el hacha, que la red es de madera.",,109,7.8,Matheus Santos · xWdpADtEio43ew1zGxUQ · eleven_v3,,sem áudio,—,,—,completas,3D,,,ok,ok,,,,,pendente,sim,data/missoes_tonho.json › trancada
missao.tonho.pescador_ver.anuncio,109,2 · Depois da chegada: o arraial,Depois da chegada e do machado do avô (passo 'buscar_machado' da ponte). E no Tonho.,Tonho,tonho,Anúncio do passo,"Ao anunciar o passo (na vez dele, na fila de falas); o E no dono o repete",A dívida do Tonho,1/5 · pescador_ver,Vá ao píer ler a maré com o Tonho,visita: chegar ao lugar,"10 XP, pirão de peixe ×1",pier,,"Senta aí. Olha a água e não fala nada por um minuto. Viu? Ali na curva ela corre mais escura — é fundo, e peixe grande dorme no fundo de dia. Quando a maré está enchendo o peixe entra com ela; quando está vazando, ele encosta na pedra e espera. Meu pai me ensinou a ler maré aos nove: é a única herança que não deu pra penhorar.","Sit down there. Look at the water and don't say anything for a minute. See? There at the bend it runs darker — it's deep, and big fish sleep in the deep by day. When the tide is rising the fish come in with it; when it's ebbing, they lean against the rock and wait. My father taught me to read the tide at nine: it's the only inheritance that couldn't be pawned.","Siéntate ahí. Mira el agua y no digas nada por un minuto. ¿Ves? Ahí en la curva corre más oscura — es hondo, y el pez grande duerme en el fondo de día. Cuando la marea está subiendo el pez entra con ella; cuando está bajando, se arrima a la piedra y espera. Mi padre me enseñó a leer la marea a los nueve: es la única herencia que no se pudo empeñar.",,328,23.4,Matheus Santos · xWdpADtEio43ew1zGxUQ · eleven_v3,,sem áudio,—,,—,completas,3D,,,ok,ok,,,,,pendente,sim,data/missoes_tonho.json › passos[0] pescador_ver › texto
missao.tonho.pescador_rede.anuncio,110,2 · Depois da chegada: o arraial,Depois da chegada e do machado do avô (passo 'buscar_machado' da ponte). E no Tonho.,Tonho,tonho,Anúncio do passo,"Ao anunciar o passo (na vez dele, na fila de falas); o E no dono o repete",A dívida do Tonho,2/5 · pescador_rede,,"levar a Tonho: corda de piaçava ×5, tábua serrada ×3","10 XP, pirão de peixe ×2, cocada ×1",rocado,,"Agora eu vou te pedir uma coisa, e não é peixe — peixe eu pego. Minha rede ficou do outro lado do rio numa noite de março, e desde então eu pesco de linha, um por um: dá pra comer, não dá pra pagar o armazém. Rede não se compra aqui, se faz. Você tem a bancada na beira do roçado: torce cinco cordas lá e traz. Traz três tábuas também, que a bancada onde eu amarrava apodreceu.","Now I'm going to ask you for something, and it isn't fish — fish I catch. My net stayed on the other side of the river one night in March, and since then I've fished with a line, one by one: enough to eat, not enough to pay the store. A net isn't bought here, it's made. You've got the workbench at the edge of the field: twist five ropes there and bring them. Bring three planks too, since the bench where I used to tie it rotted.","Ahora te voy a pedir una cosa, y no es pescado — pescado lo pesco yo. Mi red se quedó del otro lado del río una noche de marzo, y desde entonces pesco con sedal, uno por uno: da para comer, no da para pagar el almacén. Red no se compra aquí, se hace. Tienes el banco a la orilla del sembrado: tuerce cinco cuerdas allí y tráelas. Trae también tres tablas, que el banco donde yo la ataba se pudrió.",,377,26.9,Matheus Santos · xWdpADtEio43ew1zGxUQ · eleven_v3,,sem áudio,—,,—,completas,3D,,,ok,ok,,,,,pendente,sim,data/missoes_tonho.json › passos[1] pescador_rede › texto
missao.tonho.pescador_rede.resposta,111,2 · Depois da chegada: o arraial,Depois da chegada e do machado do avô (passo 'buscar_machado' da ponte). E no Tonho.,Tonho,tonho,Resposta do passo (E),E em Tonho com a carga na mochila,A dívida do Tonho,2/5 · pescador_rede,,"levar a Tonho: corda de piaçava ×5, tábua serrada ×3","10 XP, pirão de peixe ×2, cocada ×1",rocado,,"Pronto. Deixa aí no chão mesmo. Olha — eu ia dizer obrigado e ficar quieto, que é o meu jeito, mas você merece a conta certa: com rede eu tiro em uma manhã o que a linha me dá em cinco, e isso paga o armazém antes do inverno. Agora vai, que eu tenho malha pra amarrar e o joelho não espera.","There. Just leave it on the ground. Look — I was going to say thanks and keep quiet, that's my way, but you deserve the right sum: with a net I pull in one morning what the line gives me in five, and that pays the store before winter. Now go, I've got mesh to tie and my knee won't wait.","Listo. Déjalo ahí en el suelo nomás. Mira — iba a decir gracias y quedarme callado, que es mi manera, pero tú mereces la cuenta exacta: con red saco en una mañana lo que el sedal me da en cinco, y eso paga el almacén antes del invierno. Ahora vete, que tengo malla que atar y la rodilla no espera.",,290,20.7,Matheus Santos · xWdpADtEio43ew1zGxUQ · eleven_v3,,sem áudio,—,,—,completas,3D,,,ok,ok,,,,,pendente,sim,data/missoes_tonho.json › passos[1] pescador_rede › meta.resposta
missao.tonho.tonho_divida.anuncio,112,2 · Depois da chegada: o arraial,Depois da chegada e do machado do avô (passo 'buscar_machado' da ponte). E no Tonho.,Tonho,tonho,Anúncio do passo,"Ao anunciar o passo (na vez dele, na fila de falas); o E no dono o repete",A dívida do Tonho,3/5 · tonho_divida,Ouça o Tonho no píer,visita: chegar ao lugar,"10 XP, peixe na brasa ×2",pier,,"Uma coisa, antes de você ir — e eu falo porque você merece ouvir de mim, não do armazém. Mil e novecentos. É o que eu devo lá, e eu sei de cabeça: acordo sabendo. Com a rede eu pago. Vai levar umas semanas, mas pago, e eu prefiro assim.","One thing, before you go — and I'm telling you because you deserve to hear it from me, not from the store. One thousand nine hundred. That's what I owe there, and I know it by heart: I wake up knowing it. With the net I'll pay. It'll take a few weeks, but I'll pay, and I'd rather it that way.","Una cosa, antes de que te vayas — y te lo digo porque mereces oírlo de mí, no del almacén. Mil novecientos. Es lo que debo allá, y lo sé de memoria: me despierto sabiéndolo. Con la red pago. Va a llevar unas semanas, pero pago, y prefiero que sea así.",,236,16.9,Matheus Santos · xWdpADtEio43ew1zGxUQ · eleven_v3,,sem áudio,—,,—,completas,3D,,,ok,ok,,,,,pendente,sim,data/missoes_tonho.json › passos[2] tonho_divida › texto
missao.tonho.tonho_livro.anuncio,113,2 · Depois da chegada: o arraial,Depois da chegada e do machado do avô (passo 'buscar_machado' da ponte). E no Tonho.,Tonho,tonho,Anúncio do passo,"Ao anunciar o passo (na vez dele, na fila de falas); o E no dono o repete",A dívida do Tonho,4/5 · tonho_livro,Pague a conta do Tonho ao Seu Nicolau,levar a Seu Nicolau: reis ×1900,,venda,,"Se você quiser apressar, a conta fica no livro do Seu Nicolau, e ele aceita réis de qualquer mão. Não precisa me pedir licença. Mil e novecentos, e o nome sai da página.","If you want to hurry it up, the account is in Seu Nicolau's book, and he takes réis from any hand. You don't need my permission. One thousand nine hundred, and the name comes off the page.","Si quieres apurarlo, la cuenta está en el libro del señor Nicolau, y él acepta réis de cualquier mano. No necesitas pedirme permiso. Mil novecientos, y el nombre sale de la página.",,169,12.1,Matheus Santos · xWdpADtEio43ew1zGxUQ · eleven_v3,,sem áudio,—,,—,completas,3D,,,atenção,problema,"""o livro de fiado fica no baú do armazém e aceita o dinheiro de qualquer um"" — o 3D não tem livro de fiado nem pagamento: o passo é só chegar à venda, e o seguinte diz que a dívida zerou. Os 1.900 réis somem sem ninguém pagar.","(a) Dar ao passo um pagamento de verdade: levar 1.900 réis ao Seu Nicolau (meta levar, com os réis), ou (b) tirar a promessa: ""A rede paga. Volte daqui a uns dias, que eu te conto."" com um passo de espera (dormir algumas noites).",alta,,corrigir,sim,data/missoes_tonho.json › passos[3] tonho_livro › texto
missao.tonho.tonho_livro.resposta,114,2 · Depois da chegada: o arraial,Depois da chegada e do machado do avô (passo 'buscar_machado' da ponte). E no Tonho.,Seu Nicolau,mercador,Resposta do passo (E),E em Seu Nicolau com a carga na mochila,A dívida do Tonho,4/5 · tonho_livro,Pague a conta do Tonho ao Seu Nicolau,levar a Seu Nicolau: reis ×1900,,venda,,"Mil e novecentos, contados. Risco o nome do Tonho — dois anos naquela linha, e agora a página fica limpa. Não pergunto por que você pagou: aqui ninguém paga a conta de ninguém sem razão.","One thousand nine hundred, counted. I cross out Tonho's name — two years on that line, and now the page is clean. I won't ask why you paid: around here nobody pays somebody else's account without a reason.","Mil novecientos, contados. Tacho el nombre de Tonho — dos años en esa línea, y ahora la página queda limpia. No pregunto por qué pagaste: aquí nadie paga la cuenta de nadie sin una razón.",,186,13.3,Chris · iP95p4xoKVk53GoZ742B · eleven_v3,,sem áudio,—,,—,completas,3D,,,não revisada,não revisada,,,,,pendente,sim,data/missoes_tonho.json › passos[3] tonho_livro › meta.resposta
missao.tonho.tonho_terra.anuncio,115,2 · Depois da chegada: o arraial,Depois da chegada e do machado do avô (passo 'buscar_machado' da ponte). E no Tonho.,Tonho,tonho,Anúncio do passo,"Ao anunciar o passo (na vez dele, na fila de falas); o E no dono o repete",A dívida do Tonho,5/5 · tonho_terra,,falar com Tonho (E),"10 XP, robalo ×1, pirão de peixe ×2, cocada ×2",venda,,"Zerou. O Seu Nicolau virou o livro pra eu ver — dois anos naquela página, e agora é só papel velho. Eu sei que foi você. Volte ao pontal, que eu quero te entregar uma coisa na mão.","It's cleared. Seu Nicolau turned the book around for me to see — two years on that page, and now it's just old paper. I know it was you. Come back to the point, I want to put something in your hand.","Quedó en cero. El señor Nicolau me dio vuelta el libro para que lo viera — dos años en esa página, y ahora es solo papel viejo. Sé que fuiste tú. Vuelve a la punta, que quiero entregarte algo en la mano.",,180,12.9,Matheus Santos · xWdpADtEio43ew1zGxUQ · eleven_v3,,sem áudio,—,,—,completas,3D,,,atenção,problema,"""Zerou. Eu passei lá e o homem virou o livro"" — ver o passo do livro: nada pagou a dívida. E ""o homem"": o dono da venda é o Seu Nicolau.","Conforme o passo do livro; e ""o Seu Nicolau virou o livro pra eu ver"".",média,,corrigir,sim,data/missoes_tonho.json › passos[4] tonho_terra › texto
missao.tonho.tonho_terra.resposta,116,2 · Depois da chegada: o arraial,Depois da chegada e do machado do avô (passo 'buscar_machado' da ponte). E no Tonho.,Tonho,tonho,Resposta do passo (E),E em Tonho,A dívida do Tonho,5/5 · tonho_terra,,falar com Tonho (E),"10 XP, robalo ×1, pirão de peixe ×2, cocada ×2",venda,,"Senta aqui um minuto. Hoje de manhã a rede nova saiu pela primeira vez, e o primeiro peixe dela é seu: aqui o primeiro lanço é de quem fez a rede, e quem torceu aquelas cordas foi você. Não é gratidão, e eu não quero que você entenda como gratidão: é que eu disse que pagava, e quem pagou foi você. Isso eu te devolvo em peixe, uma maré de cada vez. Minha mãe ainda senta na porta olhando a curva da estrada — mas agora, quando ela pergunta como estão as contas, eu respondo sem mudar de assunto.","Sit here a minute. This morning the new net went out for the first time, and its first fish is yours: here the first cast belongs to whoever made the net, and the one who twisted those ropes was you. It isn't gratitude, and I don't want you to take it as gratitude: it's that I said I'd pay, and the one who paid was you. That I'll give back to you in fish, one tide at a time. My mother still sits at the door watching the bend in the road — but now, when she asks how the accounts are, I answer without changing the subject.","Siéntate aquí un minuto. Esta mañana la red nueva salió por primera vez, y su primer pescado es tuyo: aquí el primer lance es de quien hizo la red, y quien torció esas cuerdas fuiste tú. No es gratitud, y no quiero que lo entiendas como gratitud: es que yo dije que pagaba, y quien pagó fuiste tú. Eso te lo devuelvo en pescado, una marea a la vez. Mi madre todavía se sienta en la puerta mirando la curva del camino — pero ahora, cuando pregunta cómo van las cuentas, respondo sin cambiar de tema.",,496,35.4,Matheus Santos · xWdpADtEio43ew1zGxUQ · eleven_v3,,sem áudio,—,,—,completas,3D,,,ok,atenção,"""Aquele chão do outro lado da estrada é seu."" — o 3D não tem terras (nada de terreno_tonho no código): a terra dada não muda nada no mundo.","Decidir: trazer as terras do 2D (MORADORES.md) ou dar ao fim uma coisa que exista — a canoa, um canto do pontal para a rede do jogador.",média,,corrigir,sim,data/missoes_tonho.json › passos[4] tonho_terra › meta.resposta
missao.tonho.arremate,117,2 · Depois da chegada: o arraial,Depois da chegada e do machado do avô (passo 'buscar_machado' da ponte). E no Tonho.,Tonho,tonho,Nota de fim (não falada),Fica no objetivo do HUD ao fim; a última resposta é a fala,A dívida do Tonho,,,,,,,"A rede do Tonho está no mar, e a conta do armazém está paga — por você. O primeiro peixe da rede nova foi seu.","Tonho's net is in the sea, and the store account is paid — by you. The first fish of the new net was yours.","La red de Tonho está en el mar, y la cuenta del almacén está pagada — por ti. El primer pescado de la red nueva fue tuyo.",,110,7.9,Matheus Santos · xWdpADtEio43ew1zGxUQ · eleven_v3,,—,—,,—,completas,3D,,,revisar (o texto mudou),revisar (o texto mudou),,,,,pendente,"sim (texto do HUD, sem voz)",data/missoes_tonho.json › arremate
missao.lombada.trancada,118,2 · Depois da chegada: o arraial,Depois da lenha da ponte (passo 'ponte_lenha'). E no Pedro.,Pedro,pedro,Aviso de fila trancada,E no dono enquanto a fila espera o que ela pede,A lombada da lapa,,,,,,,"Ainda não é a vez da lapa. Volte depois de juntar a lenha da ponte, que aí a gente fala da picareta.","The ledge isn't up yet. Come back after you've gathered the bridge firewood, then we'll talk about the pickaxe.","Todavía no es el turno de la peña. Vuelve cuando hayas juntado la leña del puente, que entonces hablamos del pico.",,100,7.1,"Weverton - Youthful, Energetic and Clear · YbP0Eq5RE5uOoCEl7F3T · eleven_v3",,sem áudio,—,,—,completas,3D,,,ok,ok,,,,,pendente,sim,data/missoes_lombada.json › trancada
missao.lombada.picareta.anuncio,119,2 · Depois da chegada: o arraial,Depois da lenha da ponte (passo 'ponte_lenha'). E no Pedro.,Pedro,pedro,Anúncio do passo,"Ao anunciar o passo (na vez dele, na fila de falas); o E no dono o repete",A lombada da lapa,1/3 · picareta,Racha a lapa da lombada com a picareta (E),derrubar: lapa ×1,"10 XP, beiju ×2",lapa,,"Olha lá, pro poente, depois da chapada: aquela lombada de pedra, com a rampa do lado de cá. Choveu forte na semana antes de você chegar; a ladeira amoleceu e uma lapa desceu rolando — parou bem atravessada no pé da rampa. Pedra atravessada num caminho vira pedra atravessada pra sempre, se ninguém encostar nela. Pegue aquela picareta do poço: machado é pra pau, picareta é pra pedra; na coisa errada você só bate e cansa. E a lapa não é só estorvo, é material: dá oito pedras certinhas, que é o calço da varanda da sua casa. Fique de frente pra ela, aperte E e bata até rachar.","Look over there, to the west, past the plateau: that stone ridge, with the ramp on this side. It rained hard the week before you arrived; the slope softened and a slab of rock came rolling down — it stopped right across the foot of the ramp. A rock lying across a path stays there forever, if nobody touches it. Take that pickaxe from the well: the axe is for wood, the pickaxe is for stone; on the wrong thing you just strike and tire. And the slab isn't just in the way, it's material: it gives exactly eight stones, which is the footing for your house's porch. Face it, press E and strike until it cracks.","Mira allá, hacia el poniente, después de la meseta: esa loma de piedra, con la rampa de este lado. Llovió fuerte la semana antes de que llegaras; la ladera se ablandó y una laja bajó rodando: se detuvo justo atravesada al pie de la rampa. Piedra atravesada en un camino queda atravesada para siempre, si nadie la toca. Toma ese pico del pozo: el hacha es para la madera, el pico es para la piedra; con la equivocada solo golpeas y te cansas. Y la laja no es solo estorbo, es material: da ocho piedras justas, que es el calce del porche de tu casa. Ponte de frente, pulsa E y golpea hasta que se parta.",,578,41.3,"Weverton - Youthful, Energetic and Clear · YbP0Eq5RE5uOoCEl7F3T · eleven_v3",,sem áudio,—,,—,completas,3D,E (Ler / interagir),,problema,atenção,"""Choveu forte na semana que você passou embarcado"" — a travessia é de uma noite. E ""entre a sua casa e a chapada"": a lombada fica a poente da chapada, depois dela (casa x 64, chapada x −6, lombada x −32).","""Olha lá, pro poente, depois da chapada: aquela lombada de pedra... Choveu forte na semana antes de você chegar...""",média,,corrigir,sim,data/missoes_lombada.json › passos[0] picareta › texto
missao.lombada.cabra.anuncio,120,2 · Depois da chegada: o arraial,Depois da lenha da ponte (passo 'ponte_lenha'). E no Pedro.,Pedro,pedro,Anúncio do passo,"Ao anunciar o passo (na vez dele, na fila de falas); o E no dono o repete",A lombada da lapa,2/3 · cabra,"Suba a rampa e chegue perto da cabra, lá no alto da lombada",visita: chegar ao lugar,,cabra_do_alto,cabra_desce,"Ouviu? Tem bicho lá em cima. É uma cabra do Seu Benedito: subiu antes de a lapa descer e ficou presa. Sobe a rampa e chega perto dela. Não precisa pegar no pelo: bicho preso desce sozinho quando vê que dá. Ela vai estranhar você — chega devagar e fica de pé ali um instante, que é o bastante.","Hear that? There's an animal up there. It's one of Seu Benedito's goats: it went up before the slab came down and got stuck. Climb the ramp and get close to it. No need to grab it: a trapped animal comes down on its own once it sees it can. It'll be wary of you — approach slowly and stand there a moment, that's enough.","¿Oíste? Hay un bicho allá arriba. Es una cabra del señor Benedito: subió antes de que bajara la laja y quedó atrapada. Sube la rampa y acércate a ella. No hace falta agarrarla: el bicho atrapado baja solo cuando ve que puede. Te va a extrañar; acércate despacio y quédate de pie ahí un instante, que basta.",,292,20.9,"Weverton - Youthful, Energetic and Clear · YbP0Eq5RE5uOoCEl7F3T · eleven_v3",,sem áudio,—,,—,completas,3D,,,ok,ok,,,,,pendente,sim,data/missoes_lombada.json › passos[1] cabra › texto
missao.lombada.cabra_volta.anuncio,121,2 · Depois da chegada: o arraial,Depois da lenha da ponte (passo 'ponte_lenha'). E no Pedro.,Pedro,pedro,Anúncio do passo,"Ao anunciar o passo (na vez dele, na fila de falas); o E no dono o repete",A lombada da lapa,3/3 · cabra_volta,Volte ao Pedro e conte da cabra,falar com Pedro (E),,pier,,"A cabra desceu? Volte aqui, que eu conto de quem é aquele alto.","Did the goat come down? Come back here, and I'll tell you whose that high ground is.","¿Bajó la cabra? Vuelve aquí, que te cuento de quién es ese alto.",,63,4.5,"Weverton - Youthful, Energetic and Clear · YbP0Eq5RE5uOoCEl7F3T · eleven_v3",,sem áudio,—,,—,completas,3D,,,ok,ok,,,,,pendente,sim,data/missoes_lombada.json › passos[2] cabra_volta › texto
missao.lombada.cabra_volta.resposta,122,2 · Depois da chegada: o arraial,Depois da lenha da ponte (passo 'ponte_lenha'). E no Pedro.,Pedro,pedro,Resposta do passo (E),E em Pedro,A lombada da lapa,3/3 · cabra_volta,Volte ao Pedro e conte da cabra,falar com Pedro (E),,pier,,"Desceu, né? Vai direto pro cercado do Seu Benedito, que é onde ela mora: bicho sabe o caminho de casa melhor que gente. E a placa lá em cima, você leu? Aquele alto inteiro é da Santa Casa de Misericórdia. É a irmandade que cuida do cemitério e do hospital da vila — terra de irmandade não tem herdeiro, então ela vende quando aparece dinheiro. É outra conversa das suas, essa: você chegou com uma terra e já tá medindo as outras com os olhos. Mas guarde: a Santa Casa não pede favor e não faz amizade. Com ela é réis. Os vizinhos de porta, esses você conquista.","It came down, right? It went straight to Seu Benedito's pen, which is where it lives: an animal knows the way home better than people do. And the sign up there, did you read it? That whole high ground belongs to the Santa Casa de Misericórdia. It's the brotherhood that runs the cemetery and the village hospital — brotherhood land has no heirs, so it sells when money shows up. That's another one of your conversations: you arrived with one plot and you're already measuring the others with your eyes. But remember: the Santa Casa doesn't ask favors and doesn't make friends. With it, it's réis. The neighbors next door, those you can win over.","Bajó, ¿no? Se fue derecho al corral del señor Benedito, que es donde vive: el bicho sabe el camino a casa mejor que la gente. Y el letrero de allá arriba, ¿lo leíste? Todo ese alto es de la Santa Casa de Misericordia. Es la hermandad que cuida el cementerio y el hospital del pueblo; tierra de hermandad no tiene herederos, así que la vende cuando aparece dinero. Esa es otra de tus conversaciones: llegaste con una tierra y ya estás midiendo las otras con los ojos. Pero recuerda: la Santa Casa no pide favores ni hace amistades. Con ella son réis. A los vecinos de al lado, a esos sí los conquistas.",,561,40.1,"Weverton - Youthful, Energetic and Clear · YbP0Eq5RE5uOoCEl7F3T · eleven_v3",,sem áudio,—,,—,completas,3D,,,ok,ok,,,,,pendente,sim,data/missoes_lombada.json › passos[2] cabra_volta › meta.resposta
missao.lombada.arremate,123,2 · Depois da chegada: o arraial,Depois da lenha da ponte (passo 'ponte_lenha'). E no Pedro.,Pedro,pedro,Nota de fim (não falada),Fica no objetivo do HUD ao fim; a última resposta é a fala,A lombada da lapa,,,,,,,"A lombada aberta, e a cabra do Seu Benedito em casa.","The ridge open, and Seu Benedito's goat back home.","La loma abierta, y la cabra del señor Benedito en casa.",,52,3.7,"Weverton - Youthful, Energetic and Clear · YbP0Eq5RE5uOoCEl7F3T · eleven_v3",,—,—,,—,completas,3D,,,ok,ok,,,,,pendente,"sim (texto do HUD, sem voz)",data/missoes_lombada.json › arremate
missao.carroca.trancada,124,2 · Depois da chegada: o arraial,Depois da piaçava do saveiro e do machado do avô. E no Seu Benedito.,Seu Benedito,benedito,Aviso de fila trancada,E no dono enquanto a fila espera o que ela pede,A carroça do avô,,,,,,,A carroça espera. Volte depois de trabalhar a piaçava do saveiro e de ter o machado que o Pedro lhe dá na ponte.,The cart can wait. Come back after you've worked the piassava for the saveiro and have the axe Pedro gives you at the bridge.,La carreta espera. Vuelve cuando hayas trabajado la piasava del saveiro y tengas el hacha que Pedro te da en el puente.,,112,8,Manoel Lopes · zoe2cQFqDDW4DteHDEWI · eleven_v3,,sem áudio,—,,—,completas,3D,,,ok,ok,,,,,pendente,sim,data/missoes_carroca.json › trancada
missao.carroca.carroca_tabua.anuncio,125,2 · Depois da chegada: o arraial,Depois da piaçava do saveiro e do machado do avô. E no Seu Benedito.,Seu Benedito,benedito,Anúncio do passo,"Ao anunciar o passo (na vez dele, na fila de falas); o E no dono o repete",A carroça do avô,1/3 · carroca_tabua,Junte 8 tábuas para o estrado,juntar: tábua serrada ×8,,oficina,,"Essa carroça era do meu avô, e a roda foi o avô dele que fez. A cheia de fevereiro comeu o barranco da estrada, e o eixo partiu na volta. Quarenta e duas safras eu desci nela; esta desci no ombro, três viagens por saco. O estrado apodreceu de esperar. Me arranja oito tábuas serradas, da bancada do roçado, que o resto a gente vê.","This cart was my grandfather's, and his grandfather made the wheel. February's flood ate the bank along the road, and the axle snapped on the way back. Forty-two harvests I brought down in it; this one I carried on my shoulder, three trips a sack. The bed rotted from waiting. Get me eight sawn planks from the workbench by the field, and we'll see to the rest.","Esta carreta era de mi abuelo, y la rueda la hizo su abuelo. La crecida de febrero se comió el barranco del camino y el eje se partió a la vuelta. Cuarenta y dos cosechas bajé en ella; esta la bajé al hombro, tres viajes por saco. La plataforma se pudrió de esperar. Consígueme ocho tablas aserradas, del banco del sembrado, y lo demás lo vemos.",,330,23.6,Manoel Lopes · zoe2cQFqDDW4DteHDEWI · eleven_v3,,sem áudio,—,,—,completas,3D,,,ok,ok,,,,,pendente,sim,data/missoes_carroca.json › passos[0] carroca_tabua › texto
missao.carroca.carroca_corda.anuncio,126,2 · Depois da chegada: o arraial,Depois da piaçava do saveiro e do machado do avô. E no Seu Benedito.,Seu Benedito,benedito,Anúncio do passo,"Ao anunciar o passo (na vez dele, na fila de falas); o E no dono o repete",A carroça do avô,2/3 · carroca_corda,Junte 4 cordas e 4 pedras,"juntar: corda de piaçava ×4, pedra ×4",,oficina,,"Tábua boa. Agora corda pra amarrar o cocho e pedra pra calçar a roda enquanto o eixo entra: quatro de cada. Pedra solta tem pelo vale, fora da rua — na beira do roçado, no meio do mato; o lajedo, esse só cede à picareta de aço e a braço treinado.","Good planks. Now rope to lash the trough and stone to wedge the wheel while the axle goes in: four of each. There's loose stone all over the valley, off the road — at the edge of the field, out in the scrub; the rock slab only gives way to a steel pickaxe and a trained arm.","Buenas tablas. Ahora cuerda para amarrar el cajón y piedra para calzar la rueda mientras entra el eje: cuatro de cada una. Piedra suelta hay por todo el valle, fuera del camino: a la orilla del sembrado, en medio del monte; la laja solo cede al pico de acero y a un brazo entrenado.",,246,17.6,Manoel Lopes · zoe2cQFqDDW4DteHDEWI · eleven_v3,,sem áudio,—,,—,completas,3D,,,ok,problema,"""Pedra tem no lajedo do roçado e no do poço."" Os lajedos pedem a picareta de aço e o talento Mão de pedra nível 2 (96 golpes cada): manda o jogador à pedra que recusa.","""... quatro de cada. Pedra solta tem no caminho e em volta do poço; lajedo, só se você já tiver a picareta de aço e o braço pra ela.""",alta,,corrigir,sim,data/missoes_carroca.json › passos[1] carroca_corda › texto
missao.carroca.carroca_mutirao.anuncio,127,2 · Depois da chegada: o arraial,Depois da piaçava do saveiro e do machado do avô. E no Seu Benedito.,Seu Benedito,benedito,Anúncio do passo,"Ao anunciar o passo (na vez dele, na fila de falas); o E no dono o repete",A carroça do avô,3/3 · carroca_mutirao,"Recupere a carroça: [E] ou [J] › Obras, com o mutirão","obra 'arraial_carroca' em carroca (custo tábua serrada ×20, corda de piaçava ×10, pedra ×4)","10 XP, grão de milho ×6, milho ×3",casa_carro_quebrado,,"Pronto: o resto vem do arraial. Chamei o Cosme, que tem braço, e o Tonho, que tem corda — cada um traz o que tem, que mutirão é assim. Quando chegarem, abre o J aqui no terreiro, na aba de obras, e a gente bota a carroça de pé.","There: the rest comes from the village. I called Cosme, who has the arms, and Tonho, who has the rope — each brings what he has; that's how a work party goes. When they get here, open J here in the yard, on the works tab, and we'll get the cart back on its wheels.","Listo: lo demás viene del pueblo. Llamé a Cosme, que tiene brazo, y a Tonho, que tiene cuerda: cada uno trae lo que tiene, que el trabajo en común es así. Cuando lleguen, abre la J aquí en el patio, en la pestaña de obras, y ponemos la carreta de pie.",,227,16.2,Manoel Lopes · zoe2cQFqDDW4DteHDEWI · eleven_v3,,sem áudio,—,,—,completas,3D,J (Painel),,ok,ok,,,,,pendente,sim,data/missoes_carroca.json › passos[2] carroca_mutirao › texto
missao.carroca.arremate,128,2 · Depois da chegada: o arraial,Depois da piaçava do saveiro e do machado do avô. E no Seu Benedito.,Seu Benedito,benedito,Arremate da missão,"Fechado o último passo, o dono diz (na vez dele)",A carroça do avô,,,,,,,"Olha ela de pé. Amanhã a colheita desce numa viagem só. Quarenta e duas safras, e é a primeira vez que o arraial sobe aqui sem ser pra comprar. Seu tio ia gostar de ver.","Look at her, back on her wheels. Tomorrow the harvest goes down in a single trip. Forty-two harvests, and this is the first time the village came up here for something other than buying. Your uncle would have liked to see it.","Mírala de pie. Mañana la cosecha baja en un solo viaje. Cuarenta y dos cosechas, y es la primera vez que el pueblo sube aquí para algo que no sea comprar. A tu tío le habría gustado verlo.",,169,12.1,Manoel Lopes · zoe2cQFqDDW4DteHDEWI · eleven_v3,,sem áudio,—,,—,completas,3D,,,ok,ok,,,,,pendente,sim,data/missoes_carroca.json › arremate
missao.chapada.trancada,129,2 · Depois da chegada: o arraial,Depois da chegada e da primeira colheita da roça. E no Pedro.,Pedro,pedro,Aviso de fila trancada,E no dono enquanto a fila espera o que ela pede,A chapada do Seu Benedito,,,,,,,"A chapada vai esperar. Volte depois de colher a primeira roça, que sem colheita a conversa de terra fica no vazio.","The plateau can wait. Come back after harvesting your first plot, because without a harvest the talk of land is empty.","La meseta puede esperar. Vuelve después de cosechar tu primera parcela, que sin cosecha la charla de tierra queda vacía.",,114,8.1,"Weverton - Youthful, Energetic and Clear · YbP0Eq5RE5uOoCEl7F3T · eleven_v3",,sem áudio,—,,—,completas,3D,,,ok,ok,,,,,pendente,sim,data/missoes_chapada.json › trancada
missao.chapada.chapada.anuncio,130,2 · Depois da chegada: o arraial,Depois da chegada e da primeira colheita da roça. E no Pedro.,Pedro,pedro,Anúncio do passo,"Ao anunciar o passo (na vez dele, na fila de falas); o E no dono o repete",A chapada do Seu Benedito,1/2 · chapada,"Vá ver a chapada do Seu Benedito, passando pela terra da Dona Zefa",visita: chegar ao lugar,"10 XP, garapa ×1, cocada ×1",expansao,luz_dourada,"Agora que você já tirou coisa do chão com a própria mão, tem uma que eu quero te mostrar. É só pra olhar — não é sua, que fique claro. Saindo da sua casa pro poente, depois da terra da Dona Zefa, vem a chapada do Seu Benedito, de frente pro rio grande. Ele tá velho e os filhos foram tudo pra Salvador; anda dizendo que vende, se aparecer quem queira. Vá lá medir com os olhos — sonhar não custa —, e depois volte pra me contar.","Now that you've pulled something out of the ground with your own hands, there's something I want to show you. It's just for looking — it isn't yours, let that be clear. Going west from your house, past Dona Zefa's land, there's Seu Benedito's plateau, facing the big river. He's old and his children all went off to Salvador; he goes around saying he'd sell, if someone wanted it. Go and measure it with your eyes — dreaming costs nothing — then come back and tell me.","Ahora que ya sacaste algo de la tierra con tus propias manos, hay una cosa que quiero mostrarte. Es solo para mirar; no es tuya, que quede claro. Saliendo de tu casa hacia el poniente, después de la tierra de doña Zefa, está la meseta del señor Benedito, frente al río grande. Él está viejo y los hijos se fueron todos a Salvador; anda diciendo que la vende, si aparece quien la quiera. Ve a medirla con los ojos —soñar no cuesta nada—, y después vuelve a contarme.",,428,30.6,"Weverton - Youthful, Energetic and Clear · YbP0Eq5RE5uOoCEl7F3T · eleven_v3",,sem áudio,—,,—,completas,3D,,,ok,atenção,"""terra se toma pela divisa: pra chegar na dele, você precisa ter a da Zefa antes"" — o 3D não tem compra de terra: a conversa promete uma mecânica que não existe.","Decidir com as terras (ver a fila do Tonho). Sem elas: ""... e o Seu Benedito anda dizendo que vende. Vá lá medir com os olhos — sonhar não custa.""",média,,corrigir,sim,data/missoes_chapada.json › passos[0] chapada › texto
missao.chapada.chapada_volta.anuncio,131,2 · Depois da chegada: o arraial,Depois da chegada e da primeira colheita da roça. E no Pedro.,Pedro,pedro,Anúncio do passo,"Ao anunciar o passo (na vez dele, na fila de falas); o E no dono o repete",A chapada do Seu Benedito,2/2 · chapada_volta,Volte ao Pedro e conte o que viu,falar com Pedro (E),,pier,,"Viu a chapada? Volte aqui, que eu conto o que cabe nela.","Saw the plateau? Come back here, and I'll tell you what it can hold.","¿Viste la meseta? Vuelve aquí, que te cuento lo que cabe en ella.",,56,4,"Weverton - Youthful, Energetic and Clear · YbP0Eq5RE5uOoCEl7F3T · eleven_v3",,sem áudio,—,,—,completas,3D,,,ok,ok,,,,,pendente,sim,data/missoes_chapada.json › passos[1] chapada_volta › texto
missao.chapada.chapada_volta.resposta,132,2 · Depois da chegada: o arraial,Depois da chegada e da primeira colheita da roça. E no Pedro.,Pedro,pedro,Resposta do passo (E),E em Pedro,A chapada do Seu Benedito,2/2 · chapada_volta,Volte ao Pedro e conte o que viu,falar com Pedro (E),,pier,,"Viu a água lá embaixo? O rio grande corre o ano todo — nem na seca de setenta e sete ele parou. Cabe muita coisa numa terra dessas: casa de farinha, curral, roda d'água, moradia pra quem vier. Mas isso é pra quem tiver dinheiro, e dinheiro aqui chega devagar. E outra: o Seu Benedito tem a roça dele ali faz quarenta e duas safras, e não larga nem vendendo. Quem comprar aquela terra herda o vizinho. Não que isso seja ruim: velho que plantou quarenta e duas safras sabe dessa terra o que você não vai saber em dez anos.","Did you see the water down below? The big river runs all year — not even in the drought of seventy-seven did it stop. A lot fits on land like that: a flour house, a corral, a water wheel, a home for whoever comes. But that's for whoever has money, and money comes slowly around here. And another thing: Seu Benedito has had his field there for forty-two harvests, and he won't let go of it even if he sells. Whoever buys that land inherits the neighbor. Not that that's bad: an old man who planted forty-two harvests knows things about that land you won't know in ten years.","¿Viste el agua allá abajo? El río grande corre todo el año; ni en la sequía del setenta y siete se detuvo. Cabe mucho en una tierra así: casa de harina, corral, rueda de agua, morada para quien venga. Pero eso es para quien tenga dinero, y aquí el dinero llega despacio. Y otra cosa: el señor Benedito tiene su roza allí hace cuarenta y dos cosechas, y no la suelta ni vendiendo. Quien compre esa tierra hereda al vecino. No es que eso sea malo: un viejo que plantó cuarenta y dos cosechas sabe de esa tierra lo que tú no vas a saber en diez años.",,520,37.1,"Weverton - Youthful, Energetic and Clear · YbP0Eq5RE5uOoCEl7F3T · eleven_v3",,sem áudio,—,,—,completas,3D,,,ok,atenção,"""é conversa pra quando tiver dinheiro, e pra depois da terra da Zefa"" — mesma promessa de terras.",Conforme a decisão sobre as terras.,baixa,,corrigir,sim,data/missoes_chapada.json › passos[1] chapada_volta › meta.resposta
missao.chapada.arremate,133,2 · Depois da chegada: o arraial,Depois da chegada e da primeira colheita da roça. E no Pedro.,Pedro,pedro,Nota de fim (não falada),Fica no objetivo do HUD ao fim; a última resposta é a fala,A chapada do Seu Benedito,,,,,,,"A chapada do Seu Benedito, vista com os próprios olhos.","Seu Benedito's plateau, seen with your own eyes.","La meseta del señor Benedito, vista con tus propios ojos.",,55,3.9,"Weverton - Youthful, Energetic and Clear · YbP0Eq5RE5uOoCEl7F3T · eleven_v3",,—,—,,—,completas,3D,,,ok,ok,,,,,pendente,"sim (texto do HUD, sem voz)",data/missoes_chapada.json › arremate
missao.quintal.pomar.anuncio,134,2 · Depois da chegada: o arraial,Abre sozinha na sexta colheita (o segundo tutorial).,Pedro,pedro,Anúncio do passo,"Ao anunciar o passo (na vez dele, na fila de falas); o E no dono o repete",O quintal e o pomar,1/5 · pomar,Plante uma muda de fruteira no seu roçado,evento: plantou:fruteira,"10 XP, beiju ×2",lavoura,,"Você já colheu o bastante pra eu te falar de uma coisa que eu não falei no começo. Mandioca é comida de agora: você planta, espera, arranca, e o pé vai junto; todo ciclo é do zero. Pé de fruta não. Pé de fruta você planta UMA vez, cuida, e ele fica — dá fruta, descansa, dá de novo, enquanto você tiver vivo e ele também. Tome estas mudas: duas de banana, que é a que menos faz esperar, e uma de manga, que é a que mais. Plante como você planta mandioca: are, molhe, ponha a muda. Só que não conte os dias, que dá agonia. Meu avô dizia que quem planta manga não come manga — planta pro neto. Ele estava errado, mas não por muito.","You've harvested enough for me to tell you something I didn't say at the start. Cassava is food for now: you plant, wait, pull it up, and the plant goes with it; every cycle starts from zero. A fruit tree doesn't. A fruit tree you plant ONCE, you tend it, and it stays — it bears, rests, bears again, as long as you're alive and so is it. Take these seedlings: two banana, which makes you wait the least, and one mango, which makes you wait the most. Plant them like you plant cassava: till, water, set the seedling. Just don't count the days, it only brings anguish. My grandfather used to say whoever plants mango doesn't eat mango — he plants for the grandson. He was wrong, but not by much.","Ya cosechaste bastante como para que te hable de algo que no dije al principio. La mandioca es comida de ahora: siembras, esperas, arrancas, y la planta se va con ella; cada ciclo empieza de cero. El árbol frutal no. El frutal lo siembras UNA vez, lo cuidas, y se queda: da fruta, descansa, da de nuevo, mientras tú estés vivo y él también. Toma estas mudas: dos de banano, que es el que menos hace esperar, y una de mango, que es el que más. Siémbralas como siembras la mandioca: ara, moja, pon la muda. Solo que no cuentes los días, que da agonía. Mi abuelo decía que quien siembra mango no come mango: siembra para el nieto. Estaba equivocado, pero no por mucho.",,629,44.9,"Weverton - Youthful, Energetic and Clear · YbP0Eq5RE5uOoCEl7F3T · eleven_v3",,sem áudio,—,,—,completas,3D,,,ok,ok,,,,,pendente,sim,data/missoes_quintal.json › passos[0] pomar › texto
missao.quintal.curral_aprender.anuncio,135,2 · Depois da chegada: o arraial,Abre sozinha na sexta colheita (o segundo tutorial).,Pedro,pedro,Anúncio do passo,"Ao anunciar o passo (na vez dele, na fila de falas); o E no dono o repete",O quintal e o pomar,2/5 · curral_aprender,Destrave o Curral na raiz Pastoreio (tecla K),evento: destravou:curral,,casa_de_taipa,,"Pronto: daqui a muitos dias você passa pelo roçado e tem fruta onde não tinha nada. Agora o contrário do pé de fruta — uma coisa que rende amanhã. Só que bicho não é semente. Semente qualquer um enfia no chão; bicho você tem que SABER: de quanto em quanto tempo bota, o que come, onde dorme, o que faz quando adoece. Seu quintal tá vazio e vai continuar vazio até você aprender isso. Não adianta eu soltar galinha aí e te desejar sorte. Abre a lista de ofícios, no K. Tem uma raiz chamada Pastoreio, e o primeiro galho dela é o Curral. Gasta um ponto ali. Quando gastar, nós dois levantamos o galinheiro e eu te trago as primeiras três.","There: many days from now you'll walk past the field and there'll be fruit where there was nothing. Now the opposite of a fruit tree — something that pays off tomorrow. Except an animal isn't a seed. Anyone can shove a seed in the ground; an animal you have to KNOW: how often it lays, what it eats, where it sleeps, what it does when it gets sick. Your yard is empty and will stay empty until you learn that. No use me letting chickens loose there and wishing you luck. Open the list of crafts, with K. There's a root called Herding, and its first branch is the Pen. Spend a point there. Once you do, the two of us raise the coop and I bring you the first three.","Listo: dentro de muchos días pasas por la roza y hay fruta donde no había nada. Ahora lo contrario del frutal: algo que rinde mañana. Solo que un animal no es una semilla. Una semilla cualquiera la mete en la tierra; un animal tienes que SABERLO: cada cuánto pone, qué come, dónde duerme, qué hace cuando enferma. Tu patio está vacío y va a seguir vacío hasta que aprendas eso. No sirve de nada que yo suelte gallinas ahí y te desee suerte. Abre la lista de oficios, con la K. Hay una raíz llamada Pastoreo, y su primera rama es el Corral. Gasta un punto ahí. Cuando lo gastes, entre los dos levantamos el gallinero y te traigo las primeras tres.",,636,45.4,"Weverton - Youthful, Energetic and Clear · YbP0Eq5RE5uOoCEl7F3T · eleven_v3",,sem áudio,—,,—,completas,3D,K (Árvore de habilidades),,atenção,ok,"""aquela tecla K que eu te mostrei"" — só é verdade se o jogador fez ""O ofício de quem fica"" antes; o quintal abre sozinho na sexta colheita, e o ofício é opcional.","""Abre a lista de ofícios, no K.""",baixa,,corrigir,sim,data/missoes_quintal.json › passos[1] curral_aprender › texto
missao.quintal.curral.anuncio,136,2 · Depois da chegada: o arraial,Abre sozinha na sexta colheita (o segundo tutorial).,Pedro,pedro,Anúncio do passo,"Ao anunciar o passo (na vez dele, na fila de falas); o E no dono o repete",O quintal e o pomar,3/5 · curral,Recolha 2 ovos no galinheiro (E),juntar: ovo ×2,"10 XP, cocada ×2",galinheiro,,"Olha lá o galinheiro de pé e as três dentro. Ponto de ofício gasto é ponto que vira coisa no chão — é assim que essa lista funciona, ela não é enfeite. Agora vai lá ver o que elas deixaram. Galinha bota todo dia: chegue perto do galinheiro e aperte E, o ovo tá ali. Não adianta ficar em cima do bicho apertando. Ele deu, acabou; volte amanhã.","Look, there's the coop standing and the three inside. A craft point spent is a point that turns into something on the ground — that's how that list works, it's not decoration. Now go see what they've left. A hen lays every day: come up to the coop and press E, the egg is right there. No use standing over the bird pressing. It gave, that's it; come back tomorrow.","Mira allá el gallinero de pie y las tres adentro. Punto de oficio gastado es punto que se vuelve cosa en el suelo: así funciona esa lista, no es adorno. Ahora ve a ver lo que dejaron. La gallina pone todos los días: acércate al gallinero y aprieta E, el huevo está ahí. No sirve quedarse encima del animal apretando. Dio, se acabó; vuelve mañana.",,342,24.4,"Weverton - Youthful, Energetic and Clear · YbP0Eq5RE5uOoCEl7F3T · eleven_v3",,sem áudio,—,,—,completas,3D,E (Ler / interagir),,ok,ok,,,,,pendente,sim,data/missoes_quintal.json › passos[2] curral › texto
missao.quintal.capataz.anuncio,137,2 · Depois da chegada: o arraial,Abre sozinha na sexta colheita (o segundo tutorial).,Pedro,pedro,Anúncio do passo,"Ao anunciar o passo (na vez dele, na fila de falas); o E no dono o repete",O quintal e o pomar,4/5 · capataz,Combine um dia de roçado com o Cosme,falar com Cosme (E),,casa_da_zefa,,"Viu? Fruteira é pra daqui a muito, bicho é pra amanhã. Fazenda boa tem os dois: um paga o dia de hoje e o outro paga o ano que vem. Última coisa, e essa é a mais difícil de aceitar pra quem veio de baixo. Uma hora a terra é mais do que o seu braço dá conta. Aí você para de trabalhar mais e começa a trabalhar melhor: braço de outro. Vai lá na casa da Dona Zefa e fala com o Cosme, o neto dela — braço novo, e precisando de serviço. Combina com ele um dia de roçado. Só não peça serviço de lombo a quem já passou dos setenta: o Seu Benedito e a Dona Zefa fazem muita coisa, mas não capinam mais.","See? A fruit tree is for much later, an animal is for tomorrow. A good farm has both: one pays for today and the other pays for next year. Last thing, and this one is the hardest to accept for someone who came up from the bottom. At some point the land is more than your arm can handle. That's when you stop working more and start working better: someone else's arm. Go to Dona Zefa's house and talk to Cosme, her grandson — a young arm, and in need of work. Arrange a day in the field with him. Just don't ask back-breaking work of anyone past seventy: Seu Benedito and Dona Zefa do plenty, but they don't hoe anymore.","¿Viste? El frutal es para dentro de mucho, el animal es para mañana. Una buena hacienda tiene los dos: uno paga el día de hoy y el otro paga el año que viene. Lo último, y esto es lo más difícil de aceptar para quien vino de abajo. En algún momento la tierra es más de lo que tu brazo aguanta. Ahí dejas de trabajar más y empiezas a trabajar mejor: brazo ajeno. Ve a la casa de doña Zefa y habla con Cosme, su nieto: brazo joven, y necesitado de trabajo. Acuerda con él un día de roza. Solo no le pidas trabajo de lomo a quien ya pasó de los setenta: don Benedito y doña Zefa hacen muchas cosas, pero ya no carpen.",,595,42.5,"Weverton - Youthful, Energetic and Clear · YbP0Eq5RE5uOoCEl7F3T · eleven_v3",,sem áudio,—,,—,completas,3D,,,ok,ok,,,,,pendente,sim,data/missoes_quintal.json › passos[3] capataz › texto
missao.quintal.capataz.resposta,138,2 · Depois da chegada: o arraial,Abre sozinha na sexta colheita (o segundo tutorial).,Cosme,cosme,Resposta do passo (E),E em Cosme,O quintal e o pomar,4/5 · capataz,Combine um dia de roçado com o Cosme,falar com Cosme (E),,casa_da_zefa,,"Um dia de roçado? Fechado. Amanhã, antes do sol, eu passo no teu roçado e deixo a enxada falar. O que eu tirar da terra eu deixo na tua porta — e você me paga com um prato, que pra isso serve vizinho.","A day in the field? Done. Tomorrow, before the sun, I'll stop by your field and let the hoe do the talking. Whatever I pull from the earth I'll leave at your door — and you pay me with a plate, that's what neighbors are for.","¿Un día de roza? Hecho. Mañana, antes del sol, paso por tu roza y dejo que la azada hable. Lo que saque de la tierra lo dejo en tu puerta, y tú me pagas con un plato, que para eso sirve el vecino.",,200,14.3,Matheus (Energetic) · NQmLEqxcRTkWYIYZSYod · eleven_v3,,sem áudio,—,,—,completas,3D,,,ok,ok,,,,,pendente,sim,data/missoes_quintal.json › passos[3] capataz › meta.resposta
missao.quintal.capataz_manha.anuncio,139,2 · Depois da chegada: o arraial,Abre sozinha na sexta colheita (o segundo tutorial).,Pedro,pedro,Anúncio do passo,"Ao anunciar o passo (na vez dele, na fila de falas); o E no dono o repete",O quintal e o pomar,5/5 · capataz_manha,"Durma: de manhã, o que o Cosme fez está na mochila",evento: dormiu,"10 XP, mandioca ×4, lenha ×2",casa_de_taipa,,"Combinado está. Agora dorme, que quem trabalha pra você trabalha enquanto você tá longe — amanhã de manhã o que o Cosme fez tá na sua mochila. E guarde uma coisa: quem trabalha pra você tem nome. Use.","It's arranged. Now sleep, because whoever works for you works while you're away — tomorrow morning what Cosme did will be in your pack. And keep one thing in mind: whoever works for you has a name. Use it.","Acordado está. Ahora duerme, que quien trabaja para ti trabaja mientras estás lejos: mañana por la mañana lo que hizo Cosme está en tu mochila. Y guarda una cosa: quien trabaja para ti tiene nombre. Úsalo.",,200,14.3,"Weverton - Youthful, Energetic and Clear · YbP0Eq5RE5uOoCEl7F3T · eleven_v3",,sem áudio,—,,—,completas,3D,,,ok,ok,,,,,pendente,sim,data/missoes_quintal.json › passos[4] capataz_manha › texto
missao.quintal.arremate,140,2 · Depois da chegada: o arraial,Abre sozinha na sexta colheita (o segundo tutorial).,Pedro,pedro,Arremate da missão,"Fechado o último passo, o dono diz (na vez dele)",O quintal e o pomar,,,,,,,Agora tem gente trabalhando enquanto você tá longe. É assim que fazenda vira fazenda.,Now there are people working while you're away. That's how a farm becomes a farm.,Ahora hay gente trabajando mientras estás lejos. Así es como una hacienda se vuelve hacienda.,,85,6.1,"Weverton - Youthful, Energetic and Clear · YbP0Eq5RE5uOoCEl7F3T · eleven_v3",,sem áudio,—,,—,completas,igual ao 2D (2d.pedro.passos.capataz_fim.0),,,ok,ok,,,,,pendente,sim,data/missoes_quintal.json › arremate
missao.arraial.trancada,141,2 · Depois da chegada: o arraial,Depois da ponte de pé. E no Pedro.,Pedro,pedro,Aviso de fila trancada,E no dono enquanto a fila espera o que ela pede,O mirante,,,,,,,O mirante vem depois da ponte. Volte quando a ponte do rio estiver de pé.,The lookout comes after the bridge. Come back once the river bridge is standing.,El mirador viene después del puente. Vuelve cuando el puente del río esté en pie.,,73,5.2,"Weverton - Youthful, Energetic and Clear · YbP0Eq5RE5uOoCEl7F3T · eleven_v3",,sem áudio,—,,—,completas,3D,,,ok,ok,,,,,pendente,sim,data/missoes_arraial.json › trancada
missao.arraial.povo_conhecer.anuncio,142,2 · Depois da chegada: o arraial,Depois da ponte de pé. E no Pedro.,Pedro,pedro,Anúncio do passo,"Ao anunciar o passo (na vez dele, na fila de falas); o E no dono o repete",O mirante,1/6 · povo_conhecer,Aperte P e veja quem é quem no arraial,evento: abriu_arraial,,praca,,"Você falou com gente daqui. Reparou que ela lembra de você? Aqui todo mundo lembra: quem apareceu, quem trouxe o quê, quem passou reto. Aperte P — a letra de povo. Abre a lista de quem mora aqui, com a cara de cada um e o quanto já confia em você.","You've talked with people from here. Did you notice they remember you? Here everybody remembers: who showed up, who brought what, who walked past. Press P — P for people. It opens the list of who lives here, with each one's face and how much they already trust you.","Hablaste con gente de aquí. ¿Te diste cuenta de que se acuerdan de ti? Aquí todo el mundo se acuerda: quién apareció, quién trajo qué, quién pasó de largo. Pulsa P — la P de pueblo. Abre la lista de quienes viven aquí, con la cara de cada uno y cuánto confía ya en ti.",,247,17.6,"Weverton - Youthful, Energetic and Clear · YbP0Eq5RE5uOoCEl7F3T · eleven_v3",,sem áudio,—,,—,completas,3D,,,ok,ok,,,,,pendente,sim,data/missoes_arraial.json › passos[0] povo_conhecer › texto
missao.arraial.canteiro_material.anuncio,143,2 · Depois da chegada: o arraial,Depois da ponte de pé. E no Pedro.,Pedro,pedro,Anúncio do passo,"Ao anunciar o passo (na vez dele, na fila de falas); o E no dono o repete",O mirante,2/6 · canteiro_material,Junte 8 tábuas e 12 lenhas para o canteiro,"juntar: tábua serrada ×8, lenha ×12",,canteiro,,"Lembra da outra mesa do seu terreno? Aquela do lado da bancada da oficina. Você serrou tábua a semana inteira e nunca chegou perto dela — eu reparei. Não é culpa sua: elas parecem a mesma coisa e não são. A bancada é serrote: entra lenha, sai tábua. A do lado é prumo: ali não sai nada, ali você risca. E obra riscada antes sai mais barata que obra improvisada; meu avô dizia que quem mede duas vezes corta uma. Junte oito tábuas e doze lenhas. É pouco, e o que ela te devolve não é pouco.","Remember the other table on your land? The one next to the workshop bench. You sawed boards all week and never went near it — I noticed. It's not your fault: they look like the same thing and they aren't. The bench is a saw: firewood goes in, boards come out. The one beside it is a plumb line: nothing comes out of it, there you draw. And work drawn beforehand comes out cheaper than work improvised; my grandfather used to say whoever measures twice cuts once. Gather eight boards and twelve pieces of firewood. It's little, and what it gives back is not little.","¿Te acuerdas de la otra mesa de tu terreno? La que está al lado del banco del taller. Aserraste tablas la semana entera y nunca te acercaste a ella; me di cuenta. No es culpa tuya: parecen la misma cosa y no lo son. El banco es serrucho: entra leña, sale tabla. La de al lado es plomada: de ahí no sale nada, ahí trazas. Y la obra trazada antes sale más barata que la improvisada; mi abuelo decía que quien mide dos veces corta una. Junta ocho tablas y doce leñas. Es poco, y lo que te devuelve no es poco.",,489,34.9,"Weverton - Youthful, Energetic and Clear · YbP0Eq5RE5uOoCEl7F3T · eleven_v3",,sem áudio,—,,—,completas,3D,,,ok,ok,,,,,pendente,sim,data/missoes_arraial.json › passos[1] canteiro_material › texto
missao.arraial.canteiro_obra.anuncio,144,2 · Depois da chegada: o arraial,Depois da ponte de pé. E no Pedro.,Pedro,pedro,Anúncio do passo,"Ao anunciar o passo (na vez dele, na fila de falas); o E no dono o repete",O mirante,3/6 · canteiro_obra,"No canteiro, faça a prancheta (E)","obra 'canteiro_prancheta' em canteiro (custo tábua serrada ×8, lenha ×12)","10 XP, beiju ×3",canteiro,,"Isso. Agora vai lá e risca. Chegue no canteiro e aperte E: abre a aba de obras daquela mesa. Escolha a prancheta, a régua e o prumo, e toque a obra. Daqui em diante toda obra do mapa te sai mais barata — dez por cento, que numa obra de quarenta tábuas é quatro tábuas que você não precisa derrubar.","That's it. Now go and draw. Get to the site table and press E: it opens that table's works tab. Pick the drafting board, the ruler and the plumb line, and get the work going. From then on every work on the map comes out cheaper for you — ten percent, which on a forty-board job is four boards you don't have to cut down.","Eso. Ahora ve y traza. Llega a la mesa de obras y pulsa E: abre la pestaña de obras de esa mesa. Elige el tablero, la regla y la plomada, y empieza la obra. De ahora en adelante toda obra del mapa te sale más barata: diez por ciento, que en una obra de cuarenta tablas son cuatro tablas que no tienes que derribar.",,298,21.3,"Weverton - Youthful, Energetic and Clear · YbP0Eq5RE5uOoCEl7F3T · eleven_v3",,sem áudio,—,,—,completas,3D,E (Ler / interagir),"(revisto: ""numa obra de quarenta tábuas é quatro tábuas"" é um exemplo de conta do desconto (10%), não o pedido) o texto fala em 40 tabua, e a mecânica pede 8 | o texto fala em 4 tabua, e a mecânica pede 8",ok,ok,,,,,pendente,sim,data/missoes_arraial.json › passos[2] canteiro_obra › texto
missao.arraial.mirante_ver.anuncio,145,2 · Depois da chegada: o arraial,Depois da ponte de pé. E no Pedro.,Pedro,pedro,Anúncio do passo,"Ao anunciar o passo (na vez dele, na fila de falas); o E no dono o repete",O mirante,4/6 · mirante_ver,Suba a estrada até o mirante,visita: chegar ao lugar,,mirante,,"Agora que você sabe riscar obra, tem outra coisa que eu quero te mostrar, e é subindo. Saia da praça pelo poente e pegue a estrada que serpenteia até o alto. Lá em cima tem um mirante: dali se vê a baía inteira, e no dia limpo dá pra ver saveiro chegando antes de ele chegar. Era assim que a gente sabia quem vinha. Vá ver como ele está.","Now that you know how to draw up a work, there's another thing I want to show you, and it's uphill. Leave the square to the west and take the road that winds up to the top. Up there there's a lookout: from it you can see the whole bay, and on a clear day you can see a saveiro coming before it arrives. That's how we used to know who was coming. Go see how it's doing.","Ahora que sabes trazar una obra, hay otra cosa que quiero mostrarte, y es subiendo. Sal de la plaza por el poniente y toma el camino que serpentea hasta lo alto. Allá arriba hay un mirador: desde ahí se ve la bahía entera, y en un día despejado se ve el saveiro llegando antes de que llegue. Así sabíamos quién venía. Ve a ver cómo está.",,337,24.1,"Weverton - Youthful, Energetic and Clear · YbP0Eq5RE5uOoCEl7F3T · eleven_v3",,sem áudio,—,,—,completas,3D,,,ok,ok,,,,,pendente,sim,data/missoes_arraial.json › passos[3] mirante_ver › texto
missao.arraial.mirante_material.anuncio,146,2 · Depois da chegada: o arraial,Depois da ponte de pé. E no Pedro.,Pedro,pedro,Anúncio do passo,"Ao anunciar o passo (na vez dele, na fila de falas); o E no dono o repete",O mirante,5/6 · mirante_material,"Junte tábua, pedra e corda para o mirante","juntar: tábua serrada ×20, pedra ×12, corda de piaçava ×6 (o material da obra 'mirante_levantar')",,mirante,,"Tá vendo? Os esteios ficaram, mas o tabuado range e o guarda-corpo apodreceu. Foi uma chuva de março, faz uns vinte anos, e ninguém subiu mais — nem consertou, que é o que a gente faz aqui: espera cair, depois espera alguém. O que falta é tabuado corrido, pedra pro calço e corda pro guarda-corpo. Vinte tábuas, doze pedras e seis cordas, menos o que a prancheta do canteiro abate; tábua e corda saem da oficina. Ponte é chão, mirante é altura: o que sustenta gente no alto tem que ser mais do que o que sustenta gente no raso.","See? The posts held, but the planking creaks and the railing rotted. It was a March rain, some twenty years ago, and nobody came up again — or fixed it, which is what we do here: wait for it to fall, then wait for someone. What's missing is running planks, stone for the footing and rope for the railing. Twenty boards, twelve stones and six ropes, minus what the site table's drafting board knocks off; boards and rope come from the workshop. A bridge is ground, a lookout is height: what holds people up high has to be more than what holds them in the shallows.","¿Ves? Los pilotes aguantaron, pero el tablado cruje y la baranda se pudrió. Fue una lluvia de marzo, hace unos veinte años, y nadie volvió a subir — ni lo arregló, que es lo que hacemos aquí: esperar a que se caiga, y después esperar a alguien. Lo que falta es tablado corrido, piedra para el calce y cuerda para la baranda. Veinte tablas, doce piedras y seis cuerdas, menos lo que descuenta la plancheta del obrador; la tabla y la cuerda salen del taller. Un puente es suelo, un mirador es altura: lo que sostiene a la gente en lo alto tiene que ser más que lo que la sostiene en lo bajo.",,527,37.6,"Weverton - Youthful, Energetic and Clear · YbP0Eq5RE5uOoCEl7F3T · eleven_v3",,sem áudio,—,,—,completas,3D,,,ok,ok,,,,,pendente,sim,data/missoes_arraial.json › passos[4] mirante_material › texto
missao.arraial.mirante_obra.anuncio,147,2 · Depois da chegada: o arraial,Depois da ponte de pé. E no Pedro.,Pedro,pedro,Anúncio do passo,"Ao anunciar o passo (na vez dele, na fila de falas); o E no dono o repete",O mirante,6/6 · mirante_obra,"Conserte o mirante: [E] ou [J] › Obras, ao pé dele","obra 'mirante_levantar' em mirante (custo tábua serrada ×20, pedra ×12, corda de piaçava ×6)","10 XP, 1200 réis, pirão de peixe ×1",mirante,,"Tudo aí. Agora é botar de pé. Chegue ao pé do mirante e aperte E — ou abra o J, na aba de obras: o conserto está na lista. Eu subo com você. Essa eu não perco.","All there. Now it's time to stand it up. Get to the foot of the lookout and press E — or open J, on the works tab: the repair is on the list. I'll go up with you. This one I won't miss.","Todo ahí. Ahora hay que ponerlo en pie. Llega al pie del mirador y pulsa E, o abre la J, en la pestaña de obras: el arreglo está en la lista. Yo subo contigo. Esta no me la pierdo.",,159,11.4,"Weverton - Youthful, Energetic and Clear · YbP0Eq5RE5uOoCEl7F3T · eleven_v3",,sem áudio,—,,—,completas,3D,"E (Ler / interagir), J (Painel)",,revisar (o texto mudou),revisar (o texto mudou),,,,,pendente,sim,data/missoes_arraial.json › passos[5] mirante_obra › texto
missao.arraial.arremate,148,2 · Depois da chegada: o arraial,Depois da ponte de pé. E no Pedro.,Pedro,pedro,Arremate da missão,"Fechado o último passo, o dono diz (na vez dele)",O mirante,,,,,,,"Olha isso. Eu nunca tinha subido aqui — nasci embaixo desse morro e nunca tinha subido aqui. Daqui de cima o arraial cabe todo numa olhada: a praça, a capela, o casario descendo até a areia, o píer onde você desembarcou no dia em que não conhecia ninguém. E toma: o povo juntou. Foi a Dona Candinha que passou o chapéu na praça, moeda por moeda. Eu botei um pirão junto, porque dinheiro do povo é do povo, mas o pirão é meu.","Look at this. I'd never been up here — I was born at the foot of this hill and had never been up here. From up here the whole village fits in one glance: the square, the chapel, the houses running down to the sand, the pier where you landed the day you didn't know anyone. And here: the people chipped in. It was Dona Candinha who passed the hat around the square, coin by coin. I put in a pirão, because the people's money is the people's, but the pirão is mine.","Mira esto. Yo nunca había subido aquí — nací al pie de este cerro y nunca había subido aquí. Desde aquí arriba el caserío cabe entero en una mirada: la plaza, la capilla, las casas bajando hasta la arena, el muelle donde desembarcaste el día en que no conocías a nadie. Y toma: el pueblo juntó. Fue doña Candinha la que pasó el sombrero por la plaza, moneda por moneda. Yo puse un pirão aparte, porque el dinero del pueblo es del pueblo, pero el pirão es mío.",,424,30.3,"Weverton - Youthful, Energetic and Clear · YbP0Eq5RE5uOoCEl7F3T · eleven_v3",,sem áudio,—,,—,completas,3D,,,ok,ok,,,,,pendente,sim,data/missoes_arraial.json › arremate
missao.metas.meta_caititu.anuncio,149,2 · Depois da chegada: o arraial,Abre sozinha ao abater os caititus da meta; fecha no E no Pedro.,Pedro,pedro,Anúncio do passo,"Ao anunciar o passo (na vez dele, na fila de falas); o E no dono o repete",O gibão do pai do Pedro,1/1 · meta_caititu,Fale com o Pedro: dez caititus caíram,falar com Pedro (E),"10 XP, gibão de couro ×1",pier,,"Dez caititus? O arraial inteiro já sabe. Vem cá, que eu guardo uma coisa do meu pai pra quem fizesse isso.","Ten peccaries? The whole village already knows. Come here, I've been keeping something of my father's for whoever did that.","¿Diez pecaríes? Todo el pueblo ya lo sabe. Ven acá, que guardo una cosa de mi padre para quien hiciera eso.",,106,7.6,"Weverton - Youthful, Energetic and Clear · YbP0Eq5RE5uOoCEl7F3T · eleven_v3",,sem áudio,—,,—,completas,3D,,,ok,ok,,,,,pendente,sim,data/missoes_metas.json › passos[0] meta_caititu › texto
missao.metas.meta_caititu.resposta,150,2 · Depois da chegada: o arraial,Abre sozinha ao abater os caititus da meta; fecha no E no Pedro.,Pedro,pedro,Resposta do passo (E),E em Pedro,O gibão do pai do Pedro,1/1 · meta_caititu,Fale com o Pedro: dez caititus caíram,falar com Pedro (E),"10 XP, gibão de couro ×1",pier,,"Era do meu pai: couro de caititu, curtido na casca de angico. Bicho nenhum morde através dele. Agora é seu.","It was my father's: peccary hide, tanned in angico bark. No animal bites through it. Now it's yours.","Era de mi padre: cuero de pecarí, curtido en corteza de angico. Ningún bicho muerde a través de él. Ahora es tuyo.",,107,7.6,"Weverton - Youthful, Energetic and Clear · YbP0Eq5RE5uOoCEl7F3T · eleven_v3",,sem áudio,—,,—,completas,3D,,,ok,ok,,,,,pendente,sim,data/missoes_metas.json › passos[0] meta_caititu › meta.resposta
missao.metas.arremate,151,2 · Depois da chegada: o arraial,Abre sozinha ao abater os caititus da meta; fecha no E no Pedro.,Pedro,pedro,Nota de fim (não falada),Fica no objetivo do HUD ao fim; a última resposta é a fala,O gibão do pai do Pedro,,,,,,,"Dez caíram, e o gibão do pai do Pedro é seu.","Ten are down, and Pedro's father's jerkin is yours.","Cayeron diez, y el jubón del padre de Pedro es tuyo.",,44,3.1,"Weverton - Youthful, Energetic and Clear · YbP0Eq5RE5uOoCEl7F3T · eleven_v3",,—,—,,—,completas,3D,,,ok,ok,,,,,pendente,"sim (texto do HUD, sem voz)",data/missoes_metas.json › arremate
missao.metas_onca.meta_onca.anuncio,152,2 · Depois da chegada: o arraial,Abre sozinha ao abater a onça da meta; fecha levando o couro à Dona Zefa.,Dona Zefa,zefa,Anúncio do passo,"Ao anunciar o passo (na vez dele, na fila de falas); o E no dono o repete",O patuá da Dona Zefa,1/1 · meta_onca,Leve um couro de onça à Dona Zefa,levar a Dona Zefa: couro de onça ×1,"10 XP, patuá de couro de onça ×1",casa_da_zefa,,"Duas onças, menino? O penedo nunca ficou tanto tempo quieto. Me traz um couro, que eu costuro o teu patuá — com oração dentro, do jeito que a minha mãe costurava.","Two jaguars, child? The rock has never been quiet this long. Bring me a hide and I'll sew your patuá, with a prayer inside, the way my mother sewed them.","¿Dos jaguares, muchacho? El peñasco nunca estuvo tanto tiempo quieto. Tráeme un cuero, que te coso el patuá, con oración adentro, como lo cosía mi madre.",,162,11.6,Edna · FrCDCQwye0euHmliGxP9 · eleven_v3,,sem áudio,—,,—,completas,3D,,,ok,ok,,,,,pendente,sim,data/missoes_metas_onca.json › passos[0] meta_onca › texto
missao.metas_onca.meta_onca.resposta,153,2 · Depois da chegada: o arraial,Abre sozinha ao abater a onça da meta; fecha levando o couro à Dona Zefa.,Dona Zefa,zefa,Resposta do passo (E),E em Dona Zefa com a carga na mochila,O patuá da Dona Zefa,1/1 · meta_onca,Leve um couro de onça à Dona Zefa,levar a Dona Zefa: couro de onça ×1,"10 XP, patuá de couro de onça ×1",casa_da_zefa,,"Couro de onça de verdade, de roseta. Vem cá que eu fecho a costura: pendura no pescoço e não tira nem para dormir. Bicho nenhum chega perto de quem derruba duas — e agora tem a oração também.","A real jaguar hide, with rosettes. Come here and I'll close the stitching: hang it around your neck and don't take it off even to sleep. No beast comes near someone who felled two — and now you have the prayer too.","Cuero de jaguar de verdad, con rosetas. Ven acá que cierro la costura: cuélgalo al cuello y no te lo quites ni para dormir. Ningún bicho se acerca a quien derriba dos, y ahora tienes la oración también.",,191,13.6,Edna · FrCDCQwye0euHmliGxP9 · eleven_v3,,sem áudio,—,,—,completas,3D,,,ok,ok,,,,,pendente,sim,data/missoes_metas_onca.json › passos[0] meta_onca › meta.resposta
missao.metas_onca.arremate,154,2 · Depois da chegada: o arraial,Abre sozinha ao abater a onça da meta; fecha levando o couro à Dona Zefa.,Dona Zefa,zefa,Nota de fim (não falada),Fica no objetivo do HUD ao fim; a última resposta é a fala,O patuá da Dona Zefa,,,,,,,"Duas caíram, e o patuá da Dona Zefa está no seu pescoço.","Two are down, and Dona Zefa's patuá is around your neck.","Cayeron dos, y el patuá de doña Zefa está en tu cuello.",,56,4,Edna · FrCDCQwye0euHmliGxP9 · eleven_v3,,—,—,,—,completas,3D,,,ok,ok,,,,,pendente,"sim (texto do HUD, sem voz)",data/missoes_metas_onca.json › arremate
missao.fe.trancada,155,3 · A fé,Depois do mirante. E no Pedro.,Pedro,pedro,Aviso de fila trancada,E no dono enquanto a fila espera o que ela pede,A fé do arraial,,,,,,,A fé do arraial vem depois do mirante. Volte quando o mirante estiver de pé.,The village's faith comes after the lookout. Come back once the lookout is standing.,La fe del pueblo viene después del mirador. Vuelve cuando el mirador esté en pie.,,76,5.4,"Weverton - Youthful, Energetic and Clear · YbP0Eq5RE5uOoCEl7F3T · eleven_v3",,sem áudio,—,,—,completas,3D,,,ok,ok,,,,,pendente,sim,data/missoes_fe.json › trancada
missao.fe.fe_zefa.anuncio,156,3 · A fé,Depois do mirante. E no Pedro.,Pedro,pedro,Anúncio do passo,"Ao anunciar o passo (na vez dele, na fila de falas); o E no dono o repete",A fé do arraial,1/5 · fe_zefa,Fale com a Dona Zefa,falar com Dona Zefa (E),,casa_de_taipa,,"A Dona Zefa mandou te chamar. Ela é benzedeira: quando alguém aqui adoece, vai nela antes de ir no padre — e o padre sabe, e não diz nada. De manhã e de noite ela fica na casa dela, ao lado da sua; de tarde, no poço. Vá lá.","Dona Zefa sent for you. She is a healer: when someone here falls ill, they go to her before the priest — and the priest knows, and says nothing. Mornings and nights she stays at her house, next to yours; afternoons, at the well. Go see her.","Doña Zefa mandó a llamarte. Es curandera: cuando alguien aquí se enferma, va con ella antes que con el cura, y el cura lo sabe y no dice nada. Por la mañana y por la noche está en su casa, al lado de la tuya; por la tarde, en el pozo. Ve a verla.",,223,15.9,"Weverton - Youthful, Energetic and Clear · YbP0Eq5RE5uOoCEl7F3T · eleven_v3",,sem áudio,—,,—,completas,3D,,,atenção,problema,"""De manhã e de noite ela fica na casa de taipa"" — ""Casa de taipa"" é a casa do jogador; a Dona Zefa passa manhã, entardecer e noite na Casa da Zefa (npcs_3d.json), ao lado.","""De manhã e de noite ela fica na casa dela, ao lado da sua; de tarde, no poço.""",média,,corrigir,sim,data/missoes_fe.json › passos[0] fe_zefa › texto
missao.fe.fe_zefa.resposta,157,3 · A fé,Depois do mirante. E no Pedro.,Dona Zefa,zefa,Resposta do passo (E),E em Dona Zefa,A fé do arraial,1/5 · fe_zefa,Fale com a Dona Zefa,falar com Dona Zefa (E),,casa_de_taipa,,"Senta, meu filho. Eu já ia te chamar de qualquer jeito. Você levantou o mirante de novo; isso é braço, e braço todo mundo tem. Agora eu vou te falar da outra coisa, a que não é braço — e das três, porque as três existem aqui, e quem te disser que é uma só tá te escondendo o arraial. Não vou escolher por você: vou te mostrar os três lugares. Depois você vai sozinho no que te chamar.","Sit down, my child. I was going to send for you anyway. You raised the lookout again; that is arms, and everyone has arms. Now I will tell you about the other thing, the one that is not arms — and about all three, because all three are here, and whoever tells you there is only one is hiding the village from you. I will not choose for you: I will show you the three places. Then you go alone to the one that calls you.","Siéntate, hijo. Igual te iba a llamar. Levantaste el mirador de nuevo; eso es brazo, y brazo tiene todo el mundo. Ahora te voy a hablar de la otra cosa, la que no es brazo, y de las tres, porque las tres existen aquí, y quien te diga que es una sola te está escondiendo el caserío. No voy a elegir por ti: te voy a mostrar los tres lugares. Después vas solo al que te llame.",,384,27.4,Edna · FrCDCQwye0euHmliGxP9 · eleven_v3,,sem áudio,—,,—,completas,3D,,,ok,ok,,,,,pendente,sim,data/missoes_fe.json › passos[0] fe_zefa › meta.resposta
missao.fe.fe_marcos.anuncio,158,3 · A fé,Depois do mirante. E no Pedro.,Pedro,pedro,Anúncio do passo,"Ao anunciar o passo (na vez dele, na fila de falas); o E no dono o repete",A fé do arraial,2/5 · fe_marcos,Visite os três marcos,"visitar: cruzeiro, terreiro, gameleira","10 XP, cocada ×2",cruzeiro,,"Ela quer que você veja os três com os seus olhos. O cruzeiro, diante da igreja — esse você já passou por ele cem vezes sem olhar. O terreiro: sobe a rua do mirante e, antes da curva grande, sai uma vereda pro poente que entra na mata e some. Você não acha de longe, e é de propósito: em ano de hoje, terreiro que se vê da estrada é terreiro que a polícia fecha. E a gameleira do sambaqui, na ponta da praia, perto das pedras: aquele monte branco embaixo dela é concha. Vá nos três. Chegue perto e olhe. Não tem o que fazer ainda — só olhar.","She wants you to see all three with your own eyes. The wayside cross, before the church — you have walked past it a hundred times without looking. The terreiro: go up the lookout road and, before the big bend, a footpath leaves toward the west, enters the forest and disappears. You will not find it from afar, and that is on purpose: in this day and age, a terreiro seen from the road is a terreiro the police close down. And the gameleira on the shell mound, at the tip of the beach, near the rocks: that white mound under it is shell. Go to all three. Come close and look. There is nothing to do yet — just look.","Ella quiere que veas los tres con tus propios ojos. El crucero, frente a la iglesia: ese ya lo pasaste cien veces sin mirar. El terreiro: sube la calle del mirador y, antes de la curva grande, sale un sendero hacia el poniente que entra en el monte y se pierde. No lo encuentras de lejos, y es a propósito: en los tiempos que corren, terreiro que se ve desde el camino es terreiro que la policía cierra. Y la gameleira del sambaquí, en la punta de la playa, cerca de las piedras: ese montículo blanco debajo es concha. Ve a los tres. Acércate y mira. Todavía no hay nada que hacer: solo mirar.",,540,38.6,"Weverton - Youthful, Energetic and Clear · YbP0Eq5RE5uOoCEl7F3T · eleven_v3",,sem áudio,—,,—,completas,3D,,,ok,ok,,,,,pendente,sim,data/missoes_fe.json › passos[1] fe_marcos › texto
fe.visita.cruzeiro.1,159,3 · A fé,Depois do mirante. E no Pedro. Ao chegar ao marco 'cruzeiro' neste passo.,(sem nome: o que o jogador vê e sente),voce,Narração da visita (sem voz),Caixa de fala sem nome,A fé do arraial,2/5 · fe_marcos,Visite os três marcos,"visitar: cruzeiro, terreiro, gameleira","10 XP, cocada ×2",cruzeiro,,"Uma cruz de madeira escura, sem imagem, fincada num calço de pedra.","A dark wooden cross, with no image, planted in a stone base.","Una cruz de madera oscura, sin imagen, clavada en una base de piedra.",,67,4.8,—,,—,—,,—,completas,3D,,,ok,ok,,,,,pendente,sim,data/marcos_fe.json › visita.cruzeiro.linhas[0]
fe.visita.cruzeiro.2,160,3 · A fé,Depois do mirante. E no Pedro. Ao chegar ao marco 'cruzeiro' neste passo.,(sem nome: o que o jogador vê e sente),voce,Narração da visita (sem voz),Caixa de fala sem nome,A fé do arraial,2/5 · fe_marcos,Visite os três marcos,"visitar: cruzeiro, terreiro, gameleira","10 XP, cocada ×2",cruzeiro,,A base está gasta de tanta mão. Alguém deixou uma fita amarrada no pé.,The base is worn smooth by so many hands. Someone left a ribbon tied at its foot.,La base está gastada de tantas manos. Alguien dejó una cinta atada al pie.,,70,5,—,,—,—,,—,completas,3D,,,ok,ok,,,,,pendente,sim,data/marcos_fe.json › visita.cruzeiro.linhas[1]
fe.visita.cruzeiro.3,161,3 · A fé,Depois do mirante. E no Pedro. Ao chegar ao marco 'cruzeiro' neste passo.,(sem nome: o que o jogador vê e sente),voce,Narração da visita (sem voz),Caixa de fala sem nome,A fé do arraial,2/5 · fe_marcos,Visite os três marcos,"visitar: cruzeiro, terreiro, gameleira","10 XP, cocada ×2",cruzeiro,,É o marco mais antigo do lugar depois da igreja — e o único que fica no caminho de todo mundo.,It is the oldest landmark here after the church — and the only one on everyone's way.,"Es el hito más antiguo del lugar después de la iglesia, y el único que está en el camino de todos.",,94,6.7,—,,—,—,,—,completas,3D,,,ok,ok,,,,,pendente,sim,data/marcos_fe.json › visita.cruzeiro.linhas[2]
fe.visita.terreiro.1,162,3 · A fé,Depois do mirante. E no Pedro. Ao chegar ao marco 'terreiro' neste passo.,(sem nome: o que o jogador vê e sente),voce,Narração da visita (sem voz),Caixa de fala sem nome,A fé do arraial,2/5 · fe_marcos,Visite os três marcos,"visitar: cruzeiro, terreiro, gameleira","10 XP, cocada ×2",cruzeiro,,Você quase passa sem ver. A trilha some no capim e a casa está atrás da linha de árvores.,You almost walk past without seeing it. The trail fades into the grass and the house sits behind the line of trees.,Casi pasas sin verlo. El sendero se pierde en el pasto y la casa está detrás de la línea de árboles.,,89,6.4,—,,—,—,,—,completas,3D,,,ok,ok,,,,,pendente,sim,data/marcos_fe.json › visita.terreiro.linhas[0]
fe.visita.terreiro.2,163,3 · A fé,Depois do mirante. E no Pedro. Ao chegar ao marco 'terreiro' neste passo.,(sem nome: o que o jogador vê e sente),voce,Narração da visita (sem voz),Caixa de fala sem nome,A fé do arraial,2/5 · fe_marcos,Visite os três marcos,"visitar: cruzeiro, terreiro, gameleira","10 XP, cocada ×2",cruzeiro,,"Taipa caiada, porta fechada, e potes de barro alinhados na parede. No meio do chão batido, o lugar do fogo.","Whitewashed rammed earth, a closed door, and clay pots lined up along the wall. In the middle of the packed earth, the place for the fire.","Tapia encalada, puerta cerrada, y vasijas de barro alineadas en la pared. En medio del suelo apisonado, el lugar del fuego.",,107,7.6,—,,—,—,,—,completas,3D,,,ok,ok,,,,,pendente,sim,data/marcos_fe.json › visita.terreiro.linhas[1]
fe.visita.terreiro.3,164,3 · A fé,Depois do mirante. E no Pedro. Ao chegar ao marco 'terreiro' neste passo.,(sem nome: o que o jogador vê e sente),voce,Narração da visita (sem voz),Caixa de fala sem nome,A fé do arraial,2/5 · fe_marcos,Visite os três marcos,"visitar: cruzeiro, terreiro, gameleira","10 XP, cocada ×2",cruzeiro,,"Não tem nada escrito, nada que diga o que é. Em 1887, é isso que mantém um lugar destes de pé.","Nothing is written, nothing says what it is. In 1887, that is what keeps a place like this standing.","No hay nada escrito, nada que diga lo que es. En 1887, eso es lo que mantiene en pie un lugar así.",,94,6.7,—,,—,—,,—,completas,3D,,,ok,ok,,,,,pendente,sim,data/marcos_fe.json › visita.terreiro.linhas[2]
fe.visita.gameleira.1,165,3 · A fé,Depois do mirante. E no Pedro. Ao chegar ao marco 'gameleira' neste passo.,(sem nome: o que o jogador vê e sente),voce,Narração da visita (sem voz),Caixa de fala sem nome,A fé do arraial,2/5 · fe_marcos,Visite os três marcos,"visitar: cruzeiro, terreiro, gameleira","10 XP, cocada ×2",cruzeiro,,A árvore é maior do que qualquer coisa que o arraial construiu.,The tree is bigger than anything the village has built.,El árbol es más grande que cualquier cosa que el caserío haya construido.,,63,4.5,—,,—,—,,—,completas,3D,,,ok,ok,,,,,pendente,sim,data/marcos_fe.json › visita.gameleira.linhas[0]
fe.visita.gameleira.2,166,3 · A fé,Depois do mirante. E no Pedro. Ao chegar ao marco 'gameleira' neste passo.,(sem nome: o que o jogador vê e sente),voce,Narração da visita (sem voz),Caixa de fala sem nome,A fé do arraial,2/5 · fe_marcos,Visite os três marcos,"visitar: cruzeiro, terreiro, gameleira","10 XP, cocada ×2",cruzeiro,,"As raízes descem por cima de um monte baixo e branco. De perto se vê que não é pedra: é concha, milhões delas, empilhadas ao longo de um tempo que ninguém aqui sabe contar.","The roots come down over a low white mound. Up close you see it is not stone: it is shell, millions of them, piled up over a time no one here knows how to count.","Las raíces bajan por encima de un montículo bajo y blanco. De cerca se ve que no es piedra: es concha, millones de ellas, apiladas a lo largo de un tiempo que nadie aquí sabe contar.",,172,12.3,—,,—,—,,—,completas,3D,,,ok,ok,,,,,pendente,sim,data/marcos_fe.json › visita.gameleira.linhas[1]
fe.visita.gameleira.3,167,3 · A fé,Depois do mirante. E no Pedro. Ao chegar ao marco 'gameleira' neste passo.,(sem nome: o que o jogador vê e sente),voce,Narração da visita (sem voz),Caixa de fala sem nome,A fé do arraial,2/5 · fe_marcos,Visite os três marcos,"visitar: cruzeiro, terreiro, gameleira","10 XP, cocada ×2",cruzeiro,,Tem potes de barro entre as raízes. Alguém esteve aqui esta semana.,There are clay pots between the roots. Someone was here this week.,Hay vasijas de barro entre las raíces. Alguien estuvo aquí esta semana.,,67,4.8,—,,—,—,,—,completas,3D,,,ok,ok,,,,,pendente,sim,data/marcos_fe.json › visita.gameleira.linhas[2]
fe.visita.gameleira.4,168,3 · A fé,Depois do mirante. E no Pedro. Ao chegar ao marco 'gameleira' neste passo.,(sem nome: o que o jogador vê e sente),voce,Narração da visita (sem voz),Caixa de fala sem nome,A fé do arraial,2/5 · fe_marcos,Visite os três marcos,"visitar: cruzeiro, terreiro, gameleira","10 XP, cocada ×2",cruzeiro,,Quem levantou este monte não deixou nome. Deixou o monte.,Whoever raised this mound left no name. They left the mound.,Quien levantó este montículo no dejó nombre. Dejó el montículo.,,57,4.1,—,,—,—,,—,completas,3D,,,ok,ok,,,,,pendente,sim,data/marcos_fe.json › visita.gameleira.linhas[3]
missao.fe.fe_voltar.anuncio,169,3 · A fé,Depois do mirante. E no Pedro.,Pedro,pedro,Anúncio do passo,"Ao anunciar o passo (na vez dele, na fila de falas); o E no dono o repete",A fé do arraial,3/5 · fe_voltar,Conte à Dona Zefa o que viu,falar com Dona Zefa (E),,casa_de_taipa,,"Andou os três? Então volte à Dona Zefa e conte o que viu. Ela não sai de casa para isso: quem foi mandado ver, volta para contar.",Did you walk all three? Then go back to Dona Zefa and tell her what you saw. She will not leave home for that: whoever was sent to see comes back to tell.,"¿Recorriste los tres? Entonces vuelve con doña Zefa y cuéntale lo que viste. Ella no sale de casa para eso: quien fue mandado a ver, vuelve para contar.",,129,9.2,"Weverton - Youthful, Energetic and Clear · YbP0Eq5RE5uOoCEl7F3T · eleven_v3",,sem áudio,—,,—,completas,3D,,,ok,ok,,,,,pendente,sim,data/missoes_fe.json › passos[2] fe_voltar › texto
missao.fe.fe_voltar.resposta,170,3 · A fé,Depois do mirante. E no Pedro.,Dona Zefa,zefa,Resposta do passo (E),E em Dona Zefa,A fé do arraial,3/5 · fe_voltar,Conte à Dona Zefa o que viu,falar com Dona Zefa (E),,casa_de_taipa,,"Andou os três. Então agora escuta, que é a parte que importa. Você vai ser de uma — não de três, de uma. Aqui muita gente vai na missa de manhã e no terreiro de noite, e eu sou uma delas, mas por dentro cada um sabe de qual é. O que você aprender numa, aprende nela; o que juntar nela, junta nela. Se um dia você mudar, o que você era fica guardado, inteirinho, do jeito que você deixou — só que parar de valer, para. E se quiser levar junto o que juntou, aí custa quase tudo: de cada dez, chega um e meio. Vá no que te chamar e aceite lá. Não precisa ser hoje.","You walked all three. So now listen, this is the part that matters. You will belong to one — not three, one. Many people here go to mass in the morning and to the terreiro at night, and I am one of them, but inside each one knows which is theirs. What you learn in one, you learn in it; what you gather in it, you gather in it. If one day you change, what you were stays kept, whole, the way you left it — but it does stop counting. And if you want to bring along what you gathered, that costs almost everything: of every ten, one and a half arrive. Go to the one that calls you and accept there. It does not have to be today.","Recorriste los tres. Entonces ahora escucha, que es la parte que importa. Vas a ser de una: no de tres, de una. Aquí mucha gente va a misa por la mañana y al terreiro por la noche, y yo soy una de ellas, pero por dentro cada uno sabe de cuál es. Lo que aprendas en una, lo aprendes en ella; lo que juntes en ella, lo juntas en ella. Si un día cambias, lo que eras queda guardado, entero, como lo dejaste; pero deja de valer. Y si quieres llevar contigo lo que juntaste, eso cuesta casi todo: de cada diez, llega uno y medio. Ve al que te llame y acepta allí. No tiene que ser hoy.",,561,40.1,Edna · FrCDCQwye0euHmliGxP9 · eleven_v3,,sem áudio,—,,—,completas,3D,,,ok,ok,,,,,pendente,sim,data/missoes_fe.json › passos[2] fe_voltar › meta.resposta
missao.fe.fe_escolher.anuncio,171,3 · A fé,Depois do mirante. E no Pedro.,Pedro,pedro,Anúncio do passo,"Ao anunciar o passo (na vez dele, na fila de falas); o E no dono o repete",A fé do arraial,4/5 · fe_escolher,"Entre numa fé, no marco dela",evento: adotou_fe,"10 XP, beiju ×2, garapa ×2",cruzeiro,,"É com os pés, não é com a boca, ela disse. Volte no lugar que te chamou — o cruzeiro, o terreiro ou a gameleira —, chegue de frente e aceite ali.","It is done with the feet, not with the mouth, she said. Go back to the place that called you — the wayside cross, the terreiro or the gameleira —, face it and accept there.","Es con los pies, no con la boca, dijo ella. Vuelve al lugar que te llamó —el crucero, el terreiro o la gameleira—, ponte de frente y acepta allí.",,145,10.4,"Weverton - Youthful, Energetic and Clear · YbP0Eq5RE5uOoCEl7F3T · eleven_v3",,sem áudio,—,,—,completas,3D,,,ok,ok,,,,,pendente,sim,data/missoes_fe.json › passos[3] fe_escolher › texto
missao.fe.fe_contar.anuncio,172,3 · A fé,Depois do mirante. E no Pedro.,Pedro,pedro,Anúncio do passo,"Ao anunciar o passo (na vez dele, na fila de falas); o E no dono o repete",A fé do arraial,5/5 · fe_contar,Conte à Dona Zefa qual foi,falar com Dona Zefa (E),,casa_de_taipa,,Volte à Dona Zefa: ela quer saber qual foi.,Go back to Dona Zefa: she wants to know which one it was.,Vuelve con doña Zefa: quiere saber cuál fue.,,43,3.1,"Weverton - Youthful, Energetic and Clear · YbP0Eq5RE5uOoCEl7F3T · eleven_v3",,sem áudio,—,,—,completas,3D,,,ok,ok,,,,,pendente,sim,data/missoes_fe.json › passos[4] fe_contar › texto
missao.fe.fe_contar.resposta,173,3 · A fé,Depois do mirante. E no Pedro.,Dona Zefa,zefa,Resposta do passo (E),E em Dona Zefa,A fé do arraial,5/5 · fe_contar,Conte à Dona Zefa qual foi,falar com Dona Zefa (E),,casa_de_taipa,,"Pronto. Agora você é de alguma coisa. Aperte K e depois Tab: a teia da fé é outra teia, com pontos que são só dela. E toda vez que você parar num marco seu, você junta um tanto — uma vez por semana em cada um, que graça não é de todo dia, senão não era graça. Uma última coisa, e guarde: fé aqui nunca foi só o que a gente acredita. Foi o que sobrou depois que tiraram tudo o mais.","There. Now you belong to something. Press K and then Tab: the web of faith is another web, with points that are its alone. And every time you stop at a landmark of yours, you gather a little — once a week at each one, for grace is not for every day, or it would not be grace. One last thing, and keep it: faith here was never only what we believe. It was what was left after they took everything else.","Listo. Ahora eres de algo. Pulsa K y luego Tab: la red de la fe es otra red, con puntos que son solo suyos. Y cada vez que te detengas en un hito tuyo, juntas un poco: una vez por semana en cada uno, que la gracia no es de todos los días, si no, no sería gracia. Una última cosa, y guárdala: la fe aquí nunca fue solo lo que creemos. Fue lo que quedó después de que se llevaron todo lo demás.",,381,27.2,Edna · FrCDCQwye0euHmliGxP9 · eleven_v3,,sem áudio,—,,—,completas,3D,TAB (Trocar de aba),,ok,ok,,,,,pendente,sim,data/missoes_fe.json › passos[4] fe_contar › meta.resposta
missao.fe.arremate,174,3 · A fé,Depois do mirante. E no Pedro.,Pedro,pedro,Nota de fim (não falada),Fica no objetivo do HUD ao fim; a última resposta é a fala,A fé do arraial,,,,,,,"Você é de alguma coisa no arraial, e o arraial sabe.","You belong to something in the village, and the village knows it.","Eres de algo en el caserío, y el caserío lo sabe.",,52,3.7,"Weverton - Youthful, Energetic and Clear · YbP0Eq5RE5uOoCEl7F3T · eleven_v3",,—,—,,—,completas,3D,,,ok,ok,,,,,pendente,"sim (texto do HUD, sem voz)",data/missoes_fe.json › arremate
missao.fe_catolica.fe_romaria.anuncio,175,3 · A fé,Ao entrar na fé católica; só anda enquanto ela é a fé do jogador.,Voz do Cruzeiro,fe_catolica,Anúncio do passo,"Ao anunciar o passo (na vez dele, na fila de falas); o E no dono o repete",A romaria,1/1 · fe_romaria,Passe nos quatro marcos da igreja,"visitar: cruzeiro, capela, capela_estrada, cemiterio","10 XP, beiju ×2",cruzeiro,,"Agora que é da igreja, tem uma coisa que todo católico daqui faz uma vez: anda os quatro. O cruzeiro diante da igreja, o altar lá dentro, a capela velha da rua do mirante e o cemitério. Não é reza — é passar, tirar o chapéu e seguir. Quem andou os quatro, o arraial passa a contar como gente daqui.","Now that you belong to the church, there is something every Catholic here does once: walk the four. The wayside cross before the church, the altar inside it, the old chapel on the lookout road and the cemetery. It is not prayer — it is passing by, taking off your hat and moving on. Whoever has walked the four, the village starts counting as one of its own.","Ahora que eres de la iglesia, hay algo que todo católico de aquí hace una vez: recorre los cuatro. El crucero frente a la iglesia, el altar adentro, la capilla vieja de la calle del mirador y el cementerio. No es rezo: es pasar, quitarse el sombrero y seguir. A quien recorrió los cuatro, el caserío lo empieza a contar como gente de aquí.",,298,21.3,(sem voz definida),,sem áudio,—,,—,completas,3D,,quem fala não tem voz definida (npcs_3d.json),ok,ok,,,,,pendente,sim,data/missoes_fe_catolica.json › passos[0] fe_romaria › texto
missao.fe_catolica.arremate,176,3 · A fé,Ao entrar na fé católica; só anda enquanto ela é a fé do jogador.,Voz do Cruzeiro,fe_catolica,Arremate da missão,"Fechado o último passo, o dono diz (na vez dele)",A romaria,,,,,,,"Andou os quatro. Ninguém viu você andar, e todo mundo ficou sabendo. É assim que a católica funciona aqui: devagar, e para todo mundo junto.","You walked the four. No one saw you walk, and everyone came to know. That is how the Catholic faith works here: slowly, and for everyone together.","Recorriste los cuatro. Nadie te vio andar, y todo el mundo se enteró. Así funciona la católica aquí: despacio, y para todos juntos.",,140,10,(sem voz definida),,sem áudio,—,,—,completas,3D,,quem fala não tem voz definida (npcs_3d.json),ok,ok,,,,,pendente,sim,data/missoes_fe_catolica.json › arremate
missao.fe_candomble.fe_mesa.anuncio,177,3 · A fé,Ao entrar no candomblé; só anda enquanto ele é a fé do jogador.,Voz do Terreiro,fe_candomble,Anúncio do passo,"Ao anunciar o passo (na vez dele, na fila de falas); o E no dono o repete",A mesa da folha,1/1 · fe_mesa,"Leve 3 ervas, 2 peixes e 2 canas ao terreiro","oferendar em terreiro: maço de ervas da serra ×3, peixe ×2, cana-de-açúcar ×2","10 XP, pirão de peixe ×2",terreiro,,"Terreiro não se entra de mão vazia, e a primeira mesa é sua. Folha da serra, peixe da maré e cana da roça: o que o mato dá, o que a água dá e o que a mão plantou. Três ervas, dois peixes, duas canas. Leve tudo junto ao terreiro. Lá se aprende em roda; ninguém aprende sozinho.","No one enters a terreiro empty-handed, and the first table is yours. Leaf from the hills, fish from the tide and cane from the field: what the bush gives, what the water gives and what the hand has planted. Three herbs, two fish, two canes. Bring it all together to the terreiro. There one learns in a circle; no one learns alone.","Al terreiro no se entra con las manos vacías, y la primera mesa es tuya. Hoja de la sierra, pez de la marea y caña de la roza: lo que da el monte, lo que da el agua y lo que plantó la mano. Tres hierbas, dos peces, dos cañas. Llévalo todo junto al terreiro. Allí se aprende en rueda; nadie aprende solo.",,276,19.7,(sem voz definida),,sem áudio,—,,—,completas,3D,,quem fala não tem voz definida (npcs_3d.json),ok,ok,,,,,pendente,sim,data/missoes_fe_candomble.json › passos[0] fe_mesa › texto
missao.fe_candomble.fe_mesa.resposta,178,3 · A fé,Ao entrar no candomblé; só anda enquanto ele é a fé do jogador.,Voz do Terreiro,fe_candomble,Resposta do passo (E),"E no lugar da oferenda, com a oferta na mochila",A mesa da folha,1/1 · fe_mesa,"Leve 3 ervas, 2 peixes e 2 canas ao terreiro","oferendar em terreiro: maço de ervas da serra ×3, peixe ×2, cana-de-açúcar ×2","10 XP, pirão de peixe ×2",terreiro,,"Você deixa tudo no chão de barro batido, e alguém que você não viu recolhe. Não se agradece. A mesa é para a casa, e a casa é de todos.","You set it all down on the packed-earth floor, and someone you did not see gathers it up. One does not give thanks. The table is for the house, and the house belongs to everyone.","Dejas todo en el suelo de barro apisonado, y alguien que no viste lo recoge. No se agradece. La mesa es para la casa, y la casa es de todos.",,135,9.6,(sem voz definida),,sem áudio,—,,—,completas,3D,,quem fala não tem voz definida (npcs_3d.json),ok,ok,,,,,pendente,sim,data/missoes_fe_candomble.json › passos[0] fe_mesa › meta.resposta
missao.fe_caboclo.fe_monte.anuncio,179,3 · A fé,Ao entrar na fé do caboclo; só anda enquanto ela é a fé do jogador.,Voz da Gameleira,fe_caboclo,Anúncio do passo,"Ao anunciar o passo (na vez dele, na fila de falas); o E no dono o repete",Pagar o monte,1/1 · fe_monte,Leve 6 ostras à gameleira,oferendar em gameleira: ostra ×6,"10 XP, peixe na brasa ×2",gameleira,,"O monte debaixo da gameleira é concha, milhões, e quem juntou não deixou nome. Quem é do caboclo paga o monte: cata ostra nas pedras da maré, ali perto das pedras da ponta da praia, e põe as suas conchas em cima das deles. Seis bastam para a primeira vez. Não é oferenda. É continuar uma coisa que começou antes de todo mundo.","The mound under the gameleira is shell, millions, and whoever gathered it left no name. Those who follow the Caboclo pay the mound: pick oysters from the tide rocks, there by the rocks at the tip of the beach, and put your shells on top of theirs. Six are enough the first time. It is not an offering. It is carrying on something that began before everyone.","El montículo debajo de la gameleira es concha, millones, y quien lo juntó no dejó nombre. Quien es del caboclo paga el montículo: junta ostras en las piedras de la marea, ahí cerca de las piedras de la punta de la playa, y pone sus conchas encima de las de ellos. Seis bastan la primera vez. No es ofrenda. Es continuar algo que empezó antes que todos.",,326,23.3,(sem voz definida),,sem áudio,—,,—,completas,3D,,quem fala não tem voz definida (npcs_3d.json),ok,ok,,,,,pendente,sim,data/missoes_fe_caboclo.json › passos[0] fe_monte › texto
missao.fe_caboclo.fe_monte.resposta,180,3 · A fé,Ao entrar na fé do caboclo; só anda enquanto ela é a fé do jogador.,Voz da Gameleira,fe_caboclo,Resposta do passo (E),"E no lugar da oferenda, com a oferta na mochila",Pagar o monte,1/1 · fe_monte,Leve 6 ostras à gameleira,oferendar em gameleira: ostra ×6,"10 XP, peixe na brasa ×2",gameleira,,"Seis conchas no alto do monte. Não se veem, de tanta que já tem. Você desce a mão pela raiz. O corpo não afrouxa; fica mais duro. É o que esta fé promete.","Six shells at the top of the mound. They cannot be seen, there are so many already. You run your hand down the root. Your body does not loosen; it grows harder. That is what this faith promises.","Seis conchas en lo alto del montículo. No se ven, de tantas que ya hay. Bajas la mano por la raíz. El cuerpo no se afloja; se endurece. Es lo que promete esta fe.",,154,11,(sem voz definida),,sem áudio,—,,—,completas,3D,,quem fala não tem voz definida (npcs_3d.json),ok,ok,,,,,pendente,sim,data/missoes_fe_caboclo.json › passos[0] fe_monte › meta.resposta
missao.capoeira.trancada,181,3 · A fé,"No candomblé, com a mesa da folha cumprida. E no Cosme.",Cosme,cosme,Aviso de fila trancada,E no dono enquanto a fila espera o que ela pede,A capoeira do Cosme,,,,,,,Capoeira é roda de quem segue o candomblé. Volte depois de cumprir a mesa da folha no terreiro.,Capoeira is the circle of those who follow candomblé. Come back after you complete the leaf table at the terreiro.,La capoeira es rueda de quien sigue el candomblé. Vuelve después de cumplir la mesa de la hoja en el terreiro.,,95,6.8,Matheus (Energetic) · NQmLEqxcRTkWYIYZSYod · eleven_v3,,sem áudio,—,,—,completas,3D,,,ok,ok,,,,,pendente,sim,data/missoes_capoeira.json › trancada
missao.capoeira.capoeira_ginga.anuncio,182,3 · A fé,"No candomblé, com a mesa da folha cumprida. E no Cosme.",Cosme,cosme,Anúncio do passo,"Ao anunciar o passo (na vez dele, na fila de falas); o E no dono o repete",A capoeira do Cosme,1/6 · capoeira_ginga,Esquive de 3 botes com a ginga (V na hora do aviso),contar: esquivou ×3,,pedras,,"Capoeira não briga com o bicho: sai da frente dele. Quando o caititu baixar a cabeça e clarear, ginga — o V — e o bote morde o ar. Três vezes, e o corpo aprende.","Capoeira doesn't fight the animal: it gets out of its way. When the peccary lowers its head and lightens, ginga — V — and the lunge bites the air. Three times, and your body learns.","La capoeira no pelea con el bicho: se le quita del frente. Cuando el pecarí baje la cabeza y se aclare, ginga —la V— y la embestida muerde el aire. Tres veces, y el cuerpo aprende.",,161,11.5,Matheus (Energetic) · NQmLEqxcRTkWYIYZSYod · eleven_v3,,sem áudio,—,,—,completas,3D,V (Gingar (esquiva)),,ok,ok,,,,,pendente,sim,data/missoes_capoeira.json › passos[0] capoeira_ginga › texto
missao.capoeira.capoeira_ginga_volta.anuncio,183,3 · A fé,"No candomblé, com a mesa da folha cumprida. E no Cosme.",Cosme,cosme,Anúncio do passo,"Ao anunciar o passo (na vez dele, na fila de falas); o E no dono o repete",A capoeira do Cosme,2/6 · capoeira_ginga_volta,Volte ao Cosme e conte a ginga,falar com Cosme (E),,casa_da_zefa,,"Volta aqui quando tiver gingado as três, que eu quero ver na sua cara.","Come back here when you've dodged all three, I want to see it on your face.","Vuelve aquí cuando hayas gingado las tres, que lo quiero ver en tu cara.",,70,5,Matheus (Energetic) · NQmLEqxcRTkWYIYZSYod · eleven_v3,,sem áudio,—,,—,completas,3D,,,ok,ok,,,,,pendente,sim,data/missoes_capoeira.json › passos[1] capoeira_ginga_volta › texto
missao.capoeira.capoeira_ginga_volta.resposta,184,3 · A fé,"No candomblé, com a mesa da folha cumprida. E no Cosme.",Cosme,cosme,Resposta do passo (E),E em Cosme,A capoeira do Cosme,2/6 · capoeira_ginga_volta,Volte ao Cosme e conte a ginga,falar com Cosme (E),,casa_da_zefa,,"Viu? O bicho morde onde você estava. Isso é a ginga: não é fugir, é não estar lá.","See? The animal bites where you were. That's the ginga: it isn't running away, it's not being there.","¿Viste? El bicho muerde donde estabas. Eso es la ginga: no es huir, es no estar ahí.",,81,5.8,Matheus (Energetic) · NQmLEqxcRTkWYIYZSYod · eleven_v3,,sem áudio,—,,—,completas,3D,,,ok,ok,,,,,pendente,sim,data/missoes_capoeira.json › passos[1] capoeira_ginga_volta › meta.resposta
missao.capoeira.capoeira_meia_lua.anuncio,185,3 · A fé,"No candomblé, com a mesa da folha cumprida. E no Cosme.",Cosme,cosme,Anúncio do passo,"Ao anunciar o passo (na vez dele, na fila de falas); o E no dono o repete",A capoeira do Cosme,3/6 · capoeira_meia_lua,Acerte 4 meias-luas em bicho (E de mão vazia),contar: acertou:meia_lua ×4,"10 XP, cocada ×2",pedras,,"Agora a perna. De mão vazia, o E vira meia-lua: o pé gira e acerta de lado. Quatro em bicho do mato, e o pé aprende o caminho sozinho.","Now the leg. With an empty hand, E becomes a meia-lua: the foot swings round and strikes from the side. Four on a wild animal, and your foot learns the way by itself.","Ahora la pierna. Con la mano vacía, la E se vuelve media luna: el pie gira y golpea de lado. Cuatro a un bicho del monte, y el pie aprende el camino solo.",,134,9.6,Matheus (Energetic) · NQmLEqxcRTkWYIYZSYod · eleven_v3,,sem áudio,—,,—,completas,3D,E (Ler / interagir),,ok,ok,,,,,pendente,sim,data/missoes_capoeira.json › passos[2] capoeira_meia_lua › texto
missao.capoeira.capoeira_meia_lua_volta.anuncio,186,3 · A fé,"No candomblé, com a mesa da folha cumprida. E no Cosme.",Cosme,cosme,Anúncio do passo,"Ao anunciar o passo (na vez dele, na fila de falas); o E no dono o repete",A capoeira do Cosme,4/6 · capoeira_meia_lua_volta,Volte ao Cosme e mostre a meia-lua,falar com Cosme (E),,casa_da_zefa,,"Quando o pé já souber, vem mostrar.","When your foot already knows, come and show me.","Cuando el pie ya sepa, ven a mostrármelo.",,35,2.5,Matheus (Energetic) · NQmLEqxcRTkWYIYZSYod · eleven_v3,,sem áudio,—,,—,completas,3D,,,ok,ok,,,,,pendente,sim,data/missoes_capoeira.json › passos[3] capoeira_meia_lua_volta › texto
missao.capoeira.capoeira_meia_lua_volta.resposta,187,3 · A fé,"No candomblé, com a mesa da folha cumprida. E no Cosme.",Cosme,cosme,Resposta do passo (E),E em Cosme,A capoeira do Cosme,4/6 · capoeira_meia_lua_volta,Volte ao Cosme e mostre a meia-lua,falar com Cosme (E),,casa_da_zefa,,Pé de capoeirista é pé que volta pro chão antes do bicho entender. Falta a última.,A capoeirista's foot is a foot that's back on the ground before the animal understands. One left.,Pie de capoeirista es pie que vuelve al suelo antes de que el bicho entienda. Falta la última.,,82,5.9,Matheus (Energetic) · NQmLEqxcRTkWYIYZSYod · eleven_v3,,sem áudio,—,,—,completas,3D,,,ok,ok,,,,,pendente,sim,data/missoes_capoeira.json › passos[3] capoeira_meia_lua_volta › meta.resposta
missao.capoeira.capoeira_rasteira.anuncio,188,3 · A fé,"No candomblé, com a mesa da folha cumprida. E no Cosme.",Cosme,cosme,Anúncio do passo,"Ao anunciar o passo (na vez dele, na fila de falas); o E no dono o repete",A capoeira do Cosme,5/6 · capoeira_rasteira,Deixe 2 bichos tontos com a rasteira (segure E de mão vazia),contar: tonteou ×2,"10 XP, mungunzá ×2",pedras,,"A rasteira não machuca: derruba o juízo. Segura o E de mão vazia e solta rente ao chão — o bicho fica tonto, e quem decide o resto é você. Dois.","The rasteira doesn't hurt: it knocks the sense out. Hold E with an empty hand and release it low to the ground — the animal gets dazed, and you decide the rest. Two.","La rasteira no lastima: derriba el juicio. Mantén la E con la mano vacía y suelta a ras del suelo: el bicho queda atontado, y lo demás lo decides tú. Dos.",,144,10.3,Matheus (Energetic) · NQmLEqxcRTkWYIYZSYod · eleven_v3,,sem áudio,—,,—,completas,3D,E (Ler / interagir),,ok,ok,,,,,pendente,sim,data/missoes_capoeira.json › passos[4] capoeira_rasteira › texto
missao.capoeira.capoeira_rasteira_volta.anuncio,189,3 · A fé,"No candomblé, com a mesa da folha cumprida. E no Cosme.",Cosme,cosme,Anúncio do passo,"Ao anunciar o passo (na vez dele, na fila de falas); o E no dono o repete",A capoeira do Cosme,6/6 · capoeira_rasteira_volta,Volte ao Cosme,falar com Cosme (E),,casa_da_zefa,,"Volta, que tem roda no terreiro e você já pode entrar.","Come back, there's a roda at the terreiro and you can join now.","Vuelve, que hay roda en el terreiro y ya puedes entrar.",,54,3.9,Matheus (Energetic) · NQmLEqxcRTkWYIYZSYod · eleven_v3,,sem áudio,—,,—,completas,3D,,,ok,ok,,,,,pendente,sim,data/missoes_capoeira.json › passos[5] capoeira_rasteira_volta › texto
missao.capoeira.capoeira_rasteira_volta.resposta,190,3 · A fé,"No candomblé, com a mesa da folha cumprida. E no Cosme.",Cosme,cosme,Resposta do passo (E),E em Cosme,A capoeira do Cosme,6/6 · capoeira_rasteira_volta,Volte ao Cosme,falar com Cosme (E),,casa_da_zefa,,"Ginga, meia-lua e rasteira. O resto a roda ensina — e a roda não tem fim.","Ginga, meia-lua and rasteira. The rest the roda teaches — and the roda has no end.","Ginga, media luna y rasteira. Lo demás lo enseña la roda, y la roda no tiene fin.",,73,5.2,Matheus (Energetic) · NQmLEqxcRTkWYIYZSYod · eleven_v3,,sem áudio,—,,—,completas,3D,,,ok,ok,,,,,pendente,sim,data/missoes_capoeira.json › passos[5] capoeira_rasteira_volta › meta.resposta
missao.capoeira.arremate,191,3 · A fé,"No candomblé, com a mesa da folha cumprida. E no Cosme.",Cosme,cosme,Nota de fim (não falada),Fica no objetivo do HUD ao fim; a última resposta é a fala,A capoeira do Cosme,,,,,,,Quem sabe sair da frente não precisa brigar.,Whoever knows how to step aside doesn't need to fight.,Quien sabe quitarse del frente no necesita pelear.,,44,3.1,Matheus (Energetic) · NQmLEqxcRTkWYIYZSYod · eleven_v3,,—,—,,—,completas,3D,,,ok,ok,,,,,pendente,"sim (texto do HUD, sem voz)",data/missoes_capoeira.json › arremate
missao.fazenda.cena.chamado.1,192,4 · Capítulo 6 — O convite,"No dia do convite: a manhã depois da fé escolhida, com a ponte de pé. Cena durante o passo (no dia do convite, com o jogador perto: o Pedro chama para a fazenda).",Pedro,pedro,Fala de cena,"Caixa de fala da cena, com o vale parado",O convite,1/4 · fazenda_ida,Atravesse o rio com o Pedro até o portão da fazenda,visita: chegar ao lugar,,portao_da_fazenda,portao_se_abre,"Acorda, que é hoje.","Wake up, it's today.","Despierta, que es hoy.",,19,1.5,"Weverton - Youthful, Energetic and Clear · YbP0Eq5RE5uOoCEl7F3T · eleven_v3",,sem áudio,—,,—,completas,3D,,,ok,ok,,,,,pendente,sim,data/missoes_fazenda.json › chamado[0]
missao.fazenda.cena.chamado.2,193,4 · Capítulo 6 — O convite,"No dia do convite: a manhã depois da fé escolhida, com a ponte de pé. Cena durante o passo (no dia do convite, com o jogador perto: o Pedro chama para a fazenda).",Pedro,pedro,Fala de cena,"Caixa de fala da cena, com o vale parado",O convite,1/4 · fazenda_ida,Atravesse o rio com o Pedro até o portão da fazenda,visita: chegar ao lugar,,portao_da_fazenda,portao_se_abre,"O convite — aquele papel que prenderam na sua porta, e que você guardou na mochila. Hoje é o dia dele.","The invitation — that paper they pinned to your door, the one you kept in your backpack. Today is its day.","La invitación: ese papel que clavaron en tu puerta, el que guardaste en la mochila. Hoy es su día.",,102,7.3,"Weverton - Youthful, Energetic and Clear · YbP0Eq5RE5uOoCEl7F3T · eleven_v3",,sem áudio,—,,—,completas,3D,,,problema,ok,"""aquele papel do mural da praça"" — o convite chegou ""preso em cada porta do arraial — esse estava na sua"" (o último passo da chegada).","""O convite — aquele papel que prenderam na sua porta, e que você guardou na mochila. Hoje é o dia dele.""",média,,corrigir,sim,data/missoes_fazenda.json › chamado[1]
missao.fazenda.cena.chamado.3,194,4 · Capítulo 6 — O convite,"No dia do convite: a manhã depois da fé escolhida, com a ponte de pé. Cena durante o passo (no dia do convite, com o jogador perto: o Pedro chama para a fazenda).",Pedro,pedro,Fala de cena,"Caixa de fala da cena, com o vale parado",O convite,1/4 · fazenda_ida,Atravesse o rio com o Pedro até o portão da fazenda,visita: chegar ao lugar,,portao_da_fazenda,portao_se_abre,Saiu gente de madrugada. O Seu Benedito foi de charrete e levou a Dona Zefa e a Dona Filó; o Tonho desceu a pé pela estrada ainda no escuro.,People left before dawn. Seu Benedito went by cart and took Dona Zefa and Dona Filó; Tonho walked down the road while it was still dark.,Salió gente de madrugada. El señor Benedito fue en carreta y llevó a doña Zefa y a doña Filó; Tonho bajó a pie por el camino todavía a oscuras.,,140,10,"Weverton - Youthful, Energetic and Clear · YbP0Eq5RE5uOoCEl7F3T · eleven_v3",,sem áudio,—,,—,completas,3D,,,ok,ok,,,,,pendente,sim,data/missoes_fazenda.json › chamado[2]
missao.fazenda.cena.chamado.4,195,4 · Capítulo 6 — O convite,"No dia do convite: a manhã depois da fé escolhida, com a ponte de pé. Cena durante o passo (no dia do convite, com o jogador perto: o Pedro chama para a fazenda).",Pedro,pedro,Fala de cena,"Caixa de fala da cena, com o vale parado",O convite,1/4 · fazenda_ida,Atravesse o rio com o Pedro até o portão da fazenda,visita: chegar ao lugar,,portao_da_fazenda,portao_se_abre,"Meus avós foram na frente, com o Seu Benedito. Eu fiquei esperando você.","My grandparents went ahead, with Seu Benedito. I stayed to wait for you.","Mis abuelos se adelantaron, con el señor Benedito. Yo me quedé esperándote.",,72,5.1,"Weverton - Youthful, Energetic and Clear · YbP0Eq5RE5uOoCEl7F3T · eleven_v3",,sem áudio,—,,—,completas,3D,,,ok,ok,,,,,pendente,sim,data/missoes_fazenda.json › chamado[3]
missao.fazenda.cena.chamado.5,196,4 · Capítulo 6 — O convite,"No dia do convite: a manhã depois da fé escolhida, com a ponte de pé. Cena durante o passo (no dia do convite, com o jogador perto: o Pedro chama para a fazenda).",Pedro,pedro,Fala de cena,"Caixa de fala da cena, com o vale parado",O convite,1/4 · fazenda_ida,Atravesse o rio com o Pedro até o portão da fazenda,visita: chegar ao lugar,,portao_da_fazenda,portao_se_abre,É do outro lado do rio grande. A gente passa pela ponte e pega a estrada de lá. Vem.,It's across the big river. We cross the bridge and take the road on the other side. Come.,Es del otro lado del río grande. Cruzamos el puente y tomamos el camino de allá. Ven.,,84,6,"Weverton - Youthful, Energetic and Clear · YbP0Eq5RE5uOoCEl7F3T · eleven_v3",,sem áudio,—,,—,completas,3D,,,ok,ok,,,,,pendente,sim,data/missoes_fazenda.json › chamado[4]
missao.fazenda.fazenda_ida.anuncio,197,4 · Capítulo 6 — O convite,"No dia do convite: a manhã depois da fé escolhida, com a ponte de pé.",Pedro,pedro,Anúncio do passo,"Ao anunciar o passo (na vez dele, na fila de falas); o E no dono o repete",O convite,1/4 · fazenda_ida,Atravesse o rio com o Pedro até o portão da fazenda,visita: chegar ao lugar,,portao_da_fazenda,portao_se_abre,Vem comigo: a fazenda é do outro lado do rio grande.,Come with me: the farm is across the big river.,Ven conmigo: la hacienda está del otro lado del río grande.,,52,3.7,"Weverton - Youthful, Energetic and Clear · YbP0Eq5RE5uOoCEl7F3T · eleven_v3",,sem áudio,—,,—,completas,3D,,,ok,ok,,,,,pendente,sim,data/missoes_fazenda.json › passos[0] fazenda_ida › texto
missao.fazenda.cena.ida_fim.1,198,4 · Capítulo 6 — O convite,"No dia do convite: a manhã depois da fé escolhida, com a ponte de pé. Cena ao fechar o passo (no portão).",Pedro,pedro,Fala de cena,"Caixa de fala da cena, com o vale parado",O convite,1/4 · fazenda_ida,Atravesse o rio com o Pedro até o portão da fazenda,visita: chegar ao lugar,,portao_da_fazenda,portao_se_abre,É aqui. Olha isso.,This is it. Look at that.,Es aquí. Mira eso.,,18,1.5,"Weverton - Youthful, Energetic and Clear · YbP0Eq5RE5uOoCEl7F3T · eleven_v3",,sem áudio,—,,—,completas,3D,,,ok,ok,,,,,pendente,sim,data/missoes_fazenda.json › ida_fim[0]
missao.fazenda.cena.ida_fim.2,199,4 · Capítulo 6 — O convite,"No dia do convite: a manhã depois da fé escolhida, com a ponte de pé. Cena ao fechar o passo (no portão).",Pedro,pedro,Fala de cena,"Caixa de fala da cena, com o vale parado",O convite,1/4 · fazenda_ida,Atravesse o rio com o Pedro até o portão da fazenda,visita: chegar ao lugar,,portao_da_fazenda,portao_se_abre,"Uns cinco metros de portão, e não chega a um de altura. Ferro fino, dá pra pular de perna aberta. Isso não guarda nada.","Some five meters of gate, and not even one high. Thin iron, you could step over it with your legs apart. That guards nothing.","Unos cinco metros de portón, y no llega a uno de alto. Hierro fino, se puede saltar con las piernas abiertas. Eso no guarda nada.",,119,8.5,"Weverton - Youthful, Energetic and Clear · YbP0Eq5RE5uOoCEl7F3T · eleven_v3",,sem áudio,—,,—,completas,3D,,,ok,ok,,,,,pendente,sim,data/missoes_fazenda.json › ida_fim[1]
missao.fazenda.cena.ida_fim.3,200,4 · Capítulo 6 — O convite,"No dia do convite: a manhã depois da fé escolhida, com a ponte de pé. Cena ao fechar o passo (no portão).",Pedro,pedro,Fala de cena,"Caixa de fala da cena, com o vale parado",O convite,1/4 · fazenda_ida,Atravesse o rio com o Pedro até o portão da fazenda,visita: chegar ao lugar,,portao_da_fazenda,portao_se_abre,"E aquela guarita do lado, de pedra velha: sem porta, sem janela. Ninguém faz guarda aí há muito tempo.","And that guardhouse beside it, of old stone: no door, no window. Nobody has kept guard there in a long time.","Y esa garita al lado, de piedra vieja: sin puerta, sin ventana. Nadie hace guardia ahí hace mucho tiempo.",,102,7.3,"Weverton - Youthful, Energetic and Clear · YbP0Eq5RE5uOoCEl7F3T · eleven_v3",,sem áudio,—,,—,completas,3D,,,ok,ok,,,,,pendente,sim,data/missoes_fazenda.json › ida_fim[2]
missao.fazenda.cena.ida_fim.4,201,4 · Capítulo 6 — O convite,"No dia do convite: a manhã depois da fé escolhida, com a ponte de pé. Cena ao fechar o passo (no portão).",Pedro,pedro,Fala de cena,"Caixa de fala da cena, com o vale parado",O convite,1/4 · fazenda_ida,Atravesse o rio com o Pedro até o portão da fazenda,visita: chegar ao lugar,,portao_da_fazenda,portao_se_abre,A gente veio de tão longe pra ver um portão que qualquer um abre.,We came all this way to see a gate anyone can open.,Vinimos de tan lejos para ver un portón que cualquiera abre.,,65,4.6,"Weverton - Youthful, Energetic and Clear · YbP0Eq5RE5uOoCEl7F3T · eleven_v3",,sem áudio,—,,—,completas,3D,,,ok,ok,,,,,pendente,sim,data/missoes_fazenda.json › ida_fim[3]
missao.fazenda.cena.narracao.1,202,4 · Capítulo 6 — O convite,"No dia do convite: a manhã depois da fé escolhida, com a ponte de pé. Cena ao fechar o passo (o portão se abre).",Narrador (voz do mundo),narrador,"Narração de cena (texto, sem voz)","A narração do vale (o escuro sobe, uma frase de cada vez)",O convite,1/4 · fazenda_ida,Atravesse o rio com o Pedro até o portão da fazenda,visita: chegar ao lugar,,portao_da_fazenda,portao_se_abre,"Os portões abriram para um descampado de terra batida, e a terra ia até o pé de uma escadaria que não combinava com o portão.","The gates opened onto a clearing of packed earth, and the earth ran up to the foot of a staircase that did not match the gate.","Los portones se abrieron a un descampado de tierra apisonada, y la tierra llegaba hasta el pie de una escalinata que no combinaba con el portón.",,125,8.9,—,,—,—,,—,completas,3D,,,ok,ok,,,,,pendente,sim,data/missoes_fazenda.json › narracao[0]
missao.fazenda.cena.narracao.2,203,4 · Capítulo 6 — O convite,"No dia do convite: a manhã depois da fé escolhida, com a ponte de pé. Cena ao fechar o passo (o portão se abre).",Narrador (voz do mundo),narrador,"Narração de cena (texto, sem voz)","A narração do vale (o escuro sobe, uma frase de cada vez)",O convite,1/4 · fazenda_ida,Atravesse o rio com o Pedro até o portão da fazenda,visita: chegar ao lugar,,portao_da_fazenda,portao_se_abre,"Bodes e cabras andavam no meio da gente, sem ninguém para tomar conta deles.","Billy goats and nanny goats wandered among the people, with no one tending them.","Chivos y cabras andaban entre la gente, sin nadie que los cuidara.",,76,5.4,—,,—,—,,—,completas,3D,,,ok,ok,,,,,pendente,sim,data/missoes_fazenda.json › narracao[1]
missao.fazenda.cena.narracao.3,204,4 · Capítulo 6 — O convite,"No dia do convite: a manhã depois da fé escolhida, com a ponte de pé. Cena ao fechar o passo (o portão se abre).",Narrador (voz do mundo),narrador,"Narração de cena (texto, sem voz)","A narração do vale (o escuro sobe, uma frase de cada vez)",O convite,1/4 · fazenda_ida,Atravesse o rio com o Pedro até o portão da fazenda,visita: chegar ao lugar,,portao_da_fazenda,portao_se_abre,"Havia mesas compridas, cobertas, e banquinhos postos como quem espera muita gente sentada.","There were long tables, covered, and little benches set out as if for a great many people to sit.","Había mesas largas, cubiertas, y banquitos puestos como quien espera mucha gente sentada.",,90,6.4,—,,—,—,,—,completas,3D,,,ok,ok,,,,,pendente,sim,data/missoes_fazenda.json › narracao[2]
missao.fazenda.cena.narracao.4,205,4 · Capítulo 6 — O convite,"No dia do convite: a manhã depois da fé escolhida, com a ponte de pé. Cena ao fechar o passo (o portão se abre).",Narrador (voz do mundo),narrador,"Narração de cena (texto, sem voz)","A narração do vale (o escuro sobe, uma frase de cada vez)",O convite,1/4 · fazenda_ida,Atravesse o rio com o Pedro até o portão da fazenda,visita: chegar ao lugar,,portao_da_fazenda,portao_se_abre,"As mulheres da fazenda vinham receber os convidados, uma para cada grupo que chegava. Eram bonitas, e as roupas estavam surradas do trabalho.","The women of the farm came to receive the guests, one for each group that arrived. They were beautiful, and their clothes were worn from work.","Las mujeres de la hacienda venían a recibir a los invitados, una para cada grupo que llegaba. Eran hermosas, y la ropa estaba gastada del trabajo.",,141,10.1,—,,—,—,,—,completas,3D,,,ok,ok,,,,,pendente,sim,data/missoes_fazenda.json › narracao[3]
missao.fazenda.cena.narracao.5,206,4 · Capítulo 6 — O convite,"No dia do convite: a manhã depois da fé escolhida, com a ponte de pé. Cena ao fechar o passo (o portão se abre).",Narrador (voz do mundo),narrador,"Narração de cena (texto, sem voz)","A narração do vale (o escuro sobe, uma frase de cada vez)",O convite,1/4 · fazenda_ida,Atravesse o rio com o Pedro até o portão da fazenda,visita: chegar ao lugar,,portao_da_fazenda,portao_se_abre,Quem olhasse o pulso e o tornozelo delas via a marca do ferro. Ninguém olhou.,Whoever looked at their wrists and ankles would have seen the mark of the iron. No one looked.,Quien les mirara la muñeca y el tobillo vería la marca del hierro. Nadie miró.,,77,5.5,—,,—,—,,—,completas,3D,,,ok,ok,,,,,pendente,sim,data/missoes_fazenda.json › narracao[4]
missao.fazenda.cena.narracao.6,207,4 · Capítulo 6 — O convite,"No dia do convite: a manhã depois da fé escolhida, com a ponte de pé. Cena ao fechar o passo (o portão se abre).",Narrador (voz do mundo),narrador,"Narração de cena (texto, sem voz)","A narração do vale (o escuro sobe, uma frase de cada vez)",O convite,1/4 · fazenda_ida,Atravesse o rio com o Pedro até o portão da fazenda,visita: chegar ao lugar,,portao_da_fazenda,portao_se_abre,"Não havia capataz nenhum, nem senhor de engenho, nem quem dissesse de quem era aquilo. E não havia ninguém no arraial que achasse isso estranho.","There was no overseer, no mill owner, no one to say whose place it was. And there was no one in the village who found that strange.","No había capataz alguno, ni señor de ingenio, ni quien dijera de quién era aquello. Y no había nadie en el pueblo a quien eso le pareciera extraño.",,144,10.3,—,,—,—,,—,completas,3D,,,ok,ok,,,,,pendente,sim,data/missoes_fazenda.json › narracao[5]
missao.fazenda.fazenda_chegada.anuncio,208,4 · Capítulo 6 — O convite,"No dia do convite: a manhã depois da fé escolhida, com a ponte de pé.",Pedro,pedro,Anúncio do passo,"Ao anunciar o passo (na vez dele, na fila de falas); o E no dono o repete",O convite,2/4 · fazenda_chegada,Atravesse o pátio até a escadaria do casarão,visita: chegar ao lugar,,patio_da_fazenda,chegou_ao_patio,"Tá todo mundo lá dentro, no descampado em frente à escadaria. Anda, que a gente já perdeu a metade. Vem por esse caminho de terra batida, que é onde a gente entra.","Everyone's inside, in the clearing in front of the staircase. Come on, we've already missed half of it. Come along this packed-earth path, that's where we go in.","Están todos adentro, en el descampado frente a la escalinata. Anda, que ya nos perdimos la mitad. Ven por este camino de tierra apisonada, que es por donde entramos.",,163,11.6,"Weverton - Youthful, Energetic and Clear · YbP0Eq5RE5uOoCEl7F3T · eleven_v3",,sem áudio,—,,—,completas,3D,,,ok,ok,,,,,pendente,sim,data/missoes_fazenda.json › passos[1] fazenda_chegada › texto
missao.fazenda.cena.chegada_fim.1,209,4 · Capítulo 6 — O convite,"No dia do convite: a manhã depois da fé escolhida, com a ponte de pé. Cena ao fechar o passo (no pátio, os avós dele).",Pedro,pedro,Fala de cena,"Caixa de fala da cena, com o vale parado",O convite,2/4 · fazenda_chegada,Atravesse o pátio até a escadaria do casarão,visita: chegar ao lugar,,patio_da_fazenda,chegou_ao_patio,"Achei meus avós. Estão ali, sentados, com um banquinho cada um — deram banquinho pra todo mundo.","I found my grandparents. They're over there, sitting, each on a little bench — they gave everyone a bench.","Encontré a mis abuelos. Están allí, sentados, cada uno con su banquito; les dieron banquito a todos.",,96,6.9,"Weverton - Youthful, Energetic and Clear · YbP0Eq5RE5uOoCEl7F3T · eleven_v3",,sem áudio,—,,—,completas,3D,,,ok,ok,,,,,pendente,sim,data/missoes_fazenda.json › chegada_fim[0]
missao.fazenda.cena.chegada_fim.2,210,4 · Capítulo 6 — O convite,"No dia do convite: a manhã depois da fé escolhida, com a ponte de pé. Cena ao fechar o passo (no pátio, os avós dele).",Pedro,pedro,Fala de cena,"Caixa de fala da cena, com o vale parado",O convite,2/4 · fazenda_chegada,Atravesse o pátio até a escadaria do casarão,visita: chegar ao lugar,,patio_da_fazenda,chegou_ao_patio,"Olha o tamanho da escadaria. E aquelas mesas cobertas, ali: eu nunca vi mesa daquele tamanho coberta desse jeito. Deve ser o banquete.",Look at the size of that staircase. And those covered tables over there: I've never seen a table that size covered like that. Must be the banquet.,"Mira el tamaño de la escalinata. Y esas mesas cubiertas, allí: nunca vi una mesa de ese tamaño cubierta así. Debe ser el banquete.",,134,9.6,"Weverton - Youthful, Energetic and Clear · YbP0Eq5RE5uOoCEl7F3T · eleven_v3",,sem áudio,—,,—,completas,3D,,,ok,ok,,,,,pendente,sim,data/missoes_fazenda.json › chegada_fim[1]
missao.fazenda.cena.chegada_fim.3,211,4 · Capítulo 6 — O convite,"No dia do convite: a manhã depois da fé escolhida, com a ponte de pé. Cena ao fechar o passo (no pátio, os avós dele).",Pedro,pedro,Fala de cena,"Caixa de fala da cena, com o vale parado",O convite,2/4 · fazenda_chegada,Atravesse o pátio até a escadaria do casarão,visita: chegar ao lugar,,patio_da_fazenda,chegou_ao_patio,"Mas repara uma coisa. Quem foi convidado é o arraial todo, e quem mais apareceu foi homem. Homem de roça e homem de mar, tudo grande.","But notice something. The whole village was invited, and most of the ones who showed up were men. Field men and sea men, all of them big.","Pero fíjate en una cosa. Al que invitaron fue a todo el pueblo, y los que más vinieron fueron hombres. Hombres de la roza y hombres del mar, todos grandes.",,133,9.5,"Weverton - Youthful, Energetic and Clear · YbP0Eq5RE5uOoCEl7F3T · eleven_v3",,sem áudio,—,,—,completas,3D,,,atenção,ok,"""quem apareceu foi homem"" — o próprio Pedro acabou de dizer que a Dona Zefa, a Dona Filó e a avó dele foram. O capítulo 6 diz que vieram ""muitos homens"".","""Quem foi convidado é o arraial todo, e quem mais apareceu foi homem.""",baixa,,corrigir,sim,data/missoes_fazenda.json › chegada_fim[2]
missao.fazenda.cena.chegada_fim.4,212,4 · Capítulo 6 — O convite,"No dia do convite: a manhã depois da fé escolhida, com a ponte de pé. Cena ao fechar o passo (no pátio, os avós dele).",Pedro,pedro,Fala de cena,"Caixa de fala da cena, com o vale parado",O convite,2/4 · fazenda_chegada,Atravesse o pátio até a escadaria do casarão,visita: chegar ao lugar,,patio_da_fazenda,chegou_ao_patio,"Parece menos festa e mais aquelas cheganças que a gente faz na praia, quando vai escolher quem puxa a rede.",It looks less like a party and more like those gatherings we hold on the beach when we're choosing who pulls the net.,Parece menos fiesta y más esas reuniones que hacemos en la playa cuando vamos a elegir quién tira de la red.,,107,7.6,"Weverton - Youthful, Energetic and Clear · YbP0Eq5RE5uOoCEl7F3T · eleven_v3",,sem áudio,—,,—,completas,3D,,,ok,ok,,,,,pendente,sim,data/missoes_fazenda.json › chegada_fim[3]
missao.fazenda.cena.chegada_fim.5,213,4 · Capítulo 6 — O convite,"No dia do convite: a manhã depois da fé escolhida, com a ponte de pé. Cena ao fechar o passo (no pátio, os avós dele).",Pedro,pedro,Fala de cena,"Caixa de fala da cena, com o vale parado",O convite,2/4 · fazenda_chegada,Atravesse o pátio até a escadaria do casarão,visita: chegar ao lugar,,patio_da_fazenda,chegou_ao_patio,"Deve ser coisa minha. Senta aí e espera, que alguém vai falar.","Must be just me. Sit down and wait, someone is going to speak.","Debe ser cosa mía. Siéntate y espera, que alguien va a hablar.",,62,4.4,"Weverton - Youthful, Energetic and Clear · YbP0Eq5RE5uOoCEl7F3T · eleven_v3",,sem áudio,—,,—,completas,3D,,,ok,ok,,,,,pendente,sim,data/missoes_fazenda.json › chegada_fim[4]
missao.fazenda.fazenda_chamado.anuncio,214,4 · Capítulo 6 — O convite,"No dia do convite: a manhã depois da fé escolhida, com a ponte de pé.",Pedro,pedro,Anúncio do passo,"Ao anunciar o passo (na vez dele, na fila de falas); o E no dono o repete",O convite,3/4 · fazenda_chamado,Sente-se com o Pedro e espere quem vai falar,visita: chegar ao lugar,,patio_da_fazenda,chamado_aos_corajosos,Senta aí comigo. Ninguém come antes de alguém falar — e alguém vai falar.,"Sit here with me. Nobody eats before someone speaks, and someone is going to speak.","Siéntate aquí conmigo. Nadie come antes de que alguien hable, y alguien va a hablar.",,73,5.2,"Weverton - Youthful, Energetic and Clear · YbP0Eq5RE5uOoCEl7F3T · eleven_v3",,sem áudio,—,,—,completas,3D,,,ok,ok,,,,,pendente,sim,data/missoes_fazenda.json › passos[2] fazenda_chamado › texto
missao.fazenda.cena.silencio.1,215,4 · Capítulo 6 — O convite,"No dia do convite: a manhã depois da fé escolhida, com a ponte de pé. Cena ao fechar o passo.",Narrador (voz do mundo),narrador,"Narração de cena (texto, sem voz)","A narração do vale (o escuro sobe, uma frase de cada vez)",O convite,3/4 · fazenda_chamado,Sente-se com o Pedro e espere quem vai falar,visita: chegar ao lugar,,patio_da_fazenda,chamado_aos_corajosos,"De repente fez-se silêncio, e só o vento se ouviu. Os bodes e as cabras tinham sumido do pátio, e nenhuma ave cantava.","Suddenly there was silence, and only the wind could be heard. The goats had vanished from the courtyard, and no bird sang.","De pronto se hizo silencio, y solo se oyó el viento. Los chivos y las cabras habían desaparecido del patio, y ningún ave cantaba.",,118,8.4,—,,—,—,,—,completas,3D,,,ok,ok,,,,,pendente,sim,data/missoes_fazenda.json › silencio[0]
missao.fazenda.cena.silencio.2,216,4 · Capítulo 6 — O convite,"No dia do convite: a manhã depois da fé escolhida, com a ponte de pé. Cena ao fechar o passo.",Narrador (voz do mundo),narrador,"Narração de cena (texto, sem voz)","A narração do vale (o escuro sobe, uma frase de cada vez)",O convite,3/4 · fazenda_chamado,Sente-se com o Pedro e espere quem vai falar,visita: chegar ao lugar,,patio_da_fazenda,chamado_aos_corajosos,"No alto da escadaria apareceram duas mulheres: a moça que recebera cada grupo no portão, e uma senhora bonita, em quem só o tempo tinha deixado marcas.","At the top of the staircase two women appeared: the young woman who had received each group at the gate, and a beautiful lady on whom only time had left its marks.","En lo alto de la escalinata aparecieron dos mujeres: la joven que había recibido a cada grupo en el portón, y una señora hermosa, en quien solo el tiempo había dejado marcas.",,151,10.8,—,,—,—,,—,completas,3D,,,ok,ok,,,,,pendente,sim,data/missoes_fazenda.json › silencio[1]
missao.fazenda.cena.silencio.3,217,4 · Capítulo 6 — O convite,"No dia do convite: a manhã depois da fé escolhida, com a ponte de pé. Cena ao fechar o passo.",Narrador (voz do mundo),narrador,"Narração de cena (texto, sem voz)","A narração do vale (o escuro sobe, uma frase de cada vez)",O convite,3/4 · fazenda_chamado,Sente-se com o Pedro e espere quem vai falar,visita: chegar ao lugar,,patio_da_fazenda,chamado_aos_corajosos,"Atrás delas, as portas da casa não tinham nada de grande. Eram passagens para um lugar que parecia abandonado, sem porta nem janela inteira.","Behind them, the doors of the house had nothing grand about them. They were passages into a place that looked abandoned, with no door or window left whole.","Detrás de ellas, las puertas de la casa no tenían nada de grandioso. Eran pasajes a un lugar que parecía abandonado, sin puerta ni ventana enteras.",,140,10,—,,—,—,,—,completas,3D,,,ok,ok,,,,,pendente,sim,data/missoes_fazenda.json › silencio[2]
missao.fazenda.cena.chamado_aos_corajosos.1,218,4 · Capítulo 6 — O convite,"No dia do convite: a manhã depois da fé escolhida, com a ponte de pé. Cena ao fechar o passo.",A anfitriã mais velha,fazenda_anfitria,Fala de cena,"Caixa de fala da cena, com o vale parado",O convite,3/4 · fazenda_chamado,Sente-se com o Pedro e espere quem vai falar,visita: chegar ao lugar,,patio_da_fazenda,chamado_aos_corajosos,"Bem-vindos. É bom dizer bem-vindos a vocês: hoje é um bom dia, e ter vocês aqui é bom.","Welcome. It is good to say welcome to you: today is a good day, and having you here is good.","Bienvenidos. Es bueno decirles bienvenidos: hoy es un buen día, y tenerlos aquí es bueno.",,86,6.1,(sem voz definida),,sem áudio,—,,—,completas,3D,,quem fala não tem voz definida (npcs_3d.json),ok,ok,,,,,pendente,sim,data/missoes_fazenda.json › chamado_aos_corajosos[0]
missao.fazenda.cena.chamado_aos_corajosos.2,219,4 · Capítulo 6 — O convite,"No dia do convite: a manhã depois da fé escolhida, com a ponte de pé. Cena ao fechar o passo.",A anfitriã mais velha,fazenda_anfitria,Fala de cena,"Caixa de fala da cena, com o vale parado",O convite,3/4 · fazenda_chamado,Sente-se com o Pedro e espere quem vai falar,visita: chegar ao lugar,,patio_da_fazenda,chamado_aos_corajosos,"Todo mundo está perguntando por que chamamos. Somos as vizinhas que mantêm os portões fechados e não aparecem muito. Algumas coisas mudaram, e a partir de hoje esperamos mais visitas.","Everyone is asking why we called. We are the neighbors who keep the gates shut and don't show ourselves much. Some things have changed, and from today on we expect more visits.","Todos se preguntan por qué los llamamos. Somos las vecinas que mantienen los portones cerrados y no se dejan ver mucho. Algunas cosas cambiaron, y desde hoy esperamos más visitas.",,183,13.1,(sem voz definida),,sem áudio,—,,—,completas,3D,,quem fala não tem voz definida (npcs_3d.json),ok,ok,,,,,pendente,sim,data/missoes_fazenda.json › chamado_aos_corajosos[1]
missao.fazenda.cena.chamado_aos_corajosos.3,220,4 · Capítulo 6 — O convite,"No dia do convite: a manhã depois da fé escolhida, com a ponte de pé. Cena ao fechar o passo.",A anfitriã mais velha,fazenda_anfitria,Fala de cena,"Caixa de fala da cena, com o vale parado",O convite,3/4 · fazenda_chamado,Sente-se com o Pedro e espere quem vai falar,visita: chegar ao lugar,,patio_da_fazenda,chamado_aos_corajosos,Chamamos vocês para se divertirem: uma boa manhã e um dia único. Todos foram convidados — mas agora venham só os homens mais corajosos.,"We called you to enjoy yourselves: a good morning and a day like no other. Everyone was invited; but now, let only the bravest men come.","Los llamamos para que se diviertan: una buena mañana y un día único. Todos fueron invitados; pero ahora, que vengan solo los hombres más valientes.",,135,9.6,(sem voz definida),,sem áudio,—,,—,completas,3D,,quem fala não tem voz definida (npcs_3d.json),ok,ok,,,,,pendente,sim,data/missoes_fazenda.json › chamado_aos_corajosos[2]
missao.fazenda.cena.chamado_aos_corajosos.4,221,4 · Capítulo 6 — O convite,"No dia do convite: a manhã depois da fé escolhida, com a ponte de pé. Cena ao fechar o passo.",A anfitriã mais velha,fazenda_anfitria,Fala de cena,"Caixa de fala da cena, com o vale parado",O convite,3/4 · fazenda_chamado,Sente-se com o Pedro e espere quem vai falar,visita: chegar ao lugar,,patio_da_fazenda,chamado_aos_corajosos,"Faremos algumas atividades que vão precisar de atitude e coragem. Venham, e entrem em nossa casa, se acreditam que estão aptos para isso.","We will do some activities that will take nerve and courage. Come, and enter our house, if you believe you are fit for it.","Haremos algunas actividades que van a necesitar actitud y coraje. Vengan, y entren en nuestra casa, si creen que están aptos para ello.",,137,9.8,(sem voz definida),,sem áudio,—,,—,completas,3D,,quem fala não tem voz definida (npcs_3d.json),ok,ok,,,,,pendente,sim,data/missoes_fazenda.json › chamado_aos_corajosos[3]
missao.fazenda.cena.de_pe.1,222,4 · Capítulo 6 — O convite,"No dia do convite: a manhã depois da fé escolhida, com a ponte de pé. Cena ao fechar o passo.",Narrador (voz do mundo),narrador,"Narração de cena (texto, sem voz)","A narração do vale (o escuro sobe, uma frase de cada vez)",O convite,3/4 · fazenda_chamado,Sente-se com o Pedro e espere quem vai falar,visita: chegar ao lugar,,patio_da_fazenda,chamado_aos_corajosos,"Os homens mais fortes do arraial se levantaram na hora, prontos. Os outros ficaram sentados, cheios de perguntas.","The strongest men of the village stood up at once, ready. The others stayed seated, full of questions.","Los hombres más fuertes del pueblo se levantaron al instante, listos. Los demás se quedaron sentados, llenos de preguntas.",,113,8.1,—,,—,—,,—,completas,3D,,,ok,ok,,,,,pendente,sim,data/missoes_fazenda.json › de_pe[0]
missao.fazenda.cena.de_pe.2,223,4 · Capítulo 6 — O convite,"No dia do convite: a manhã depois da fé escolhida, com a ponte de pé. Cena ao fechar o passo.",Narrador (voz do mundo),narrador,"Narração de cena (texto, sem voz)","A narração do vale (o escuro sobe, uma frase de cada vez)",O convite,3/4 · fazenda_chamado,Sente-se com o Pedro e espere quem vai falar,visita: chegar ao lugar,,patio_da_fazenda,chamado_aos_corajosos,O Pedro não quis ficar para trás.,Pedro would not be left behind.,Pedro no quiso quedarse atrás.,,33,2.4,—,,—,—,,—,completas,3D,,,ok,ok,,,,,pendente,sim,data/missoes_fazenda.json › de_pe[1]
missao.fazenda.cena.pedro_vai.1,224,4 · Capítulo 6 — O convite,"No dia do convite: a manhã depois da fé escolhida, com a ponte de pé. Cena ao fechar o passo.",Pedro,pedro,Fala de cena,"Caixa de fala da cena, com o vale parado",O convite,3/4 · fazenda_chamado,Sente-se com o Pedro e espere quem vai falar,visita: chegar ao lugar,,patio_da_fazenda,chamado_aos_corajosos,Eu vou.,I'm going.,Yo voy.,,7,1.5,"Weverton - Youthful, Energetic and Clear · YbP0Eq5RE5uOoCEl7F3T · eleven_v3",,sem áudio,—,,—,completas,3D,,,ok,ok,,,,,pendente,sim,data/missoes_fazenda.json › pedro_vai[0]
missao.fazenda.cena.pedro_vai.2,225,4 · Capítulo 6 — O convite,"No dia do convite: a manhã depois da fé escolhida, com a ponte de pé. Cena ao fechar o passo.",Pedro,pedro,Fala de cena,"Caixa de fala da cena, com o vale parado",O convite,3/4 · fazenda_chamado,Sente-se com o Pedro e espere quem vai falar,visita: chegar ao lugar,,patio_da_fazenda,chamado_aos_corajosos,Eu sei: não sou grande nem forte como eles. Mas não vou ficar sentado olhando.,I know: I'm not big or strong like them. But I'm not going to sit here watching.,Ya sé: no soy grande ni fuerte como ellos. Pero no voy a quedarme sentado mirando.,,78,5.6,"Weverton - Youthful, Energetic and Clear · YbP0Eq5RE5uOoCEl7F3T · eleven_v3",,sem áudio,—,,—,completas,3D,,,ok,ok,,,,,pendente,sim,data/missoes_fazenda.json › pedro_vai[1]
missao.fazenda.cena.pedro_vai.3,226,4 · Capítulo 6 — O convite,"No dia do convite: a manhã depois da fé escolhida, com a ponte de pé. Cena ao fechar o passo.",Pedro,pedro,Fala de cena,"Caixa de fala da cena, com o vale parado",O convite,3/4 · fazenda_chamado,Sente-se com o Pedro e espere quem vai falar,visita: chegar ao lugar,,patio_da_fazenda,chamado_aos_corajosos,Vem comigo. Eu não entro naquela casa sozinho.,Come with me. I'm not going into that house alone.,Ven conmigo. Yo no entro en esa casa solo.,,46,3.3,"Weverton - Youthful, Energetic and Clear · YbP0Eq5RE5uOoCEl7F3T · eleven_v3",,sem áudio,—,,—,completas,3D,,,ok,ok,,,,,pendente,sim,data/missoes_fazenda.json › pedro_vai[2]
missao.fazenda.fazenda_porta_estreita.anuncio,227,4 · Capítulo 6 — O convite,"No dia do convite: a manhã depois da fé escolhida, com a ponte de pé.",Pedro,pedro,Anúncio do passo,"Ao anunciar o passo (na vez dele, na fila de falas); o E no dono o repete",O convite,4/4 · fazenda_porta_estreita,Fale com o Pedro (E) e suba a escadaria com ele,falar com Pedro (E),,patio_da_fazenda,porta_estreita,"Somos seis, comigo — sete, com você. Elas vão na frente, pela escadaria. Me chama quando estiver pronto, que a gente sobe junto.","Six of us, counting me — seven, with you. They go ahead, up the staircase. Call me when you're ready, and we go up together.","Somos seis, conmigo — siete, contigo. Ellas van adelante, por la escalinata. Avísame cuando estés listo, y subimos juntos.",,128,9.1,"Weverton - Youthful, Energetic and Clear · YbP0Eq5RE5uOoCEl7F3T · eleven_v3",,sem áudio,—,,—,completas,3D,,,problema,ok,"""Somos seis, comigo."" — e o jogador vai junto: cinco voltam pelos corredores (cena da porta, ""Cinco."") e ficam o Pedro e o jogador. São sete. O capítulo tem seis com o Pedro; o jogo soma o jogador.","""Somos seis, comigo — sete, com você. Elas vão na frente, pela escadaria...""",média,,corrigir,sim,data/missoes_fazenda.json › passos[3] fazenda_porta_estreita › texto
missao.fazenda.fazenda_porta_estreita.resposta,228,4 · Capítulo 6 — O convite,"No dia do convite: a manhã depois da fé escolhida, com a ponte de pé.",Pedro,pedro,Resposta do passo (E),E em Pedro,O convite,4/4 · fazenda_porta_estreita,Fale com o Pedro (E) e suba a escadaria com ele,falar com Pedro (E),,patio_da_fazenda,porta_estreita,"Então vamos. Lá dentro, fica perto de mim.","Then let's go. Inside, stay close to me.","Entonces vamos. Allá adentro, quédate cerca de mí.",,42,3,"Weverton - Youthful, Energetic and Clear · YbP0Eq5RE5uOoCEl7F3T · eleven_v3",,sem áudio,—,,—,completas,3D,,,ok,ok,,,,,pendente,sim,data/missoes_fazenda.json › passos[3] fazenda_porta_estreita › meta.resposta
missao.fazenda.cena.subida.1,229,4 · Capítulo 6 — O convite,"No dia do convite: a manhã depois da fé escolhida, com a ponte de pé. Cena ao fechar o passo.",Narrador (voz do mundo),narrador,"Narração de cena (texto, sem voz)","A narração do vale (o escuro sobe, uma frase de cada vez)",O convite,4/4 · fazenda_porta_estreita,Fale com o Pedro (E) e suba a escadaria com ele,falar com Pedro (E),,patio_da_fazenda,porta_estreita,"As duas levaram os sete pela escadaria, para dentro da casa. Lá fora virou festa: música e comida para quem ficou. Lá dentro, sala após sala, tudo ia ficando mais quieto.","The two women led the seven up the staircase and into the house. Outside it turned into a party: music and food for those who stayed. Inside, room after room, everything grew quieter.","Las dos llevaron a los siete por la escalinata, al interior de la casa. Afuera se volvió fiesta: música y comida para los que se quedaron. Adentro, sala tras sala, todo se iba quedando más quieto.",,170,12.1,—,,—,—,,—,completas,3D,,,problema,ok,"""As duas levaram os seis"" — ver o anúncio da porta estreita: são sete com o jogador.","""As duas levaram os sete pela escadaria, para dentro da casa...""",média,,corrigir,sim,data/missoes_fazenda.json › subida[0]
missao.fazenda.cena.subida.2,230,4 · Capítulo 6 — O convite,"No dia do convite: a manhã depois da fé escolhida, com a ponte de pé. Cena ao fechar o passo.",Narrador (voz do mundo),narrador,"Narração de cena (texto, sem voz)","A narração do vale (o escuro sobe, uma frase de cada vez)",O convite,4/4 · fazenda_porta_estreita,Fale com o Pedro (E) e suba a escadaria com ele,falar com Pedro (E),,patio_da_fazenda,porta_estreita,"Pararam o grupo num pequeno salão redondo, vazio. A mais nova foi quem falou.","They stopped the group in a small round hall, empty. It was the younger one who spoke.","Detuvieron al grupo en un pequeño salón redondo, vacío. Fue la más joven quien habló.",,77,5.5,—,,—,—,,—,completas,3D,,,ok,ok,,,,,pendente,sim,data/missoes_fazenda.json › subida[1]
missao.fazenda.cena.desafio.1,231,4 · Capítulo 6 — O convite,"No dia do convite: a manhã depois da fé escolhida, com a ponte de pé. Cena ao fechar o passo.",A moça da fazenda,fazenda_moca,Fala de cena,"Caixa de fala da cena, com o vale parado",O convite,4/4 · fazenda_porta_estreita,Fale com o Pedro (E) e suba a escadaria com ele,falar com Pedro (E),,patio_da_fazenda,porta_estreita,"Vocês estão aqui para marcar a nossa vida e a de vocês. Vieram se divertir, e nos dar o que têm de melhor.","You are here to mark our lives and yours. You came to enjoy yourselves, and to give us the best you have.","Están aquí para marcar nuestra vida y la de ustedes. Vinieron a divertirse, y a darnos lo mejor que tienen.",,106,7.6,(sem voz definida),,sem áudio,—,,—,completas,3D,,quem fala não tem voz definida (npcs_3d.json),ok,ok,,,,,pendente,sim,data/missoes_fazenda.json › desafio[0]
missao.fazenda.cena.desafio.2,232,4 · Capítulo 6 — O convite,"No dia do convite: a manhã depois da fé escolhida, com a ponte de pé. Cena ao fechar o passo.",A moça da fazenda,fazenda_moca,Fala de cena,"Caixa de fala da cena, com o vale parado",O convite,4/4 · fazenda_porta_estreita,Fale com o Pedro (E) e suba a escadaria com ele,falar com Pedro (E),,patio_da_fazenda,porta_estreita,"Queremos sua força, seu calor, seus braços. Precisamos de vocês. Queremos que sejam nossos.","We want your strength, your warmth, your arms. We need you. We want you to be ours.","Queremos su fuerza, su calor, sus brazos. Los necesitamos. Queremos que sean nuestros.",,91,6.5,(sem voz definida),,sem áudio,—,,—,completas,3D,,quem fala não tem voz definida (npcs_3d.json),ok,ok,,,,,pendente,sim,data/missoes_fazenda.json › desafio[1]
missao.fazenda.cena.cerco.1,233,4 · Capítulo 6 — O convite,"No dia do convite: a manhã depois da fé escolhida, com a ponte de pé. Cena ao fechar o passo.",Narrador (voz do mundo),narrador,"Narração de cena (texto, sem voz)","A narração do vale (o escuro sobe, uma frase de cada vez)",O convite,4/4 · fazenda_porta_estreita,Fale com o Pedro (E) e suba a escadaria com ele,falar com Pedro (E),,patio_da_fazenda,porta_estreita,"Outras mulheres da casa entraram no salão, o dobro deles, uma atenção para cada um. O Pedro quase não foi notado; ainda assim, duas pararam ao lado dele.","Other women of the house came into the hall, twice their number, an attention for each man. Pedro was hardly noticed; even so, two of them stopped at his side.","Otras mujeres de la casa entraron en el salón, el doble que ellos, una atención para cada uno. A Pedro casi no lo notaron; aun así, dos se detuvieron a su lado.",,153,10.9,—,,—,—,,—,completas,3D,,,ok,ok,,,,,pendente,sim,data/missoes_fazenda.json › cerco[0]
missao.fazenda.cena.cerco.2,234,4 · Capítulo 6 — O convite,"No dia do convite: a manhã depois da fé escolhida, com a ponte de pé. Cena ao fechar o passo.",Narrador (voz do mundo),narrador,"Narração de cena (texto, sem voz)","A narração do vale (o escuro sobe, uma frase de cada vez)",O convite,4/4 · fazenda_porta_estreita,Fale com o Pedro (E) e suba a escadaria com ele,falar com Pedro (E),,patio_da_fazenda,porta_estreita,"Quando todos já estavam à vontade, a mais velha interrompeu, e o silêncio voltou.","When everyone was at ease, the elder one interrupted, and the silence returned.","Cuando todos ya estaban a gusto, la mayor interrumpió, y el silencio volvió.",,81,5.8,—,,—,—,,—,completas,3D,,,ok,ok,,,,,pendente,sim,data/missoes_fazenda.json › cerco[1]
missao.fazenda.cena.so_um.1,235,4 · Capítulo 6 — O convite,"No dia do convite: a manhã depois da fé escolhida, com a ponte de pé. Cena ao fechar o passo.",A anfitriã mais velha,fazenda_anfitria,Fala de cena,"Caixa de fala da cena, com o vale parado",O convite,4/4 · fazenda_porta_estreita,Fale com o Pedro (E) e suba a escadaria com ele,falar com Pedro (E),,patio_da_fazenda,porta_estreita,Está bom? Estão gostando? Que bom. Mas só um vai poder seguir em frente.,Is it good? Are you enjoying it? Good. But only one will be able to go on.,¿Está bien? ¿Les gusta? Qué bien. Pero solo uno va a poder seguir adelante.,,72,5.1,(sem voz definida),,sem áudio,—,,—,completas,3D,,quem fala não tem voz definida (npcs_3d.json),ok,ok,,,,,pendente,sim,data/missoes_fazenda.json › so_um[0]
missao.fazenda.cena.so_um.2,236,4 · Capítulo 6 — O convite,"No dia do convite: a manhã depois da fé escolhida, com a ponte de pé. Cena ao fechar o passo.",A anfitriã mais velha,fazenda_anfitria,Fala de cena,"Caixa de fala da cena, com o vale parado",O convite,4/4 · fazenda_porta_estreita,Fale com o Pedro (E) e suba a escadaria com ele,falar com Pedro (E),,patio_da_fazenda,porta_estreita,Só um. É só um que pode ter uma para si. Só o que aceitar vai poder ficar.,Only one. Only one may have one for himself. Only the one who accepts will be able to stay.,Solo uno. Es solo uno el que puede tener una para sí. Solo el que acepte va a poder quedarse.,,74,5.3,(sem voz definida),,sem áudio,—,,—,completas,3D,,quem fala não tem voz definida (npcs_3d.json),ok,ok,,,,,pendente,sim,data/missoes_fazenda.json › so_um[1]
missao.fazenda.cena.porta.1,237,4 · Capítulo 6 — O convite,"No dia do convite: a manhã depois da fé escolhida, com a ponte de pé. Cena ao fechar o passo.",Narrador (voz do mundo),narrador,"Narração de cena (texto, sem voz)","A narração do vale (o escuro sobe, uma frase de cada vez)",O convite,4/4 · fazenda_porta_estreita,Fale com o Pedro (E) e suba a escadaria com ele,falar com Pedro (E),,patio_da_fazenda,porta_estreita,"As mulheres saíram pelas quatro portas por onde tinham entrado. Sobrou uma, fechada: estreita, de passar um por vez.","The women left through the four doors they had come in by. One remained, shut: narrow, wide enough for one at a time.","Las mujeres salieron por las cuatro puertas por donde habían entrado. Quedó una, cerrada: estrecha, de pasar de uno en uno.",,116,8.3,—,,—,—,,—,completas,3D,,,ok,ok,,,,,pendente,sim,data/missoes_fazenda.json › porta[0]
missao.fazenda.cena.porta.2,238,4 · Capítulo 6 — O convite,"No dia do convite: a manhã depois da fé escolhida, com a ponte de pé. Cena ao fechar o passo.",Narrador (voz do mundo),narrador,"Narração de cena (texto, sem voz)","A narração do vale (o escuro sobe, uma frase de cada vez)",O convite,4/4 · fazenda_porta_estreita,Fale com o Pedro (E) e suba a escadaria com ele,falar com Pedro (E),,patio_da_fazenda,porta_estreita,"De trás dela vinham sons que ninguém queria entender: gemidos, como de quem sofre. A mais nova disse que não era preciso temer. Ali esperava apenas outra mulher, a mais velha de todas, a matriarca daquela casa.","From behind it came sounds no one wanted to understand: moans, like someone suffering. The younger one said there was no need to fear. Only another woman waited there, the eldest of them all, the matriarch of that house.","De detrás de ella venían sonidos que nadie quería entender: gemidos, como de quien sufre. La más joven dijo que no había que temer. Allí esperaba solo otra mujer, la mayor de todas, la matriarca de aquella casa.",,210,15,—,,—,—,,—,completas,3D,,,ok,ok,,,,,pendente,sim,data/missoes_fazenda.json › porta[1]
missao.fazenda.cena.porta.3,239,4 · Capítulo 6 — O convite,"No dia do convite: a manhã depois da fé escolhida, com a ponte de pé. Cena ao fechar o passo.",Narrador (voz do mundo),narrador,"Narração de cena (texto, sem voz)","A narração do vale (o escuro sobe, uma frase de cada vez)",O convite,4/4 · fazenda_porta_estreita,Fale com o Pedro (E) e suba a escadaria com ele,falar com Pedro (E),,patio_da_fazenda,porta_estreita,"Não disse mais nada. Os homens recuaram e voltaram pelos corredores, resmungando. Um a um. Cinco.","She said nothing more. The men drew back and went down the corridors the way they had come, grumbling. One by one. Five.","No dijo nada más. Los hombres retrocedieron y volvieron por los pasillos, refunfuñando. Uno a uno. Cinco.",,97,6.9,—,,—,—,,—,completas,3D,,,ok,ok,,,,,pendente,sim,data/missoes_fazenda.json › porta[2]
missao.fazenda.cena.pedro_fica.1,240,4 · Capítulo 6 — O convite,"No dia do convite: a manhã depois da fé escolhida, com a ponte de pé. Cena ao fechar o passo.",Pedro,pedro,Fala de cena,"Caixa de fala da cena, com o vale parado",O convite,4/4 · fazenda_porta_estreita,Fale com o Pedro (E) e suba a escadaria com ele,falar com Pedro (E),,patio_da_fazenda,porta_estreita,Eu fico.,I'm staying.,Yo me quedo.,,8,1.5,"Weverton - Youthful, Energetic and Clear · YbP0Eq5RE5uOoCEl7F3T · eleven_v3",,sem áudio,—,,—,completas,3D,,,ok,ok,,,,,pendente,sim,data/missoes_fazenda.json › pedro_fica[0]
missao.fazenda.cena.pedro_fica.2,241,4 · Capítulo 6 — O convite,"No dia do convite: a manhã depois da fé escolhida, com a ponte de pé. Cena ao fechar o passo.",Pedro,pedro,Fala de cena,"Caixa de fala da cena, com o vale parado",O convite,4/4 · fazenda_porta_estreita,Fale com o Pedro (E) e suba a escadaria com ele,falar com Pedro (E),,patio_da_fazenda,porta_estreita,Que mal pode ter em abrir uma porta? E ela sorriu pra mim — você viu?,What harm can there be in opening a door? And she smiled at me. Did you see?,¿Qué mal puede haber en abrir una puerta? Y ella me sonrió. ¿Viste?,,69,4.9,"Weverton - Youthful, Energetic and Clear · YbP0Eq5RE5uOoCEl7F3T · eleven_v3",,sem áudio,—,,—,completas,3D,,,ok,ok,,,,,pendente,sim,data/missoes_fazenda.json › pedro_fica[1]
missao.fazenda.cena.pedro_fica.3,242,4 · Capítulo 6 — O convite,"No dia do convite: a manhã depois da fé escolhida, com a ponte de pé. Cena ao fechar o passo.",Pedro,pedro,Fala de cena,"Caixa de fala da cena, com o vale parado",O convite,4/4 · fazenda_porta_estreita,Fale com o Pedro (E) e suba a escadaria com ele,falar com Pedro (E),,patio_da_fazenda,porta_estreita,"Vem logo atrás de mim. Se eu travar, me puxa.","Stay right behind me. If I freeze, pull me along.","Ven justo detrás de mí. Si me trabo, tira de mí.",,45,3.2,"Weverton - Youthful, Energetic and Clear · YbP0Eq5RE5uOoCEl7F3T · eleven_v3",,sem áudio,—,,—,completas,3D,,,problema,ok,"""Fica aqui fora, junto da porta. Se eu demorar, me chama."" — logo depois o Pedro diz ""Vem comigo"" (o quarto) e a porta ""se fechou atrás de vocês"": o jogador entra.","""Vem logo atrás de mim. Se eu travar, me puxa."" (casa com o ""Me puxa"" do passo da mão).",média,,corrigir,sim,data/missoes_fazenda.json › pedro_fica[2]
missao.fazenda.arremate,243,4 · Capítulo 6 — O convite,"No dia do convite: a manhã depois da fé escolhida, com a ponte de pé.",Pedro,pedro,Nota de fim (não falada),Fica no objetivo do HUD ao fim; a última resposta é a fala,O convite,,,,,,,"Só o Pedro ficou no salão redondo, de braço erguido diante da porta estreita. E você, ao lado dele.","Only Pedro stayed in the round hall, his arm raised before the narrow door. And you, at his side.","Solo Pedro se quedó en el salón redondo, con el brazo en alto frente a la puerta estrecha. Y tú, a su lado.",,99,7.1,"Weverton - Youthful, Energetic and Clear · YbP0Eq5RE5uOoCEl7F3T · eleven_v3",,—,—,,—,completas,3D,,,ok,ok,,,,,pendente,"sim (texto do HUD, sem voz)",data/missoes_fazenda.json › arremate
missao.revoar.revoar_quarto.anuncio,244,5 · Capítulo 7 — O revoar das asas negras,Quando a porta estreita da fazenda se fecha atrás do Pedro.,Pedro,pedro,Anúncio do passo,"Ao anunciar o passo (na vez dele, na fila de falas); o E no dono o repete",O revoar das asas negras,1/7 · revoar_quarto,Passe a porta estreita com o Pedro,visita: chegar ao lugar,,patio_da_fazenda,o_quarto,"É só uma porta. Vem comigo, fica perto — e não toca em nada que eu não tocar.","It's just a door. Come with me, stay close — and don't touch anything I don't touch.","Es solo una puerta. Ven conmigo, quédate cerca, y no toques nada que yo no toque.",,77,5.5,"Weverton - Youthful, Energetic and Clear · YbP0Eq5RE5uOoCEl7F3T · eleven_v3",,sem áudio,—,,—,completas,3D,,,ok,ok,,,,,pendente,sim,data/missoes_revoar.json › passos[0] revoar_quarto › texto
missao.revoar.cena.quarto.1,245,5 · Capítulo 7 — O revoar das asas negras,Quando a porta estreita da fazenda se fecha atrás do Pedro. Cena ao fechar o passo.,Narrador (voz do mundo),narrador,"Narração de cena (texto, sem voz)","A narração do vale (o escuro sobe, uma frase de cada vez)",O revoar das asas negras,1/7 · revoar_quarto,Passe a porta estreita com o Pedro,visita: chegar ao lugar,,patio_da_fazenda,o_quarto,"A porta estreita se fechou atrás de vocês sem barulho nenhum. O quarto era redondo e sem janelas, fechado por cima como um iglu; dois castiçais de velas altas, e no meio uma grande cama de pilastras, coberta de panos brancos tricotados.","The narrow door closed behind you without a sound. The room was round and windowless, closed overhead like an igloo; two candlesticks with tall candles, and in the middle a great four-poster bed, covered in white crocheted cloths.","La puerta estrecha se cerró detrás de ustedes sin ruido alguno. El cuarto era redondo y sin ventanas, cerrado por arriba como un iglú; dos candelabros de velas altas, y en el medio una gran cama con pilares, cubierta de paños blancos tejidos.",,236,16.9,—,,—,—,,—,completas,3D,,,ok,ok,,,,,pendente,sim,data/missoes_revoar.json › quarto[0]
missao.revoar.cena.quarto.2,246,5 · Capítulo 7 — O revoar das asas negras,Quando a porta estreita da fazenda se fecha atrás do Pedro. Cena ao fechar o passo.,Narrador (voz do mundo),narrador,"Narração de cena (texto, sem voz)","A narração do vale (o escuro sobe, uma frase de cada vez)",O revoar das asas negras,1/7 · revoar_quarto,Passe a porta estreita com o Pedro,visita: chegar ao lugar,,patio_da_fazenda,o_quarto,"Nela, uma mulher deitada entre lençóis claros com detalhes de ouro e prata. De perto era muito velha, e estava doente: o fedor que vinha dela virava o estômago, e os lençóis amarelavam onde o corpo escorria.","In it, a woman lay among pale sheets with gold and silver details. Up close she was very old, and ill: the stench that came from her turned the stomach, and the sheets yellowed where her body seeped.","En ella, una mujer acostada entre sábanas claras con detalles de oro y plata. De cerca era muy vieja, y estaba enferma: el hedor que venía de ella revolvía el estómago, y las sábanas amarilleaban donde el cuerpo escurría.",,207,14.8,—,,—,—,,—,completas,3D,,,ok,ok,,,,,pendente,sim,data/missoes_revoar.json › quarto[1]
missao.revoar.cena.quarto.3,247,5 · Capítulo 7 — O revoar das asas negras,Quando a porta estreita da fazenda se fecha atrás do Pedro. Cena ao fechar o passo.,Narrador (voz do mundo),narrador,"Narração de cena (texto, sem voz)","A narração do vale (o escuro sobe, uma frase de cada vez)",O revoar das asas negras,1/7 · revoar_quarto,Passe a porta estreita com o Pedro,visita: chegar ao lugar,,patio_da_fazenda,o_quarto,As duas mulheres puxaram o Pedro pelos braços até a beira da cama. A moça pediu só isto: que ele chegasse perto e tocasse a mão da velha. E então a velha olhou para VOCÊ — e estendeu a mão.,The two women pulled Pedro by the arms to the edge of the bed. The young woman asked only this: that he come close and touch the old woman's hand. And then the old woman looked at YOU — and held out her hand.,"Las dos mujeres jalaron a Pedro de los brazos hasta el borde de la cama. La muchacha pidió solo esto: que se acercara y tocara la mano de la vieja. Y entonces la vieja te miró a TI, y tendió la mano.",,189,13.5,—,,—,—,,—,completas,3D,,,ok,ok,,,,,pendente,sim,data/missoes_revoar.json › quarto[2]
missao.revoar.cena.trocas.1.oferta,248,5 · Capítulo 7 — O revoar das asas negras,Quando a porta estreita da fazenda se fecha atrás do Pedro. Cena ao fechar o passo (três trocas; cada uma é oferta e pergunta).,A mulher da cama,revoar_velha,Fala de cena,"Caixa de fala da cena, com o vale parado",O revoar das asas negras,1/7 · revoar_quarto,Passe a porta estreita com o Pedro,visita: chegar ao lugar,,patio_da_fazenda,o_quarto,"A mão se abriu por cima dos lençóis: moedas de ouro, mais do que uma safra rende. 'Toma a minha mão, menino, e é teu.'","The hand opened over the sheets: gold coins, more than a harvest yields. 'Take my hand, child, and it's yours.'","La mano se abrió sobre las sábanas: monedas de oro, más de lo que rinde una cosecha. 'Toma mi mano, niño, y es tuyo.'",,118,8.4,(sem voz definida),,sem áudio,—,,—,completas,3D,,quem fala não tem voz definida (npcs_3d.json),ok,ok,,,,,pendente,sim,data/missoes_revoar.json › trocas[0].oferta
missao.revoar.cena.trocas.1.pergunta,249,5 · Capítulo 7 — O revoar das asas negras,Quando a porta estreita da fazenda se fecha atrás do Pedro. Cena ao fechar o passo (três trocas; cada uma é oferta e pergunta).,A mulher da cama,revoar_velha,Pergunta de cena (escolha do jogador),Caixa de pergunta (Sim / Não),O revoar das asas negras,1/7 · revoar_quarto,Passe a porta estreita com o Pedro,visita: chegar ao lugar,,patio_da_fazenda,o_quarto,Pegar a mão dela e levar o ouro? (1.200 réis — e ela leva o seu fôlego),"Take her hand and keep the gold? (1,200 réis — and she takes your breath)","¿Tomar su mano y llevarte el oro? (1.200 réis, y ella se lleva tu aliento)",,71,5.1,(sem voz definida),,sem áudio,—,,—,completas,3D,,quem fala não tem voz definida (npcs_3d.json),ok,ok,,,,,pendente,sim,data/missoes_revoar.json › trocas[0].pergunta
missao.revoar.cena.trocas.2.oferta,250,5 · Capítulo 7 — O revoar das asas negras,Quando a porta estreita da fazenda se fecha atrás do Pedro. Cena ao fechar o passo (três trocas; cada uma é oferta e pergunta).,A mulher da cama,revoar_velha,Fala de cena,"Caixa de fala da cena, com o vale parado",O revoar das asas negras,1/7 · revoar_quarto,Passe a porta estreita com o Pedro,visita: chegar ao lugar,,patio_da_fazenda,o_quarto,"O fedor sumiu. A pele dela ficou lisa onde a tua mão passou — e a mão se abriu de novo: um colar de pedras verdes, de senhora de engenho. 'Vale uma casa. Só a mão.'","The stench was gone. Her skin went smooth where your hand had passed — and the hand opened again: a necklace of green stones, a plantation lady's. 'Worth a house. Just the hand.'","El hedor desapareció. Su piel quedó lisa donde pasó tu mano, y la mano se abrió de nuevo: un collar de piedras verdes, de señora de ingenio. 'Vale una casa. Solo la mano.'",,164,11.7,(sem voz definida),,sem áudio,—,,—,completas,3D,,quem fala não tem voz definida (npcs_3d.json),ok,ok,,,,,pendente,sim,data/missoes_revoar.json › trocas[1].oferta
missao.revoar.cena.trocas.2.pergunta,251,5 · Capítulo 7 — O revoar das asas negras,Quando a porta estreita da fazenda se fecha atrás do Pedro. Cena ao fechar o passo (três trocas; cada uma é oferta e pergunta).,A mulher da cama,revoar_velha,Pergunta de cena (escolha do jogador),Caixa de pergunta (Sim / Não),O revoar das asas negras,1/7 · revoar_quarto,Passe a porta estreita com o Pedro,visita: chegar ao lugar,,patio_da_fazenda,o_quarto,Pegar a mão dela de novo pelo colar? (4.000 réis — e mais fôlego),"Take her hand again for the necklace? (4,000 réis — and more breath)","¿Tomar su mano otra vez por el collar? (4.000 réis, y más aliento)",,65,4.6,(sem voz definida),,sem áudio,—,,—,completas,3D,,quem fala não tem voz definida (npcs_3d.json),ok,ok,,,,,pendente,sim,data/missoes_revoar.json › trocas[1].pergunta
missao.revoar.cena.trocas.3.oferta,252,5 · Capítulo 7 — O revoar das asas negras,Quando a porta estreita da fazenda se fecha atrás do Pedro. Cena ao fechar o passo (três trocas; cada uma é oferta e pergunta).,A mulher da cama,revoar_velha,Fala de cena,"Caixa de fala da cena, com o vale parado",O revoar das asas negras,1/7 · revoar_quarto,Passe a porta estreita com o Pedro,visita: chegar ao lugar,,patio_da_fazenda,o_quarto,"Agora ela não era velha. Era a moça da escadaria, a que sorriu para o Pedro a manhã inteira — e sorria para você. 'A última. Dá a mão, e eu sou tua.'","Now she was not old. She was the girl from the staircase, the one who smiled at Pedro all morning — and she smiled at you. 'The last one. Give me your hand, and I'm yours.'","Ahora no era vieja. Era la muchacha de la escalinata, la que le sonrió a Pedro toda la mañana, y te sonreía a ti. 'La última. Dame la mano, y soy tuya.'",,149,10.6,(sem voz definida),,sem áudio,—,,—,completas,3D,,quem fala não tem voz definida (npcs_3d.json),atenção,ok,"""a que sorriu para o Pedro a tarde inteira"" — eles entraram na casa de manhã; o entardecer só chega na fuga (""vocês tinham passado o dia inteiro naquele quarto"").","""a que sorriu para o Pedro a manhã inteira""",baixa,,corrigir,sim,data/missoes_revoar.json › trocas[2].oferta
missao.revoar.cena.trocas.3.pergunta,253,5 · Capítulo 7 — O revoar das asas negras,Quando a porta estreita da fazenda se fecha atrás do Pedro. Cena ao fechar o passo (três trocas; cada uma é oferta e pergunta).,A mulher da cama,revoar_velha,Pergunta de cena (escolha do jogador),Caixa de pergunta (Sim / Não),O revoar das asas negras,1/7 · revoar_quarto,Passe a porta estreita com o Pedro,visita: chegar ao lugar,,patio_da_fazenda,o_quarto,Dar a mão à moça? (não há réis nisto — só o fôlego que ela leva),Give the girl your hand? (there are no réis in this — only the breath she takes),"¿Darle la mano a la muchacha? (no hay réis en esto, solo el aliento que ella se lleva)",,64,4.6,(sem voz definida),,sem áudio,—,,—,completas,3D,,quem fala não tem voz definida (npcs_3d.json),ok,ok,,,,,pendente,sim,data/missoes_revoar.json › trocas[2].pergunta
missao.revoar.cena.aceite.1,254,5 · Capítulo 7 — O revoar das asas negras,"Quando a porta estreita da fazenda se fecha atrás do Pedro. Cena ao fechar o passo (a cada troca aceita, até a segunda).",Narrador (voz do mundo),narrador,"Narração de cena (texto, sem voz)","A narração do vale (o escuro sobe, uma frase de cada vez)",O revoar das asas negras,1/7 · revoar_quarto,Passe a porta estreita com o Pedro,visita: chegar ao lugar,,patio_da_fazenda,o_quarto,"Você deu a mão. Foi como se o chão puxasse o ar do teu peito: as pernas tremeram, e ela, na cama, respirou fundo pela primeira vez — mais moça do que estava.","You gave your hand. It was as if the floor pulled the air out of your chest: your legs shook, and she, in the bed, breathed deeply for the first time — younger than she had been.","Diste la mano. Fue como si el suelo te sacara el aire del pecho: te temblaron las piernas, y ella, en la cama, respiró hondo por primera vez, más joven de lo que estaba.",,157,11.2,—,,—,—,,—,completas,3D,,,ok,ok,,,,,pendente,sim,data/missoes_revoar.json › aceite[0]
missao.revoar.cena.chao.1,255,5 · Capítulo 7 — O revoar das asas negras,Quando a porta estreita da fazenda se fecha atrás do Pedro. Cena ao fechar o passo (na terceira troca aceita).,Narrador (voz do mundo),narrador,"Narração de cena (texto, sem voz)","A narração do vale (o escuro sobe, uma frase de cada vez)",O revoar das asas negras,1/7 · revoar_quarto,Passe a porta estreita com o Pedro,visita: chegar ao lugar,,patio_da_fazenda,o_quarto,"Na terceira vez as pernas não aguentaram. Você caiu de joelhos ao lado da cama, com o fôlego de quem subiu a serra correndo, e as duas mulheres riram baixinho.","The third time your legs gave out. You fell to your knees beside the bed, with the breath of someone who ran up the mountain, and the two women laughed softly.","La tercera vez las piernas no aguantaron. Caíste de rodillas junto a la cama, con el aliento de quien subió la sierra corriendo, y las dos mujeres rieron bajito.",,159,11.4,—,,—,—,,—,completas,3D,,,ok,ok,,,,,pendente,sim,data/missoes_revoar.json › chao[0]
missao.revoar.cena.recusa.1,256,5 · Capítulo 7 — O revoar das asas negras,Quando a porta estreita da fazenda se fecha atrás do Pedro. Cena ao fechar o passo (na primeira recusa).,Narrador (voz do mundo),narrador,"Narração de cena (texto, sem voz)","A narração do vale (o escuro sobe, uma frase de cada vez)",O revoar das asas negras,1/7 · revoar_quarto,Passe a porta estreita com o Pedro,visita: chegar ao lugar,,patio_da_fazenda,o_quarto,Você não deu a mão. A velha não insistiu: sorriu com os poucos dentes e virou o rosto para o Pedro.,You did not give your hand. The old woman did not insist: she smiled with her few teeth and turned her face to Pedro.,No diste la mano. La vieja no insistió: sonrió con los pocos dientes y volvió el rostro hacia Pedro.,,99,7.1,—,,—,—,,—,completas,3D,,,ok,ok,,,,,pendente,sim,data/missoes_revoar.json › recusa[0]
missao.revoar.cena.miragens.1,257,5 · Capítulo 7 — O revoar das asas negras,Quando a porta estreita da fazenda se fecha atrás do Pedro. Cena ao fechar o passo.,Narrador (voz do mundo),narrador,"Narração de cena (texto, sem voz)","A narração do vale (o escuro sobe, uma frase de cada vez)",O revoar das asas negras,1/7 · revoar_quarto,Passe a porta estreita com o Pedro,visita: chegar ao lugar,,patio_da_fazenda,o_quarto,"Então ela se voltou para o Pedro e começou a mudar: uma mulher bonita, depois outra; ouro derramado nos lençóis; dinheiro em maços. Cada forma pedia a mesma coisa — a mão dele.","Then she turned to Pedro and began to change: a beautiful woman, then another; gold spilled on the sheets; money in bundles. Every shape asked for the same thing — his hand.","Entonces se volvió hacia Pedro y empezó a cambiar: una mujer hermosa, luego otra; oro derramado en las sábanas; dinero en fajos. Cada forma pedía lo mismo: su mano.",,176,12.6,—,,—,—,,—,completas,3D,,,ok,ok,,,,,pendente,sim,data/missoes_revoar.json › miragens[0]
missao.revoar.cena.miragens.2,258,5 · Capítulo 7 — O revoar das asas negras,Quando a porta estreita da fazenda se fecha atrás do Pedro. Cena ao fechar o passo.,Narrador (voz do mundo),narrador,"Narração de cena (texto, sem voz)","A narração do vale (o escuro sobe, uma frase de cada vez)",O revoar das asas negras,1/7 · revoar_quarto,Passe a porta estreita com o Pedro,visita: chegar ao lugar,,patio_da_fazenda,o_quarto,"O Pedro deu um passo para a cama, com o braço estendido. Era assim que ela se alimentava.","Pedro took a step toward the bed, his arm outstretched. That was how she fed.","Pedro dio un paso hacia la cama, con el brazo extendido. Así era como ella se alimentaba.",,89,6.4,—,,—,—,,—,completas,3D,,,ok,ok,,,,,pendente,sim,data/missoes_revoar.json › miragens[1]
missao.revoar.revoar_mao.anuncio,259,5 · Capítulo 7 — O revoar das asas negras,Quando a porta estreita da fazenda se fecha atrás do Pedro.,Pedro,pedro,Anúncio do passo,"Ao anunciar o passo (na vez dele, na fila de falas); o E no dono o repete",O revoar das asas negras,2/7 · revoar_mao,Puxe o Pedro pela mão (E) antes que ele toque a velha,falar com Pedro (E),,patio_da_fazenda,a_fuga,"Ela tá estendendo a mão pra mim... É só tocar. Só tocar, e o fedor some, e a moça... Segura em mim. Me puxa — eu não tô conseguindo sozinho.","She's holding her hand out to me... Just a touch. One touch, and the stench is gone, and the girl... Hold on to me. Pull me — I can't do it on my own.","Me está tendiendo la mano... Es solo tocar. Solo tocar, y el hedor se va, y la muchacha... Agárrame. Tira de mí, que solo no lo consigo.",,140,10,"Weverton - Youthful, Energetic and Clear · YbP0Eq5RE5uOoCEl7F3T · eleven_v3",,sem áudio,—,,—,completas,3D,,,ok,ok,,,,,pendente,sim,data/missoes_revoar.json › passos[1] revoar_mao › texto
missao.revoar.revoar_mao.resposta,260,5 · Capítulo 7 — O revoar das asas negras,Quando a porta estreita da fazenda se fecha atrás do Pedro.,Pedro,pedro,Resposta do passo (E),E em Pedro,O revoar das asas negras,2/7 · revoar_mao,Puxe o Pedro pela mão (E) antes que ele toque a velha,falar com Pedro (E),,patio_da_fazenda,a_fuga,"Matinta Pereira... Era isso que a minha avó contava: a velha das trocas, que leva a vida de quem dá a mão. Ela já entendeu que eu não vou. Corre — pelos corredores, agora!","Matinta Pereira... That's what my grandmother used to tell: the old woman of the trades, who takes the life of whoever gives her a hand. She already knows I won't. Run — through the corridors, now!","Matinta Pereira... Eso era lo que contaba mi abuela: la vieja de los trueques, que se lleva la vida de quien le da la mano. Ya entendió que no voy. Corre, por los pasillos, ¡ahora!",,171,12.2,"Weverton - Youthful, Energetic and Clear · YbP0Eq5RE5uOoCEl7F3T · eleven_v3",,sem áudio,—,,—,completas,3D,,,ok,ok,,,,,pendente,sim,data/missoes_revoar.json › passos[1] revoar_mao › meta.resposta
missao.revoar.cena.fuga.1,261,5 · Capítulo 7 — O revoar das asas negras,Quando a porta estreita da fazenda se fecha atrás do Pedro. Cena ao fechar o passo.,Narrador (voz do mundo),narrador,"Narração de cena (texto, sem voz)","A narração do vale (o escuro sobe, uma frase de cada vez)",O revoar das asas negras,2/7 · revoar_mao,Puxe o Pedro pela mão (E) antes que ele toque a velha,falar com Pedro (E),,patio_da_fazenda,a_fuga,"A velha desfez a forma de gente e virou fumaça, esgueirando-se pela cama até a cabeceira — onde havia, entalhada na madeira, uma coruja: a rasga-mortalha.","The old woman undid her human shape and turned to smoke, slithering over the bed to the headboard — where, carved in the wood, there was an owl: the shroud-ripper.","La vieja deshizo su forma de gente y se volvió humo, deslizándose por la cama hasta la cabecera, donde había, tallada en la madera, una lechuza: la rasga-mortaja.",,154,11,—,,—,—,,—,completas,3D,,,ok,ok,,,,,pendente,sim,data/missoes_revoar.json › fuga[0]
missao.revoar.cena.fuga.2,262,5 · Capítulo 7 — O revoar das asas negras,Quando a porta estreita da fazenda se fecha atrás do Pedro. Cena ao fechar o passo.,Narrador (voz do mundo),narrador,"Narração de cena (texto, sem voz)","A narração do vale (o escuro sobe, uma frase de cada vez)",O revoar das asas negras,2/7 · revoar_mao,Puxe o Pedro pela mão (E) antes que ele toque a velha,falar com Pedro (E),,patio_da_fazenda,a_fuga,"Vocês correram pelos corredores escuros até a porta. Lá fora todo mundo ainda se divertia, sem ter visto nada. Os cinco que voltaram antes estavam lá, e nos olhos deles não havia lembrança nenhuma.","You ran through the dark corridors to the door. Outside everyone was still enjoying themselves, having seen nothing. The five who had come back before were there, and in their eyes there was no memory at all.","Corrieron por los pasillos oscuros hasta la puerta. Afuera todos seguían divirtiéndose, sin haber visto nada. Los cinco que volvieron antes estaban allí, y en sus ojos no había recuerdo alguno.",,197,14.1,—,,—,—,,—,completas,3D,,,ok,ok,,,,,pendente,sim,data/missoes_revoar.json › fuga[1]
missao.revoar.cena.fuga.3,263,5 · Capítulo 7 — O revoar das asas negras,Quando a porta estreita da fazenda se fecha atrás do Pedro. Cena ao fechar o passo.,Narrador (voz do mundo),narrador,"Narração de cena (texto, sem voz)","A narração do vale (o escuro sobe, uma frase de cada vez)",O revoar das asas negras,2/7 · revoar_mao,Puxe o Pedro pela mão (E) antes que ele toque a velha,falar com Pedro (E),,patio_da_fazenda,a_fuga,"Era o entardecer. O sol começava a se pôr, vermelho como sangue — vocês tinham passado o dia inteiro naquele quarto.","It was dusk. The sun was beginning to set, red as blood — you had spent the whole day in that room.","Era el atardecer. El sol empezaba a ponerse, rojo como la sangre: habían pasado el día entero en aquel cuarto.",,116,8.3,—,,—,—,,—,completas,3D,,,ok,ok,,,,,pendente,sim,data/missoes_revoar.json › fuga[2]
missao.revoar.cena.perdao.1,264,5 · Capítulo 7 — O revoar das asas negras,Quando a porta estreita da fazenda se fecha atrás do Pedro. Cena ao fechar o passo.,A moça,revoar_moca,Fala de cena,"Caixa de fala da cena, com o vale parado",O revoar das asas negras,2/7 · revoar_mao,Puxe o Pedro pela mão (E) antes que ele toque a velha,falar com Pedro (E),,patio_da_fazenda,a_fuga,"Perdão! Perdão pelo que eu pus na tua vida — eu não tinha escolha, nenhuma de nós tem!","Forgive me! Forgive me for what I brought into your life — I had no choice, none of us has!","¡Perdón! ¡Perdón por lo que puse en tu vida! Yo no tenía opción, ninguna de nosotras la tiene.",,86,6.1,(sem voz definida),,sem áudio,—,,—,completas,3D,,quem fala não tem voz definida (npcs_3d.json),ok,ok,,,,,pendente,sim,data/missoes_revoar.json › perdao[0]
missao.revoar.cena.revoar.1,265,5 · Capítulo 7 — O revoar das asas negras,Quando a porta estreita da fazenda se fecha atrás do Pedro. Cena ao fechar o passo.,Narrador (voz do mundo),narrador,"Narração de cena (texto, sem voz)","A narração do vale (o escuro sobe, uma frase de cada vez)",O revoar das asas negras,2/7 · revoar_mao,Puxe o Pedro pela mão (E) antes que ele toque a velha,falar com Pedro (E),,patio_da_fazenda,a_fuga,"As duas mulheres apareceram no alto da escadaria: a mais nova chorava, segura pelo braço pela mais velha, e gritou aquilo para o Pedro. Então veio o estrondo.","The two women appeared at the top of the staircase: the younger one was crying, held by the arm by the elder, and she shouted that to Pedro. Then came the crash.","Las dos mujeres aparecieron en lo alto de la escalinata: la más joven lloraba, sujeta del brazo por la mayor, y le gritó aquello a Pedro. Entonces vino el estruendo.",,158,11.3,—,,—,—,,—,completas,3D,,,ok,ok,,,,,pendente,sim,data/missoes_revoar.json › revoar[0]
missao.revoar.cena.revoar.2,266,5 · Capítulo 7 — O revoar das asas negras,Quando a porta estreita da fazenda se fecha atrás do Pedro. Cena ao fechar o passo.,Narrador (voz do mundo),narrador,"Narração de cena (texto, sem voz)","A narração do vale (o escuro sobe, uma frase de cada vez)",O revoar das asas negras,2/7 · revoar_mao,Puxe o Pedro pela mão (E) antes que ele toque a velha,falar com Pedro (E),,patio_da_fazenda,a_fuga,"Parte do casarão veio abaixo. De dentro saiu, batendo asas negras que se confundiam com a noite que chegava, uma coruja enorme — e o grito dela era pano rasgando.","Part of the great house came down. From inside came, beating black wings that blurred into the arriving night, an enormous owl — and its cry was cloth tearing.","Parte del caserón se vino abajo. De adentro salió, batiendo alas negras que se confundían con la noche que llegaba, una lechuza enorme, y su grito era tela rasgándose.",,162,11.6,—,,—,—,,—,completas,3D,,,ok,ok,,,,,pendente,sim,data/missoes_revoar.json › revoar[1]
missao.revoar.cena.revoar.3,267,5 · Capítulo 7 — O revoar das asas negras,Quando a porta estreita da fazenda se fecha atrás do Pedro. Cena ao fechar o passo.,Narrador (voz do mundo),narrador,"Narração de cena (texto, sem voz)","A narração do vale (o escuro sobe, uma frase de cada vez)",O revoar das asas negras,2/7 · revoar_mao,Puxe o Pedro pela mão (E) antes que ele toque a velha,falar com Pedro (E),,patio_da_fazenda,a_fuga,"Telhas e madeira choveram sobre o pátio. Os homens cobriram as famílias; a fera fez duas investidas contra o Pedro, que se desviou, e o fogo que subia do casarão a empurrou para a mata fechada.","Tiles and timber rained on the courtyard. The men covered their families; the beast made two passes at Pedro, who dodged, and the fire rising from the great house drove it into the thick forest.","Tejas y madera llovieron sobre el patio. Los hombres cubrieron a sus familias; la fiera hizo dos embestidas contra Pedro, que se desvió, y el fuego que subía del caserón la empujó hacia la selva cerrada.",,193,13.8,—,,—,—,,—,completas,3D,,,ok,ok,,,,,pendente,sim,data/missoes_revoar.json › revoar[2]
missao.revoar.revoar_abrigo.anuncio,268,5 · Capítulo 7 — O revoar das asas negras,Quando a porta estreita da fazenda se fecha atrás do Pedro.,Pedro,pedro,Anúncio do passo,"Ao anunciar o passo (na vez dele, na fila de falas); o E no dono o repete",O revoar das asas negras,3/7 · revoar_abrigo,Fuja com o Pedro e o arraial até as ruínas do palacete,visita: chegar ao lugar,,ruinas_do_palacete,o_relato,"Pras ruínas do palacete, atrás do monte, pra oeste! Lá a coruja não enxerga. Todo mundo junto — agora!","To the ruins of the palace, behind the hill, to the west! The owl can't see us there. Everyone together — now!","¡A las ruinas del palacete, detrás del monte, hacia el oeste! Allí la lechuza no ve. Todos juntos, ¡ahora!",,102,7.3,"Weverton - Youthful, Energetic and Clear · YbP0Eq5RE5uOoCEl7F3T · eleven_v3",,sem áudio,—,,—,completas,3D,,,ok,ok,,,,,pendente,sim,data/missoes_revoar.json › passos[2] revoar_abrigo › texto
missao.revoar.cena.noite.1,269,5 · Capítulo 7 — O revoar das asas negras,Quando a porta estreita da fazenda se fecha atrás do Pedro. Cena ao fechar o passo.,Narrador (voz do mundo),narrador,"Narração de cena (texto, sem voz)","A narração do vale (o escuro sobe, uma frase de cada vez)",O revoar das asas negras,3/7 · revoar_abrigo,Fuja com o Pedro e o arraial até as ruínas do palacete,visita: chegar ao lugar,,ruinas_do_palacete,o_relato,"A noite fechou enquanto vocês corriam. Depois do monte, escondidas dos olhos da coruja, estavam as ruínas de um palacete: muros sem telhado, colunas caídas, e nos fundos a torre de uma capela pequena.","Night closed in as you ran. Beyond the hill, hidden from the owl's eyes, were the ruins of a palace: roofless walls, fallen columns, and at the back the tower of a small chapel.","La noche cerró mientras corrían. Después del monte, escondidas de los ojos de la lechuza, estaban las ruinas de un palacete: muros sin techo, columnas caídas, y al fondo la torre de una capilla pequeña.",,200,14.3,—,,—,—,,—,completas,3D,,,ok,ok,,,,,pendente,sim,data/missoes_revoar.json › noite[0]
missao.revoar.cena.noite.2,270,5 · Capítulo 7 — O revoar das asas negras,Quando a porta estreita da fazenda se fecha atrás do Pedro. Cena ao fechar o passo.,Narrador (voz do mundo),narrador,"Narração de cena (texto, sem voz)","A narração do vale (o escuro sobe, uma frase de cada vez)",O revoar das asas negras,3/7 · revoar_abrigo,Fuja com o Pedro e o arraial até as ruínas do palacete,visita: chegar ao lugar,,ruinas_do_palacete,o_relato,Ali já não havia convidados nem escravas: eram todos gente escondida da mesma coisa. Uma anciã que vivia com as mulheres da fazenda veio sentar-se ao lado do Pedro.,There were no more guests or slaves there: they were all people hiding from the same thing. An old woman who lived with the women of the farm came to sit beside Pedro.,Allí ya no había invitados ni esclavas: eran todos gente escondida de lo mismo. Una anciana que vivía con las mujeres de la hacienda vino a sentarse junto a Pedro.,,164,11.7,—,,—,—,,—,completas,3D,,,ok,ok,,,,,pendente,sim,data/missoes_revoar.json › noite[1]
missao.revoar.cena.relato.1,271,5 · Capítulo 7 — O revoar das asas negras,Quando a porta estreita da fazenda se fecha atrás do Pedro. Cena ao fechar o passo.,A anciã,revoar_ancia,Fala de cena,"Caixa de fala da cena, com o vale parado",O revoar das asas negras,3/7 · revoar_abrigo,Fuja com o Pedro e o arraial até as ruínas do palacete,visita: chegar ao lugar,,ruinas_do_palacete,o_relato,Estamos presas aqui há muitos anos. Lei de libertação nenhuma chegou a esta fazenda.,We have been kept here for many years. No law of liberation ever reached this farm.,Estamos presas aquí desde hace muchos años. Ninguna ley de libertad llegó a esta hacienda.,,84,6,(sem voz definida),,sem áudio,—,,—,completas,3D,,quem fala não tem voz definida (npcs_3d.json),ok,ok,,,,,pendente,sim,data/missoes_revoar.json › relato[0]
missao.revoar.cena.relato.2,272,5 · Capítulo 7 — O revoar das asas negras,Quando a porta estreita da fazenda se fecha atrás do Pedro. Cena ao fechar o passo.,A anciã,revoar_ancia,Fala de cena,"Caixa de fala da cena, com o vale parado",O revoar das asas negras,3/7 · revoar_abrigo,Fuja com o Pedro e o arraial até as ruínas do palacete,visita: chegar ao lugar,,ruinas_do_palacete,o_relato,"Ninguém sabe como começou. As mais velhas contavam que ela é um ser maligno que consome a vitalidade dos homens. No princípio, só trocando: fumo, charuto, coisa pequena do dia a dia. Depois ficou gananciosa — e quem recusava a troca, ela desgraçava.","No one knows how it began. The eldest told that she is an evil being who consumes the vitality of men. At first, only by trading: tobacco, cigars, small everyday things. Then she grew greedy — and whoever refused the trade, she ruined.","Nadie sabe cómo empezó. Las más viejas contaban que ella es un ser maligno que consume la vitalidad de los hombres. Al principio, solo trocando: tabaco, puros, cosas pequeñas del día a día. Después se volvió codiciosa, y a quien rechazaba el trueque, lo desgraciaba.",,249,17.8,(sem voz definida),,sem áudio,—,,—,completas,3D,,quem fala não tem voz definida (npcs_3d.json),ok,ok,,,,,pendente,sim,data/missoes_revoar.json › relato[1]
missao.revoar.cena.relato.3,273,5 · Capítulo 7 — O revoar das asas negras,Quando a porta estreita da fazenda se fecha atrás do Pedro. Cena ao fechar o passo.,A anciã,revoar_ancia,Fala de cena,"Caixa de fala da cena, com o vale parado",O revoar das asas negras,3/7 · revoar_abrigo,Fuja com o Pedro e o arraial até as ruínas do palacete,visita: chegar ao lugar,,ruinas_do_palacete,o_relato,Consumiu todos os homens desta fazenda. Agora precisa de outros. Foi para isso que vocês foram convidados.,She consumed every man on this farm. Now she needs others. That is what you were invited for.,Consumió a todos los hombres de esta hacienda. Ahora necesita otros. Para eso fueron invitados ustedes.,,106,7.6,(sem voz definida),,sem áudio,—,,—,completas,3D,,quem fala não tem voz definida (npcs_3d.json),ok,ok,,,,,pendente,sim,data/missoes_revoar.json › relato[2]
missao.revoar.cena.relato.4,274,5 · Capítulo 7 — O revoar das asas negras,Quando a porta estreita da fazenda se fecha atrás do Pedro. Cena ao fechar o passo.,A anciã,revoar_ancia,Fala de cena,"Caixa de fala da cena, com o vale parado",O revoar das asas negras,3/7 · revoar_abrigo,Fuja com o Pedro e o arraial até as ruínas do palacete,visita: chegar ao lugar,,ruinas_do_palacete,o_relato,"Viveu aqui um senhor valoroso. Foi ele quem lutou com ela por último, depois de ver os escravos dele morrerem. Perdeu o palacete que tinha levantado para a filha — estas pedras — e no fim cravou uma lança no peito da fera.","A valiant master lived here. He was the last to fight her, after watching his slaves die. He lost the palace he had built for his daughter — these stones — and in the end drove a spear into the beast's chest.","Vivió aquí un señor valeroso. Fue él quien luchó con ella por último, después de ver morir a sus esclavos. Perdió el palacete que había levantado para su hija, estas piedras, y al final clavó una lanza en el pecho de la fiera.",,222,15.9,(sem voz definida),,sem áudio,—,,—,completas,3D,,quem fala não tem voz definida (npcs_3d.json),ok,ok,,,,,pendente,sim,data/missoes_revoar.json › relato[3]
missao.revoar.cena.relato.5,275,5 · Capítulo 7 — O revoar das asas negras,Quando a porta estreita da fazenda se fecha atrás do Pedro. Cena ao fechar o passo.,A anciã,revoar_ancia,Fala de cena,"Caixa de fala da cena, com o vale parado",O revoar das asas negras,3/7 · revoar_abrigo,Fuja com o Pedro e o arraial até as ruínas do palacete,visita: chegar ao lugar,,ruinas_do_palacete,o_relato,"A ferida a devolveu à forma frágil de mulher. Mas ele não teve mais forças e morreu aqui, no solar. Ela pulou a sacada, sumiu na mata, e quando se refez voltou — para prender e torturar as mulheres que sobraram. Nós.","The wound returned her to the frail shape of a woman. But he had no strength left and died here, in the manor. She leapt from the balcony, vanished into the forest, and when she had recovered she came back — to imprison and torment the women who were left. Us.","La herida la devolvió a la forma frágil de mujer. Pero él no tuvo más fuerzas y murió aquí, en el solar. Ella saltó el balcón, se perdió en la selva, y cuando se recompuso volvió, para encerrar y torturar a las mujeres que quedaron. Nosotras.",,216,15.4,(sem voz definida),,sem áudio,—,,—,completas,3D,,quem fala não tem voz definida (npcs_3d.json),ok,ok,,,,,pendente,sim,data/missoes_revoar.json › relato[4]
missao.revoar.cena.senhor.1,276,5 · Capítulo 7 — O revoar das asas negras,Quando a porta estreita da fazenda se fecha atrás do Pedro. Cena ao fechar o passo.,Narrador (voz do mundo),narrador,"Narração de cena (texto, sem voz)","A narração do vale (o escuro sobe, uma frase de cada vez)",O revoar das asas negras,3/7 · revoar_abrigo,Fuja com o Pedro e o arraial até as ruínas do palacete,visita: chegar ao lugar,,ruinas_do_palacete,o_relato,O Pedro entendeu. Um homem que se aproxima dela lhe dá a força de se reerguer — e ele tinha se aproximado. A fera estava de pé por causa dele.,Pedro understood. A man who comes near her gives her the strength to rise again — and he had come near. The beast was on its feet because of him.,"Pedro entendió. Un hombre que se le acerca le da la fuerza de levantarse de nuevo, y él se había acercado. La fiera estaba en pie por culpa suya.",,142,10.1,—,,—,—,,—,completas,3D,,,ok,ok,,,,,pendente,sim,data/missoes_revoar.json › senhor[0]
missao.revoar.cena.pedro_torre.1,277,5 · Capítulo 7 — O revoar das asas negras,Quando a porta estreita da fazenda se fecha atrás do Pedro. Cena ao fechar o passo.,Pedro,pedro,Fala de cena,"Caixa de fala da cena, com o vale parado",O revoar das asas negras,3/7 · revoar_abrigo,Fuja com o Pedro e o arraial até as ruínas do palacete,visita: chegar ao lugar,,ruinas_do_palacete,o_relato,"Então sou eu que desfaço. A torre da capela, nos fundos — foi lá que ele lutou. Vem comigo até o pé dela.","Then it's me who undoes it. The chapel tower, at the back — that's where he fought. Come with me to the foot of it.","Entonces soy yo quien lo deshace. La torre de la capilla, al fondo: fue allí donde él luchó. Ven conmigo hasta el pie de ella.",,105,7.5,"Weverton - Youthful, Energetic and Clear · YbP0Eq5RE5uOoCEl7F3T · eleven_v3",,sem áudio,—,,—,completas,3D,,,ok,ok,,,,,pendente,sim,data/missoes_revoar.json › pedro_torre[0]
missao.revoar.revoar_armas.anuncio,278,5 · Capítulo 7 — O revoar das asas negras,Quando a porta estreita da fazenda se fecha atrás do Pedro.,Pedro,pedro,Anúncio do passo,"Ao anunciar o passo (na vez dele, na fila de falas); o E no dono o repete",O revoar das asas negras,4/7 · revoar_armas,Suba a torre da capela e pegue o escudo e a lança (E),juntar: lança de safiras ×1,,torre_da_capela,,"Fui eu que acordei essa coisa, querendo ganhar alguma coisa naquela casa. Então sou eu que desfaço. A anciã falou da torre da capela, nos fundos: foi lá em cima que o senhor da fazenda lutou. Sobe pela rampa de pedra e procura, entre os destroços, o que brilha. O que achar, pega.","It was me who woke that thing, wanting to gain something in that house. So it's me who undoes it. The old woman spoke of the chapel tower at the back: it was up there that the master of the farm fought. Go up the stone ramp and look, among the rubble, for what shines. Whatever you find, take it.","Fui yo quien despertó esa cosa, queriendo ganar algo en aquella casa. Entonces soy yo quien lo deshace. La anciana habló de la torre de la capilla, al fondo: fue allá arriba donde luchó el señor de la hacienda. Sube por la rampa de piedra y busca, entre los escombros, lo que brilla. Lo que encuentres, tómalo.",,280,20,"Weverton - Youthful, Energetic and Clear · YbP0Eq5RE5uOoCEl7F3T · eleven_v3",,sem áudio,—,,—,completas,3D,,,ok,ok,,,,,pendente,sim,data/missoes_revoar.json › passos[3] revoar_armas › texto
missao.revoar.revoar_chamado.anuncio,279,5 · Capítulo 7 — O revoar das asas negras,Quando a porta estreita da fazenda se fecha atrás do Pedro.,Pedro,pedro,Anúncio do passo,"Ao anunciar o passo (na vez dele, na fila de falas); o E no dono o repete",O revoar das asas negras,5/7 · revoar_chamado,"No alto da torre, com a lança na mão e o escudo nas Mãos, bata uma no outro (E)",evento: chamou_a_fera,,torre_da_capela,a_fera_vem,"Azul e ouro, com safiras do tamanho de um olho. Agora é chamar. Põe a lança na mão, veste o escudo nas Mãos pela mochila, e lá no alto bate uma no outro. Ela vai ouvir de onde estiver. Quando vier, desce — no chão, com o senhor do teu lado, é que se luta.","Blue and gold, with sapphires the size of an eye. Now we call her. Put the spear in your hand, wear the shield on your Hands from the pack, and up top strike one against the other. She'll hear it wherever she is. When she comes, come down — on the ground, with the master at your side, is where you fight.","Azul y oro, con zafiros del tamaño de un ojo. Ahora toca llamar. Pon la lanza en la mano, viste el escudo en las Manos desde la mochila, y allá arriba golpea uno con otro. Ella va a oír desde donde esté. Cuando venga, baja: en el suelo, con el señor a tu lado, es donde se lucha.",,255,18.2,"Weverton - Youthful, Energetic and Clear · YbP0Eq5RE5uOoCEl7F3T · eleven_v3",,sem áudio,—,,—,completas,3D,,,ok,ok,,,,,pendente,sim,data/missoes_revoar.json › passos[4] revoar_chamado › texto
missao.revoar.cena.chamado.1,280,5 · Capítulo 7 — O revoar das asas negras,Quando a porta estreita da fazenda se fecha atrás do Pedro. Cena ao fechar o passo.,Narrador (voz do mundo),narrador,"Narração de cena (texto, sem voz)","A narração do vale (o escuro sobe, uma frase de cada vez)",O revoar das asas negras,5/7 · revoar_chamado,"No alto da torre, com a lança na mão e o escudo nas Mãos, bata uma no outro (E)",evento: chamou_a_fera,,torre_da_capela,a_fera_vem,"A lança bateu no escudo e o som correu a noite. Ao longe, um grito respondeu: pano rasgando. Depois o bater de asas, cada vez mais perto.","The spear struck the shield and the sound ran through the night. Far off, a cry answered: cloth tearing. Then the beating of wings, closer and closer.","La lanza golpeó el escudo y el sonido corrió por la noche. A lo lejos, un grito respondió: tela rasgándose. Después el batir de alas, cada vez más cerca.",,137,9.8,—,,—,—,,—,completas,3D,,,ok,ok,,,,,pendente,sim,data/missoes_revoar.json › chamado[0]
missao.revoar.cena.chamado.2,281,5 · Capítulo 7 — O revoar das asas negras,Quando a porta estreita da fazenda se fecha atrás do Pedro. Cena ao fechar o passo.,Narrador (voz do mundo),narrador,"Narração de cena (texto, sem voz)","A narração do vale (o escuro sobe, uma frase de cada vez)",O revoar das asas negras,5/7 · revoar_chamado,"No alto da torre, com a lança na mão e o escudo nas Mãos, bata uma no outro (E)",evento: chamou_a_fera,,torre_da_capela,a_fera_vem,"Quanto mais ela se aproximava, mais o escudo e a lança reluziam — uma luz azul que te envolvia como coisa boa. Lá de baixo gritaram: era a cor do senhor da fazenda. O espírito dele estava contigo.","The closer she came, the brighter the shield and the spear shone — a blue light that wrapped around you like something good. From below they shouted: it was the colour of the master of the farm. His spirit was with you.","Cuanto más se acercaba, más relucían el escudo y la lanza: una luz azul que te envolvía como cosa buena. Desde abajo gritaron: era el color del señor de la hacienda. Su espíritu estaba contigo.",,196,14,—,,—,—,,—,completas,3D,,,ok,ok,,,,,pendente,sim,data/missoes_revoar.json › chamado[1]
missao.revoar.cena.pedro_embate.1,282,5 · Capítulo 7 — O revoar das asas negras,Quando a porta estreita da fazenda se fecha atrás do Pedro. Cena ao fechar o passo.,Pedro,pedro,Fala de cena,"Caixa de fala da cena, com o vale parado",O revoar das asas negras,5/7 · revoar_chamado,"No alto da torre, com a lança na mão e o escudo nas Mãos, bata uma no outro (E)",evento: chamou_a_fera,,torre_da_capela,a_fera_vem,"Desce! Ela vai arrebentar a torre atrás de ti. No chão das ruínas, com ele do teu lado — lança quando ela abaixar a cabeça!","Come down! She'll smash the tower behind you. On the ground of the ruins, with him at your side — spear her when she lowers her head!","¡Baja! Va a reventar la torre detrás de ti. En el suelo de las ruinas, con él a tu lado: ¡lánzale cuando baje la cabeza!",,123,8.8,"Weverton - Youthful, Energetic and Clear · YbP0Eq5RE5uOoCEl7F3T · eleven_v3",,sem áudio,—,,—,completas,3D,,,ok,ok,,,,,pendente,sim,data/missoes_revoar.json › pedro_embate[0]
missao.revoar.revoar_embate.anuncio,283,5 · Capítulo 7 — O revoar das asas negras,Quando a porta estreita da fazenda se fecha atrás do Pedro.,Pedro,pedro,Anúncio do passo,"Ao anunciar o passo (na vez dele, na fila de falas); o E no dono o repete",O revoar das asas negras,6/7 · revoar_embate,Derrube a Matinta com a lança de safiras,evento: derrubou:matinta,,ruinas_do_palacete,a_pedra,"Olha a luz! Azul — é a cor do senhor da fazenda, o espírito dele tá contigo. Lança nela quando ela abaixar a cabeça pra morder; o escudo segura o bico. E quando ele avançar, é o sinal: bate com tudo.","Look at the light! Blue — it's the colour of the master of the farm, his spirit is with you. Spear her when she lowers her head to bite; the shield holds the beak. And when he moves forward, that's the signal: strike with everything.","¡Mira la luz! Azul: es el color del señor de la hacienda, su espíritu está contigo. Lánzale cuando baje la cabeza para morder; el escudo aguanta el pico. Y cuando él avance, es la señal: golpea con todo.",,199,14.2,"Weverton - Youthful, Energetic and Clear · YbP0Eq5RE5uOoCEl7F3T · eleven_v3",,sem áudio,—,,—,completas,3D,,,ok,ok,,,,,pendente,sim,data/missoes_revoar.json › passos[5] revoar_embate › texto
missao.revoar.cena.pedra.1,284,5 · Capítulo 7 — O revoar das asas negras,Quando a porta estreita da fazenda se fecha atrás do Pedro. Cena ao fechar o passo.,Narrador (voz do mundo),narrador,"Narração de cena (texto, sem voz)","A narração do vale (o escuro sobe, uma frase de cada vez)",O revoar das asas negras,6/7 · revoar_embate,Derrube a Matinta com a lança de safiras,evento: derrubou:matinta,,ruinas_do_palacete,a_pedra,"A coruja se levantou para esmagar o senhor caído, e nesse instante a tua lança atravessou o crânio dela. A lança dele entrou pela boca e cravou o metal na garganta.","The owl rose to crush the fallen master, and in that instant your spear went through its skull. His spear entered through the mouth and drove the metal into its throat.","La lechuza se alzó para aplastar al señor caído, y en ese instante tu lanza le atravesó el cráneo. La lanza de él entró por la boca y clavó el metal en la garganta.",,164,11.7,—,,—,—,,—,completas,3D,,,ok,ok,,,,,pendente,sim,data/missoes_revoar.json › pedra[0]
missao.revoar.cena.pedra.2,285,5 · Capítulo 7 — O revoar das asas negras,Quando a porta estreita da fazenda se fecha atrás do Pedro. Cena ao fechar o passo.,Narrador (voz do mundo),narrador,"Narração de cena (texto, sem voz)","A narração do vale (o escuro sobe, uma frase de cada vez)",O revoar das asas negras,6/7 · revoar_embate,Derrube a Matinta com a lança de safiras,evento: derrubou:matinta,,ruinas_do_palacete,a_pedra,"Num último movimento a fera expeliu uma chama azul, misturada à aura do senhor, numa explosão que cobriu os dois — e os dois viraram pedra: a coruja caída sobre o homem.","In one last movement the beast spewed a blue flame, mixed with the master's aura, in a blast that covered them both — and both turned to stone: the owl fallen upon the man.","En un último movimiento la fiera expulsó una llama azul, mezclada con el aura del señor, en una explosión que cubrió a los dos, y los dos se volvieron piedra: la lechuza caída sobre el hombre.",,169,12.1,—,,—,—,,—,completas,3D,,,ok,ok,,,,,pendente,sim,data/missoes_revoar.json › pedra[1]
missao.revoar.cena.pedido.1,286,5 · Capítulo 7 — O revoar das asas negras,"Quando a porta estreita da fazenda se fecha atrás do Pedro. Cena durante o passo (o E na anciã, depois da fera).",A anciã,revoar_ancia,Fala de cena,"Caixa de fala da cena, com o vale parado",O revoar das asas negras,7/7 · revoar_libertacao,Vá até a estátua da coruja e ouça a anciã (E),evento: libertou,,estatua_da_coruja,o_amanhecer,"Você a derrubou, menino. Agora nos liberte: ponha o escudo de safiras ao lado da coruja, e deixe que a gente vá.","You brought her down, child. Now set us free: place the sapphire shield beside the owl, and let us go.","La derribaste, muchacho. Ahora libéranos: pon el escudo de zafiros al lado de la lechuza, y deja que nos vayamos.",,112,8,(sem voz definida),,sem áudio,—,,—,completas,3D,,quem fala não tem voz definida (npcs_3d.json),ok,ok,,,,,pendente,sim,data/missoes_revoar.json › pedido[0]
missao.revoar.cena.pedido.2,287,5 · Capítulo 7 — O revoar das asas negras,"Quando a porta estreita da fazenda se fecha atrás do Pedro. Cena durante o passo (o E na anciã, depois da fera).",A anciã,revoar_ancia,Fala de cena,"Caixa de fala da cena, com o vale parado",O revoar das asas negras,7/7 · revoar_libertacao,Vá até a estátua da coruja e ouça a anciã (E),evento: libertou,,estatua_da_coruja,o_amanhecer,"Há muito começaram a levantar um quilombo longe desta fazenda; é para lá que queremos ir. Tememos que ela volte, se alguém levar daqui um legado dela. O que ficar de pedra, fica.","Long ago they began to raise a quilombo far from this farm; that is where we want to go. We fear she will return, if anyone carries a legacy of hers away from here. What turns to stone, stays.","Hace mucho empezaron a levantar un quilombo lejos de esta hacienda; es allá adonde queremos ir. Tememos que vuelva, si alguien se lleva de aquí un legado suyo. Lo que se vuelve piedra, se queda.",,178,12.7,(sem voz definida),,sem áudio,—,,—,completas,3D,,quem fala não tem voz definida (npcs_3d.json),ok,ok,,,,,pendente,sim,data/missoes_revoar.json › pedido[1]
missao.revoar.cena.pergunta_escudo,288,5 · Capítulo 7 — O revoar das asas negras,Quando a porta estreita da fazenda se fecha atrás do Pedro. Cena durante o passo (a escolha do capítulo).,A anciã,revoar_ancia,Pergunta de cena (escolha do jogador),Caixa de pergunta (Sim / Não),O revoar das asas negras,7/7 · revoar_libertacao,Vá até a estátua da coruja e ouça a anciã (E),evento: libertou,,estatua_da_coruja,o_amanhecer,Deixar o escudo de safiras ao lado da coruja? (Sim: ele vira pedra aqui. Não: você o leva — e a conta dela vai junto),Leave the sapphire shield beside the owl? (Yes: it turns to stone here. No: you take it — and her debt goes with you),"¿Dejar el escudo de zafiros al lado de la lechuza? (Sí: se vuelve piedra aquí. No: te lo llevas, y la cuenta de ella va contigo)",,117,8.4,(sem voz definida),,sem áudio,—,,—,completas,3D,,quem fala não tem voz definida (npcs_3d.json),ok,ok,,,,,pendente,sim,data/missoes_revoar.json › pergunta_escudo
missao.revoar.revoar_libertacao.anuncio,289,5 · Capítulo 7 — O revoar das asas negras,Quando a porta estreita da fazenda se fecha atrás do Pedro.,Pedro,pedro,Anúncio do passo,"Ao anunciar o passo (na vez dele, na fila de falas); o E no dono o repete",O revoar das asas negras,7/7 · revoar_libertacao,Vá até a estátua da coruja e ouça a anciã (E),evento: libertou,,estatua_da_coruja,o_amanhecer,"Acabou... Ela virou pedra em cima dele, e ele embaixo dela, do jeito que a anciã contou. Ela quer te falar — vai até a estátua.","It's over... She turned to stone on top of him, and he beneath her, just as the old woman told it. She wants to speak to you — go to the statue.","Se acabó... Se volvió piedra encima de él, y él debajo de ella, como contó la anciana. Ella quiere hablarte: ve hasta la estatua.",,127,9.1,"Weverton - Youthful, Energetic and Clear · YbP0Eq5RE5uOoCEl7F3T · eleven_v3",,sem áudio,—,,—,completas,3D,,,ok,ok,,,,,pendente,sim,data/missoes_revoar.json › passos[6] revoar_libertacao › texto
missao.revoar.cena.amanhecer.1,290,5 · Capítulo 7 — O revoar das asas negras,Quando a porta estreita da fazenda se fecha atrás do Pedro. Cena ao fechar o passo (se deixou o escudo).,Narrador (voz do mundo),narrador,"Narração de cena (texto, sem voz)","A narração do vale (o escuro sobe, uma frase de cada vez)",O revoar das asas negras,7/7 · revoar_libertacao,Vá até a estátua da coruja e ouça a anciã (E),evento: libertou,,estatua_da_coruja,o_amanhecer,"Você pôs o escudo ao lado da estátua, e ele virou pedra ali mesmo, preso ao resto. As mulheres cantaram. Cuidaram dos feridos, e o nascer do sol foi um começo para todos.","You set the shield beside the statue, and it turned to stone right there, fixed to the rest. The women sang. They tended the wounded, and the sunrise was a beginning for everyone.","Pusiste el escudo al lado de la estatua, y se volvió piedra allí mismo, pegado al resto. Las mujeres cantaron. Cuidaron a los heridos, y el amanecer fue un comienzo para todos.",,170,12.1,—,,—,—,,—,completas,3D,,,ok,ok,,,,,pendente,sim,data/missoes_revoar.json › amanhecer[0]
missao.revoar.cena.amanhecer.2,291,5 · Capítulo 7 — O revoar das asas negras,Quando a porta estreita da fazenda se fecha atrás do Pedro. Cena ao fechar o passo (se deixou o escudo).,Narrador (voz do mundo),narrador,"Narração de cena (texto, sem voz)","A narração do vale (o escuro sobe, uma frase de cada vez)",O revoar das asas negras,7/7 · revoar_libertacao,Vá até a estátua da coruja e ouça a anciã (E),evento: libertou,,estatua_da_coruja,o_amanhecer,"A moça se despediu do Pedro com um beijo no rosto; o lugar dela era com elas. Dois grupos tomaram dois rumos: as mulheres, o quilombo; o arraial, a casa.","The girl said goodbye to Pedro with a kiss on the cheek; her place was with them. Two groups took two roads: the women, the quilombo; the villagers, home.","La muchacha se despidió de Pedro con un beso en la mejilla; su lugar era con ellas. Dos grupos tomaron dos rumbos: las mujeres, el quilombo; el poblado, la casa.",,153,10.9,—,,—,—,,—,completas,3D,,(revisto: os dois fins do capítulo (deixou ou levou o escudo) dividem a frase final de propósito) texto igual ao de missao.revoar.cena.amanhecer_levado.2,ok,ok,,,,,pendente,sim,data/missoes_revoar.json › amanhecer[1]
missao.revoar.cena.amanhecer_levado.1,292,5 · Capítulo 7 — O revoar das asas negras,Quando a porta estreita da fazenda se fecha atrás do Pedro. Cena ao fechar o passo (se levou o escudo).,Narrador (voz do mundo),narrador,"Narração de cena (texto, sem voz)","A narração do vale (o escuro sobe, uma frase de cada vez)",O revoar das asas negras,7/7 · revoar_libertacao,Vá até a estátua da coruja e ouça a anciã (E),evento: libertou,,estatua_da_coruja,o_amanhecer,Você ficou com o escudo. A anciã olhou para ele no teu braço e não disse nada; as mulheres cantaram mais baixo. Quem leva legado de Matinta leva também a conta dela — e dizem que ela cobra.,You kept the shield. The old woman looked at it on your arm and said nothing; the women sang more quietly. Whoever carries a legacy of the Matinta carries her debt too — and they say she collects.,"Te quedaste con el escudo. La anciana lo miró en tu brazo y no dijo nada; las mujeres cantaron más bajo. Quien se lleva legado de Matinta se lleva también su cuenta, y dicen que ella cobra.",,189,13.5,—,,—,—,,—,completas,3D,,,ok,atenção,"""Quem leva legado de Matinta leva também a conta dela — e ela cobra."" — levar o escudo só troca esta narração (revoar_vale: escudo_levado); nada cobra depois.","Dar uma consequência (o escudo pesa no fôlego, a coruja de pedra racha numa noite) ou deixar a ameaça como lenda: ""... e dizem que ela cobra.""",baixa,,corrigir,sim,data/missoes_revoar.json › amanhecer_levado[0]
missao.revoar.cena.amanhecer_levado.2,293,5 · Capítulo 7 — O revoar das asas negras,Quando a porta estreita da fazenda se fecha atrás do Pedro. Cena ao fechar o passo (se levou o escudo).,Narrador (voz do mundo),narrador,"Narração de cena (texto, sem voz)","A narração do vale (o escuro sobe, uma frase de cada vez)",O revoar das asas negras,7/7 · revoar_libertacao,Vá até a estátua da coruja e ouça a anciã (E),evento: libertou,,estatua_da_coruja,o_amanhecer,"A moça se despediu do Pedro com um beijo no rosto; o lugar dela era com elas. Dois grupos tomaram dois rumos: as mulheres, o quilombo; o arraial, a casa.","The girl said goodbye to Pedro with a kiss on the cheek; her place was with them. Two groups took two roads: the women, the quilombo; the villagers, home.","La muchacha se despidió de Pedro con un beso en la mejilla; su lugar era con ellas. Dos grupos tomaron dos rumbos: las mujeres, el quilombo; el poblado, la casa.",,153,10.9,—,,—,—,,—,completas,3D,,(revisto: os dois fins do capítulo (deixou ou levou o escudo) dividem a frase final de propósito) texto igual ao de missao.revoar.cena.amanhecer.2,ok,ok,,,,,pendente,sim,data/missoes_revoar.json › amanhecer_levado[1]
missao.revoar.arremate,294,5 · Capítulo 7 — O revoar das asas negras,Quando a porta estreita da fazenda se fecha atrás do Pedro.,Pedro,pedro,Nota de fim (não falada),Fica no objetivo do HUD ao fim; a última resposta é a fala,O revoar das asas negras,,,,,,,"O sol nasceu sobre as ruínas do palacete. As mulheres tomaram o rumo do quilombo; o arraial, o de casa. A coruja de pedra ficou.","The sun rose over the ruins of the palace. The women took the road to the quilombo; the villagers, the road home. The stone owl remained.","El sol salió sobre las ruinas del palacete. Las mujeres tomaron el rumbo del quilombo; el poblado, el de casa. La lechuza de piedra se quedó.",,128,9.1,"Weverton - Youthful, Energetic and Clear · YbP0Eq5RE5uOoCEl7F3T · eleven_v3",,—,—,,—,completas,3D,,,ok,ok,,,,,pendente,"sim (texto do HUD, sem voz)",data/missoes_revoar.json › arremate
missao.rendeira.trancada,295,6 · Favores dos moradores,"Depois da chegada, com afinidade Conhecido de vista (grau 1) com Dona Estefânia. E em Dona Estefânia.",Dona Estefânia,rendeira,Aviso de fila trancada,E no dono enquanto a fila espera o que ela pede,Luz para a renda,,,,,,,"Fale baixinho, moço, que eu conto os bilros. A gente mal se conhece; passe aqui mais vezes, que eu lhe peço uma coisa quando souber o seu nome.","Speak softly, young man, I'm counting bobbins. We barely know each other; come by more often, and I'll ask you for something once I know your name.","Habla bajito, muchacho, que estoy contando bolillos. Apenas nos conocemos; pasa por aquí más veces, que te pediré algo cuando sepa tu nombre.",,143,10.2,Lily · pFZP5JQG7iQjIQuC4Bku · eleven_v3,,sem áudio,—,,—,completas,3D,,,ok,ok,,,,,pendente,sim,data/missoes_rendeira.json › trancada
missao.rendeira.rendeira_lampiao.anuncio,296,6 · Favores dos moradores,"Depois da chegada, com afinidade Conhecido de vista (grau 1) com Dona Estefânia. E em Dona Estefânia.",Dona Estefânia,rendeira,Anúncio do passo,"Ao anunciar o passo (na vez dele, na fila de falas); o E no dono o repete",Luz para a renda,1/1 · rendeira_lampiao,Leve um lampião à Dona Estefânia,levar a Dona Estefânia: lampião ×1,15 XP,casa_da_rendeira,,"Moço, chegue na janela. A renda é tempo, e o meu tempo acaba com a luz: quando o sol vai embora, o bilro para. Na venda do Nicolau tem lampião, mas renda não paga lampião. Se me trouxer um, eu rendo até de noite — e a toalha do seu tio sai da gaveta.","Young man, come to the window. Lace is time, and my time ends with the light: when the sun goes, the bobbin stops. Nicolau's shop has lamps, but lace doesn't pay for a lamp. Bring me one and I'll make lace into the night — and your uncle's tablecloth comes out of the drawer.","Muchacho, acércate a la ventana. El encaje es tiempo, y mi tiempo se acaba con la luz: cuando el sol se va, el bolillo para. En la venta de Nicolau hay faroles, pero el encaje no paga un farol. Si me traes uno, hago encaje hasta de noche — y el mantel de tu tío sale del cajón.",,250,17.9,Lily · pFZP5JQG7iQjIQuC4Bku · eleven_v3,,sem áudio,—,,—,completas,3D,,,ok,ok,,,,,pendente,sim,data/missoes_rendeira.json › passos[0] rendeira_lampiao › texto
missao.rendeira.rendeira_lampiao.resposta,297,6 · Favores dos moradores,"Depois da chegada, com afinidade Conhecido de vista (grau 1) com Dona Estefânia. E em Dona Estefânia.",Dona Estefânia,rendeira,Resposta do passo (E),E em Dona Estefânia com a carga na mochila,Luz para a renda,1/1 · rendeira_lampiao,Leve um lampião à Dona Estefânia,levar a Dona Estefânia: lampião ×1,15 XP,casa_da_rendeira,,"Lampião! Agora eu rendo até de noite. Deus lhe dê olhos bons, meu filho — e volte quando a gente se conhecer melhor, que tem uma coisa dobrada aqui com o nome do seu tio na borda.","A lamp! Now I can make lace into the night. May God give you good eyes, my son — and come back when we know each other better; there's something folded here with your uncle's name on the hem.","¡Un farol! Ahora hago encaje hasta de noche. Que Dios te dé buenos ojos, hijo — y vuelve cuando nos conozcamos mejor, que hay algo doblado aquí con el nombre de tu tío en el borde.",,179,12.8,Lily · pFZP5JQG7iQjIQuC4Bku · eleven_v3,,sem áudio,—,,—,completas,3D,,,ok,ok,,,,,pendente,sim,data/missoes_rendeira.json › passos[0] rendeira_lampiao › meta.resposta
missao.rendeira.arremate,298,6 · Favores dos moradores,"Depois da chegada, com afinidade Conhecido de vista (grau 1) com Dona Estefânia. E em Dona Estefânia.",Dona Estefânia,rendeira,Nota de fim (não falada),Fica no objetivo do HUD ao fim; a última resposta é a fala,Luz para a renda,,,,,,,A Dona Estefânia rende de noite agora. A toalha do seu tio saiu da gaveta — mas ainda não saiu da casa dela.,Dona Estefânia makes lace at night now. Your uncle's tablecloth is out of the drawer — but not yet out of her house.,Doña Estefânia hace encaje de noche ahora. El mantel de tu tío salió del cajón — pero aún no salió de su casa.,,108,7.7,Lily · pFZP5JQG7iQjIQuC4Bku · eleven_v3,,—,—,,—,completas,3D,,,ok,ok,,,,,pendente,"sim (texto do HUD, sem voz)",data/missoes_rendeira.json › arremate
missao.sacristao.trancada,299,6 · Favores dos moradores,"Depois da chegada, com afinidade Conhecido de vista (grau 1) com Sacristão Zacarias. E em Sacristão Zacarias.",Sacristão Zacarias,sacristao,Aviso de fila trancada,E no dono enquanto a fila espera o que ela pede,Garapa para o sino,,,,,,,"A cadeira na sombra do adro é minha, moço, e a conversa comprida também é pra quem eu conheço. Passe pela porta da igreja mais vezes.","The chair in the shade of the churchyard is mine, young man, and long talk is for people I know. Pass by the church door more often.","La silla a la sombra del atrio es mía, muchacho, y la charla larga también es para quien conozco. Pasa por la puerta de la iglesia más veces.",,133,9.5,River · SAz9YHcvj6GT2YYXdXww · eleven_v3,,sem áudio,—,,—,completas,3D,,,ok,ok,,,,,pendente,sim,data/missoes_sacristao.json › trancada
missao.sacristao.sacristao_garapa.anuncio,300,6 · Favores dos moradores,"Depois da chegada, com afinidade Conhecido de vista (grau 1) com Sacristão Zacarias. E em Sacristão Zacarias.",Sacristão Zacarias,sacristao,Anúncio do passo,"Ao anunciar o passo (na vez dele, na fila de falas); o E no dono o repete",Garapa para o sino,1/1 · sacristao_garapa,Leve duas garapas ao Sacristão Zacarias,levar a Sacristão Zacarias: garapa ×2,15 XP,igreja,,"Eu toco o sino às seis e às dezoito, e entre um e outro varro, apago vela e escuto a praça. Garganta de sacristão seca, moço. Duas garapas — da Dona Candinha ou do seu fogão — e eu lhe toco o sino certo. E lhe conto uma coisa que o padre não sabe.","I ring the bell at six and at eighteen, and in between I sweep, snuff candles and listen to the square. A sexton's throat runs dry, young man. Two cane juices — from Dona Candinha or from your own stove — and I'll ring the bell right for you. And tell you something the priest doesn't know.","Yo toco la campana a las seis y a las dieciocho, y entre una y otra barro, apago velas y escucho la plaza. La garganta de un sacristán se seca, muchacho. Dos guarapos — de Doña Candinha o de tu fogón — y te toco la campana bien. Y te cuento algo que el cura no sabe.",,247,17.6,River · SAz9YHcvj6GT2YYXdXww · eleven_v3,,sem áudio,—,,—,completas,3D,,,atenção,ok,"Em terceira pessoa na boca do próprio sacristão: ""Zacarias toca o sino às seis e às dezoito..."" O anúncio do passo sai na voz e no balão do dono da fila; soa como narrador.","""Eu toco o sino às seis e às dezoito, e entre um e outro varro, apago vela e escuto a praça. Garganta de sacristão seca, moço...""",média,,corrigir,sim,data/missoes_sacristao.json › passos[0] sacristao_garapa › texto
missao.sacristao.sacristao_garapa.resposta,301,6 · Favores dos moradores,"Depois da chegada, com afinidade Conhecido de vista (grau 1) com Sacristão Zacarias. E em Sacristão Zacarias.",Sacristão Zacarias,sacristao,Resposta do passo (E),E em Sacristão Zacarias com a carga na mochila,Garapa para o sino,1/1 · sacristao_garapa,Leve duas garapas ao Sacristão Zacarias,levar a Sacristão Zacarias: garapa ×2,15 XP,igreja,,"Garapa! O padre diz que eu bebo pelos dois. Bebo mesmo, e toco melhor. Da pedra atrás do altar a gente fala outro dia, quando não tiver ninguém no adro.","Cane juice! The priest says I drink for the both of us. I do, and I ring better for it. About the stone behind the altar we'll talk another day, when there's no one in the churchyard.","¡Guarapo! El cura dice que bebo por los dos. Bebo, sí, y toco mejor. De la piedra detrás del altar hablamos otro día, cuando no haya nadie en el atrio.",,152,10.9,River · SAz9YHcvj6GT2YYXdXww · eleven_v3,,sem áudio,—,,—,completas,3D,,,ok,ok,,,,,pendente,sim,data/missoes_sacristao.json › passos[0] sacristao_garapa › meta.resposta
missao.sacristao.arremate,302,6 · Favores dos moradores,"Depois da chegada, com afinidade Conhecido de vista (grau 1) com Sacristão Zacarias. E em Sacristão Zacarias.",Sacristão Zacarias,sacristao,Nota de fim (não falada),Fica no objetivo do HUD ao fim; a última resposta é a fala,Garapa para o sino,,,,,,,"O sino do Zacarias toca certo hoje, e ele deve ao jogador uma história: a da pedra atrás do altar.","Zacarias's bell rings right today, and he owes the player a story: the one about the stone behind the altar.","La campana de Zacarias suena bien hoy, y él le debe al jugador una historia: la de la piedra detrás del altar.",,98,7,River · SAz9YHcvj6GT2YYXdXww · eleven_v3,,—,—,,—,completas,3D,,,ok,ok,,,,,pendente,"sim (texto do HUD, sem voz)",data/missoes_sacristao.json › arremate
missao.beata.trancada,303,6 · Favores dos moradores,"Depois da chegada, com afinidade Conhecido de vista (grau 1) com Sá Joaquina. E em Sá Joaquina.",Sá Joaquina,beata,Aviso de fila trancada,E no dono enquanto a fila espera o que ela pede,O chá da tosse,,,,,,,"Rezo de costas pro mar e de frente pra quem eu conheço, meu filho. Passe mais vezes na frente da igreja.","I pray with my back to the sea and my face to the people I know, my son. Pass in front of the church more often.","Rezo de espaldas al mar y de frente a quien conozco, hijo mío. Pasa más veces frente a la iglesia.",,104,7.4,Katiuscia · wXwzHFLHnXex5h3JPBXA · eleven_v3,,sem áudio,—,,—,completas,3D,,,ok,ok,,,,,pendente,sim,data/missoes_beata.json › trancada
missao.beata.beata_cha.anuncio,304,6 · Favores dos moradores,"Depois da chegada, com afinidade Conhecido de vista (grau 1) com Sá Joaquina. E em Sá Joaquina.",Sá Joaquina,beata,Anúncio do passo,"Ao anunciar o passo (na vez dele, na fila de falas); o E no dono o repete",O chá da tosse,1/1 · beata_cha,Leve um chá de folha a Sá Joaquina,levar a Sá Joaquina: chá de folha ×1,"15 XP, beiju ×1",casa_da_beata,,"Eu rezo às seis, chova ou faça sol, e a tosse reza junto. Faça um chá de folha no seu fogão e traga, meu filho — e eu rezo um terço pelo seu tio, que passava sem falar e tirava o chapéu.","I pray at six, rain or shine, and the cough prays along. Make a leaf tea on your stove and bring it, my son — and I'll pray a rosary for your uncle, who passed without a word and tipped his hat.","Yo rezo a las seis, llueva o haga sol, y la tos reza conmigo. Haz un té de hoja en tu fogón y tráelo, hijo mío — y rezo un rosario por tu tío, que pasaba sin hablar y se quitaba el sombrero.",,186,13.3,Katiuscia · wXwzHFLHnXex5h3JPBXA · eleven_v3,,sem áudio,—,,—,completas,3D,,,atenção,ok,"Terceira pessoa: ""Joaquina reza às seis, chova ou faça sol..."" E ""O Tonico me manda o chá de folha que ele não bebe"" — estranho para um menino.","""Eu rezo às seis, chova ou faça sol, e a tosse reza junto. Faça um chá de folha no seu fogão e traga, meu filho...""",média,,corrigir,sim,data/missoes_beata.json › passos[0] beata_cha › texto
missao.beata.beata_cha.resposta,305,6 · Favores dos moradores,"Depois da chegada, com afinidade Conhecido de vista (grau 1) com Sá Joaquina. E em Sá Joaquina.",Sá Joaquina,beata,Resposta do passo (E),E em Sá Joaquina com a carga na mochila,O chá da tosse,1/1 · beata_cha,Leve um chá de folha a Sá Joaquina,levar a Sá Joaquina: chá de folha ×1,"15 XP, beiju ×1",casa_da_beata,,"Chá de folha, quente ainda. Deus lhe pague. Agora sente e me ouça: a Dona Candinha tem conta com o Nicolau, e o guarda dorme na porta. Eu só conto pra quem reza comigo — e trazer chá é quase rezar.","Leaf tea, still warm. God repay you. Now sit and listen: Dona Candinha owes Nicolau, and the guard sleeps at the door. I only tell those who pray with me — and bringing tea is almost praying.","Té de hoja, caliente todavía. Dios te lo pague. Ahora siéntate y escucha: Doña Candinha tiene cuenta con Nicolau, y el guardia duerme en la puerta. Solo se lo cuento a quien reza conmigo — y traer té es casi rezar.",,197,14.1,Katiuscia · wXwzHFLHnXex5h3JPBXA · eleven_v3,,sem áudio,—,,—,completas,3D,,,ok,ok,,,,,pendente,sim,data/missoes_beata.json › passos[0] beata_cha › meta.resposta
missao.beata.arremate,306,6 · Favores dos moradores,"Depois da chegada, com afinidade Conhecido de vista (grau 1) com Sá Joaquina. E em Sá Joaquina.",Sá Joaquina,beata,Nota de fim (não falada),Fica no objetivo do HUD ao fim; a última resposta é a fala,O chá da tosse,,,,,,,"Sá Joaquina tossiu menos hoje, e passou a contar ao jogador o que vê da frente da igreja.","Sá Joaquina coughed less today, and began telling the player what she sees from the front of the church.","Sá Joaquina tosió menos hoy, y empezó a contarle al jugador lo que ve desde el frente de la iglesia.",,89,6.4,Katiuscia · wXwzHFLHnXex5h3JPBXA · eleven_v3,,—,—,,—,completas,3D,,,ok,ok,,,,,pendente,"sim (texto do HUD, sem voz)",data/missoes_beata.json › arremate
missao.mercador.trancada,307,6 · Favores dos moradores,"Depois da chegada, com afinidade Conhecido de vista (grau 1) com Seu Nicolau. E em Seu Nicolau.",Seu Nicolau,mercador,Aviso de fila trancada,E no dono enquanto a fila espera o que ela pede,A prateleira da venda,,,,,,,"Fiado é pra quem tem terra, e pedido é pra quem eu conheço. Compre alguma coisa, converse, volte.","Credit is for those who own land, and favors are for people I know. Buy something, talk a while, come back.","El fiado es para quien tiene tierra, y los pedidos para quien conozco. Compra algo, conversa, vuelve.",,97,6.9,Chris · iP95p4xoKVk53GoZ742B · eleven_v3,,sem áudio,—,,—,completas,3D,,,ok,ok,,,,,pendente,sim,data/missoes_mercador.json › trancada
missao.mercador.mercador_tabuas.anuncio,308,6 · Favores dos moradores,"Depois da chegada, com afinidade Conhecido de vista (grau 1) com Seu Nicolau. E em Seu Nicolau.",Seu Nicolau,mercador,Anúncio do passo,"Ao anunciar o passo (na vez dele, na fila de falas); o E no dono o repete",A prateleira da venda,1/1 · mercador_tabuas,Leve duas tábuas ao Seu Nicolau,levar a Seu Nicolau: tábua serrada ×2,"15 XP, lampião ×1",bar,,"Eu não peço favor, eu cobro. Mas hoje peço: a prateleira do fundo cedeu com o peso do sal, e tábua boa só sai da sua bancada. Duas tábuas e eu abato na conta — e lhe dou um lampião, que a Estefânia vive pedindo e nunca compra.","I don't ask favors, I collect. But today I'm asking: the back shelf gave way under the weight of the salt, and good planks only come off your workbench. Two planks and I'll knock it off your account — and give you a lamp, the one Estefânia keeps asking for and never buys.","Yo no pido favores, cobro. Pero hoy pido: el estante del fondo cedió con el peso de la sal, y tabla buena solo sale de tu banco. Dos tablas y te lo descuento de la cuenta — y te doy un farol, el que Estefânia vive pidiendo y nunca compra.",,226,16.1,Chris · iP95p4xoKVk53GoZ742B · eleven_v3,,sem áudio,—,,—,completas,3D,,,atenção,ok,"Terceira pessoa: ""Nicolau não pede fiado, cobra.""","""Eu não peço favor, eu cobro. Mas hoje peço: a prateleira do fundo cedeu...""",média,,corrigir,sim,data/missoes_mercador.json › passos[0] mercador_tabuas › texto
missao.mercador.mercador_tabuas.resposta,309,6 · Favores dos moradores,"Depois da chegada, com afinidade Conhecido de vista (grau 1) com Seu Nicolau. E em Seu Nicolau.",Seu Nicolau,mercador,Resposta do passo (E),E em Seu Nicolau com a carga na mochila,A prateleira da venda,1/1 · mercador_tabuas,Leve duas tábuas ao Seu Nicolau,levar a Seu Nicolau: tábua serrada ×2,"15 XP, lampião ×1",bar,,"Tábua! Tava precisando pra prateleira. Toma o lampião, e isso abate na conta — na do seu tio, que está paga, e na sua, que ainda não começou.","Planks! Just what the shelf needed. Take the lamp, and this comes off the account — your uncle's, which is settled, and yours, which hasn't started yet.","¡Tablas! Me hacían falta para el estante. Toma el farol, y esto se descuenta de la cuenta — de la de tu tío, que está pagada, y de la tuya, que todavía no empezó.",,141,10.1,Chris · iP95p4xoKVk53GoZ742B · eleven_v3,,sem áudio,—,,—,completas,3D,,,ok,ok,,,,,pendente,sim,data/missoes_mercador.json › passos[0] mercador_tabuas › meta.resposta
missao.mercador.arremate,310,6 · Favores dos moradores,"Depois da chegada, com afinidade Conhecido de vista (grau 1) com Seu Nicolau. E em Seu Nicolau.",Seu Nicolau,mercador,Nota de fim (não falada),Fica no objetivo do HUD ao fim; a última resposta é a fala,A prateleira da venda,,,,,,,"A prateleira do Nicolau está de pé, e o jogador saiu da venda com um lampião que não comprou.","Nicolau's shelf is standing again, and the player left the shop with a lamp he didn't buy.","El estante de Nicolau está en pie, y el jugador salió de la venta con un farol que no compró.",,93,6.6,Chris · iP95p4xoKVk53GoZ742B · eleven_v3,,—,—,,—,completas,3D,,,ok,ok,,,,,pendente,"sim (texto do HUD, sem voz)",data/missoes_mercador.json › arremate
missao.guarda.trancada,311,6 · Favores dos moradores,"Depois da chegada, com afinidade Conhecido de vista (grau 1) com Guarda Aristides. E em Guarda Aristides.",Guarda Aristides,guarda,Aviso de fila trancada,E no dono enquanto a fila espera o que ela pede,Peixe para a ronda,,,,,,,"Meu serviço é saber quem chegou. Você chegou, eu sei. O resto é com o tempo, moço.","My job is to know who arrived. You arrived, I know that much. The rest is up to time, young man.","Mi trabajo es saber quién llegó. Tú llegaste, eso lo sé. El resto es cosa del tiempo, muchacho.",,82,5.9,Brian · nPczCjzI2devNBz1zQrb · eleven_v3,,sem áudio,—,,—,completas,3D,,,ok,ok,,,,,pendente,sim,data/missoes_guarda.json › trancada
missao.guarda.guarda_peixe.anuncio,312,6 · Favores dos moradores,"Depois da chegada, com afinidade Conhecido de vista (grau 1) com Guarda Aristides. E em Guarda Aristides.",Guarda Aristides,guarda,Anúncio do passo,"Ao anunciar o passo (na vez dele, na fila de falas); o E no dono o repete",Peixe para a ronda,1/1 · guarda_peixe,Leve um peixe assado ao Guarda Aristides,levar a Guarda Aristides: peixe na brasa ×1,15 XP,praca,,"Eu dou três voltas na praça de noite e durmo na porta da venda — escutando, não dormindo. Ronda de barriga vazia é ronda curta. Um peixe assado do seu fogão, moço, e hoje eu escuto o adro inteiro.","I walk the square three times a night and sleep at the shop door — listening, not sleeping. A watch on an empty stomach is a short watch. One roast fish from your stove, young man, and tonight I'll listen to the whole churchyard.","Yo doy tres vueltas a la plaza de noche y duermo en la puerta de la venta — escuchando, no durmiendo. Ronda con la barriga vacía es ronda corta. Un pescado asado de tu fogón, muchacho, y hoy escucho el atrio entero.",,196,14,Brian · nPczCjzI2devNBz1zQrb · eleven_v3,,sem áudio,—,,—,completas,3D,,,atenção,ok,"Terceira pessoa: ""Aristides dá três voltas na praça de noite...""","""Eu dou três voltas na praça de noite e durmo na porta da venda — escutando, não dormindo...""",média,,corrigir,sim,data/missoes_guarda.json › passos[0] guarda_peixe › texto
missao.guarda.guarda_peixe.resposta,313,6 · Favores dos moradores,"Depois da chegada, com afinidade Conhecido de vista (grau 1) com Guarda Aristides. E em Guarda Aristides.",Guarda Aristides,guarda,Resposta do passo (E),E em Guarda Aristides com a carga na mochila,Peixe para a ronda,1/1 · guarda_peixe,Leve um peixe assado ao Guarda Aristides,levar a Guarda Aristides: peixe na brasa ×1,15 XP,praca,,"Peixe assado! Isso é pra guarda de verdade. Hoje a ronda vai ser mais atenta. E se eu ouvir o passo no adro de novo, você vai ser o primeiro a saber.","Roast fish! That's food for a real guard. Tonight's watch will be sharper. And if I hear the footstep in the churchyard again, you'll be the first to know.","¡Pescado asado! Eso es para un guardia de verdad. Hoy la ronda será más atenta. Y si oigo el paso en el atrio otra vez, tú serás el primero en saberlo.",,149,10.6,Brian · nPczCjzI2devNBz1zQrb · eleven_v3,,sem áudio,—,,—,completas,3D,,,ok,ok,,,,,pendente,sim,data/missoes_guarda.json › passos[0] guarda_peixe › meta.resposta
missao.guarda.arremate,314,6 · Favores dos moradores,"Depois da chegada, com afinidade Conhecido de vista (grau 1) com Guarda Aristides. E em Guarda Aristides.",Guarda Aristides,guarda,Nota de fim (não falada),Fica no objetivo do HUD ao fim; a última resposta é a fala,Peixe para a ronda,,,,,,,"O Guarda Aristides rondou de barriga cheia, e prometeu ao jogador o primeiro aviso do passo no adro.","Guard Aristides walked his rounds on a full stomach, and promised the player the first word of the footstep in the churchyard.","El Guardia Aristides hizo la ronda con la barriga llena, y le prometió al jugador el primer aviso del paso en el atrio.",,100,7.1,Brian · nPczCjzI2devNBz1zQrb · eleven_v3,,—,—,,—,completas,3D,,,ok,ok,,,,,pendente,"sim (texto do HUD, sem voz)",data/missoes_guarda.json › arremate
missao.pescador.trancada,315,6 · Favores dos moradores,"Depois da chegada, com afinidade Conhecido de vista (grau 1) com Seu Jerônimo. E em Seu Jerônimo.",Seu Jerônimo,pescador,Aviso de fila trancada,E no dono enquanto a fila espera o que ela pede,Corda para a linha,,,,,,,"Se o vento virar enquanto você fala, eu paro de ouvir. Hoje virou. Volte outro dia, moço, e fale da pedra, não do mar.","If the wind turns while you're talking, I stop listening. Today it turned. Come back another day, young man, and talk from the rock, not from the sea.","Si el viento cambia mientras hablas, dejo de escuchar. Hoy cambió. Vuelve otro día, muchacho, y habla desde la piedra, no desde el mar.",,118,8.4,Will · bIHbv24MWmeRgasZH58o · eleven_v3,,sem áudio,—,,—,completas,3D,,,ok,ok,,,,,pendente,sim,data/missoes_pescador.json › trancada
missao.pescador.pescador_corda.anuncio,316,6 · Favores dos moradores,"Depois da chegada, com afinidade Conhecido de vista (grau 1) com Seu Jerônimo. E em Seu Jerônimo.",Seu Jerônimo,pescador,Anúncio do passo,"Ao anunciar o passo (na vez dele, na fila de falas); o E no dono o repete",Corda para a linha,1/1 · pescador_corda,Leve duas cordas ao Seu Jerônimo,levar a Seu Jerônimo: corda de piaçava ×2,"15 XP, robalo ×1",casa_do_pescador,,"Eu pesco de linha, da pedra, e linha boa nasce de corda boa. A minha arrebentou num robalo — na quinta, que de sexta eu não pesco. Torça duas cordas na sua bancada e traga. Pago em peixe, que é a moeda que eu tenho.","I fish with a line, from the rock, and a good line is born of good rope. Mine snapped on a sea bass — on Thursday, since I don't fish on Fridays. Twist two ropes on your workbench and bring them. I pay in fish, the only coin I've got.","Yo pesco con sedal, desde la piedra, y un buen sedal nace de una buena cuerda. La mía se rompió con un róbalo — el jueves, que los viernes no pesco. Tuerce dos cuerdas en tu banco y tráelas. Pago en pescado, que es la moneda que tengo.",,215,15.4,Will · bIHbv24MWmeRgasZH58o · eleven_v3,,sem áudio,—,,—,completas,3D,,,atenção,ok,"Terceira pessoa: ""Jerônimo pesca de linha, da pedra...""","""Eu pesco de linha, da pedra, e linha boa nasce de corda boa...""",média,,corrigir,sim,data/missoes_pescador.json › passos[0] pescador_corda › texto
missao.pescador.pescador_corda.resposta,317,6 · Favores dos moradores,"Depois da chegada, com afinidade Conhecido de vista (grau 1) com Seu Jerônimo. E em Seu Jerônimo.",Seu Jerônimo,pescador,Resposta do passo (E),E em Seu Jerônimo com a carga na mochila,Corda para a linha,1/1 · pescador_corda,Leve duas cordas ao Seu Jerônimo,levar a Seu Jerônimo: corda de piaçava ×2,"15 XP, robalo ×1",casa_do_pescador,,"Corda! Linha boa nasce de corda boa. Toma um robalo, do fim da tarde de ontem. E quando você souber ler o que a linha puxou do fundo, eu lhe mostro.","Rope! A good line is born of good rope. Take a sea bass, from yesterday's late afternoon. And when you can read what the line pulled from the bottom, I'll show it to you.","¡Cuerda! Un buen sedal nace de una buena cuerda. Toma un róbalo, del final de la tarde de ayer. Y cuando sepas leer lo que el sedal sacó del fondo, te lo muestro.",,148,10.6,Will · bIHbv24MWmeRgasZH58o · eleven_v3,,sem áudio,—,,—,completas,3D,,,ok,ok,,,,,pendente,sim,data/missoes_pescador.json › passos[0] pescador_corda › meta.resposta
missao.pescador.arremate,318,6 · Favores dos moradores,"Depois da chegada, com afinidade Conhecido de vista (grau 1) com Seu Jerônimo. E em Seu Jerônimo.",Seu Jerônimo,pescador,Nota de fim (não falada),Fica no objetivo do HUD ao fim; a última resposta é a fala,Corda para a linha,,,,,,,"O Seu Jerônimo pesca com linha nova, e guarda no telhado uma madeira com letra que ainda vai mostrar.","Seu Jerônimo fishes with a new line, and keeps on his roof a lettered piece of wood he has yet to show.","El Señor Jerônimo pesca con sedal nuevo, y guarda en el techo una madera con letras que todavía va a mostrar.",,101,7.2,Will · bIHbv24MWmeRgasZH58o · eleven_v3,,—,—,,—,completas,3D,,,ok,ok,,,,,pendente,"sim (texto do HUD, sem voz)",data/missoes_pescador.json › arremate
missao.marisqueira.trancada,319,6 · Favores dos moradores,"Depois da chegada, com afinidade Conhecido de vista (grau 1) com Dona Rosa. E em Dona Rosa.",Dona Rosa,marisqueira,Aviso de fila trancada,E no dono enquanto a fila espera o que ela pede,Farinha para o sururu,,,,,,,"Quem quer aprender vem às cinco, com balde e sem sapato. Antes disso, a gente se cumprimenta. Passe mais vezes, meu filho.","Whoever wants to learn comes at five, with a bucket and no shoes. Before that, we greet each other. Come by more often, my son.","Quien quiere aprender viene a las cinco, con balde y sin zapatos. Antes de eso, nos saludamos. Pasa más veces, hijo mío.",,122,8.7,Ana Dias · MZxV5lN3cv7hi1376O0m · eleven_v3,,sem áudio,—,,—,completas,3D,,,ok,ok,,,,,pendente,sim,data/missoes_marisqueira.json › trancada
missao.marisqueira.marisqueira_farinha.anuncio,320,6 · Favores dos moradores,"Depois da chegada, com afinidade Conhecido de vista (grau 1) com Dona Rosa. E em Dona Rosa.",Dona Rosa,marisqueira,Anúncio do passo,"Ao anunciar o passo (na vez dele, na fila de falas); o E no dono o repete",Farinha para o sururu,1/1 · marisqueira_farinha,Leve duas farinhas à Dona Rosa,levar a Dona Rosa: farinha de mandioca ×2,"15 XP, ostra ×3",casa_da_marisqueira,,"Eu tiro ostra e sururu da lama, de manhã cedo. Sururu sem farinha é lama com gosto. Me traga duas cuias de farinha da sua casa e eu lhe dou três ostras da maré de hoje — e, um dia, lhe ensino o que tem por baixo delas.","I pull oysters and mussels out of the mud, early in the morning. Mussels without flour are mud with a taste. Bring me two gourds of flour from your house and I'll give you three oysters from today's tide — and, one day, teach you what lies beneath them.","Yo saco ostras y sururú del barro, de madrugada. Sururú sin harina es barro con sabor. Tráeme dos cuencos de harina de tu casa y te doy tres ostras de la marea de hoy — y, un día, te enseño lo que hay debajo de ellas.",,218,15.6,Ana Dias · MZxV5lN3cv7hi1376O0m · eleven_v3,,sem áudio,—,,—,completas,3D,,,atenção,ok,"Terceira pessoa: ""Rosa tira ostra e sururu da lama...""","""Eu tiro ostra e sururu da lama, de manhã cedo. Sururu sem farinha é lama com gosto...""",média,,corrigir,sim,data/missoes_marisqueira.json › passos[0] marisqueira_farinha › texto
missao.marisqueira.marisqueira_farinha.resposta,321,6 · Favores dos moradores,"Depois da chegada, com afinidade Conhecido de vista (grau 1) com Dona Rosa. E em Dona Rosa.",Dona Rosa,marisqueira,Resposta do passo (E),E em Dona Rosa com a carga na mochila,Farinha para o sururu,1/1 · marisqueira_farinha,Leve duas farinhas à Dona Rosa,levar a Dona Rosa: farinha de mandioca ×2,"15 XP, ostra ×3",casa_da_marisqueira,,"Farinha pra misturar com o sururu de hoje. Obrigada, meu filho. Toma três ostras, tiradas com licença — o mangue é a cozinha de Iemanjá, e a gente entra pedindo.","Flour to mix with today's mussels. Thank you, my son. Take three oysters, gathered with permission — the mangrove is Iemanjá's kitchen, and we enter asking.","Harina para mezclar con el sururú de hoy. Gracias, hijo mío. Toma tres ostras, sacadas con permiso — el manglar es la cocina de Iemanjá, y uno entra pidiendo.",,161,11.5,Ana Dias · MZxV5lN3cv7hi1376O0m · eleven_v3,,sem áudio,—,,—,completas,3D,,,atenção,ok,,,baixa,"""o mangue é a cozinha de Iemanjá"" (e o mesmo na maré das cinco e na roda da praia): conferir com o autor — no candomblé, lama e mangue costumam ser de Nanã, e Iemanjá é do mar. Pode ser escolha da comunidade da Dona Rosa.",pendente,sim,data/missoes_marisqueira.json › passos[0] marisqueira_farinha › meta.resposta
missao.marisqueira.arremate,322,6 · Favores dos moradores,"Depois da chegada, com afinidade Conhecido de vista (grau 1) com Dona Rosa. E em Dona Rosa.",Dona Rosa,marisqueira,Nota de fim (não falada),Fica no objetivo do HUD ao fim; a última resposta é a fala,Farinha para o sururu,,,,,,,"A Dona Rosa comeu sururu com farinha, e o jogador saiu do mangue com três ostras e um convite para as cinco da manhã.","Dona Rosa ate her mussels with flour, and the player left the mangrove with three oysters and an invitation for five in the morning.","Doña Rosa comió sururú con harina, y el jugador salió del manglar con tres ostras y una invitación para las cinco de la mañana.",,117,8.4,Ana Dias · MZxV5lN3cv7hi1376O0m · eleven_v3,,—,—,,—,completas,3D,,,ok,ok,,,,,pendente,"sim (texto do HUD, sem voz)",data/missoes_marisqueira.json › arremate
missao.lavadeira.trancada,323,6 · Favores dos moradores,"Depois da chegada, com afinidade Conhecido de vista (grau 1) com Sá Rita. E em Sá Rita.",Sá Rita,lavadeira,Aviso de fila trancada,E no dono enquanto a fila espera o que ela pede,Lenha para a fervura,,,,,,,"A sua roupa eu lavo de graça na primeira semana, mas pedido eu só faço a quem conheço. Volte, que a roupa conta a vida de quem veste.","Your clothes I wash for free the first week, but I only ask favors of people I know. Come back — clothes tell the life of whoever wears them.","Tu ropa la lavo gratis la primera semana, pero pedidos solo le hago a quien conozco. Vuelve, que la ropa cuenta la vida de quien la viste.",,133,9.5,Ana Alice · ORgG8rwdAiMYRug8RJwR · eleven_v3,,sem áudio,—,,—,completas,3D,,,ok,ok,,,,,pendente,sim,data/missoes_lavadeira.json › trancada
missao.lavadeira.lavadeira_lenha.anuncio,324,6 · Favores dos moradores,"Depois da chegada, com afinidade Conhecido de vista (grau 1) com Sá Rita. E em Sá Rita.",Sá Rita,lavadeira,Anúncio do passo,"Ao anunciar o passo (na vez dele, na fila de falas); o E no dono o repete",Lenha para a fervura,1/1 · lavadeira_lenha,Leve três lenhas a Sá Rita,levar a Sá Rita: lenha ×3,15 XP,casa_da_lavadeira,,"Eu lavo a roupa do padre e da venda na beira do riacho, e roupa de branco só sai branca fervida. Lenha seca, três braçadas, e a sua roupa eu lavo de graça mais uma semana — a primeira já foi.","I wash the priest's and the shop's clothes by the creek, and whites only come out white when boiled. Dry firewood, three armfuls, and I'll wash your clothes for free one more week — the first one's already gone.","Yo lavo la ropa del cura y de la venta a la orilla del arroyo, y la ropa blanca solo sale blanca hervida. Leña seca, tres brazadas, y tu ropa la lavo gratis una semana más — la primera ya pasó.",,191,13.6,Ana Alice · ORgG8rwdAiMYRug8RJwR · eleven_v3,,sem áudio,—,,—,completas,3D,,,atenção,ok,"Terceira pessoa: ""Rita lava a roupa do padre e da venda...""","""Eu lavo a roupa do padre e da venda na beira do riacho, e roupa de branco só sai branca fervida...""",média,,corrigir,sim,data/missoes_lavadeira.json › passos[0] lavadeira_lenha › texto
missao.lavadeira.lavadeira_lenha.resposta,325,6 · Favores dos moradores,"Depois da chegada, com afinidade Conhecido de vista (grau 1) com Sá Rita. E em Sá Rita.",Sá Rita,lavadeira,Resposta do passo (E),E em Sá Rita com a carga na mochila,Lenha para a fervura,1/1 · lavadeira_lenha,Leve três lenhas a Sá Rita,levar a Sá Rita: lenha ×3,15 XP,casa_da_lavadeira,,"Lenha boa, seca. Agora a água ferve e a roupa conta a vida de quem veste. A sua ainda conta pouco. Isso muda.",Good dry firewood. Now the water boils and the clothes tell the life of whoever wears them. Yours still tell little. That changes.,"Leña buena, seca. Ahora el agua hierve y la ropa cuenta la vida de quien la viste. La tuya todavía cuenta poco. Eso cambia.",,109,7.8,Ana Alice · ORgG8rwdAiMYRug8RJwR · eleven_v3,,sem áudio,—,,—,completas,3D,,,ok,ok,,,,,pendente,sim,data/missoes_lavadeira.json › passos[0] lavadeira_lenha › meta.resposta
missao.lavadeira.arremate,326,6 · Favores dos moradores,"Depois da chegada, com afinidade Conhecido de vista (grau 1) com Sá Rita. E em Sá Rita.",Sá Rita,lavadeira,Nota de fim (não falada),Fica no objetivo do HUD ao fim; a última resposta é a fala,Lenha para a fervura,,,,,,,"A água de Sá Rita ferve, e a roupa do jogador sai branca mais uma semana.","Sá Rita's water boils, and the player's clothes come out white for one more week.","El agua de Sá Rita hierve, y la ropa del jugador sale blanca una semana más.",,73,5.2,Ana Alice · ORgG8rwdAiMYRug8RJwR · eleven_v3,,—,—,,—,completas,3D,,,ok,ok,,,,,pendente,"sim (texto do HUD, sem voz)",data/missoes_lavadeira.json › arremate
missao.quituteira.trancada,327,6 · Favores dos moradores,"Depois da chegada, com afinidade Conhecido de vista (grau 1) com Dona Ambrósia. E em Dona Ambrósia.",Dona Ambrósia,quituteira,Aviso de fila trancada,E no dono enquanto a fila espera o que ela pede,O tabuleiro da tarde,,,,,,,"Fome não espera safra, mas pedido espera conhecer. Coma um beiju aí e volte amanhã, meu filho.","Hunger doesn't wait for the harvest, but a favor waits until we know each other. Eat a beiju and come back tomorrow, my son.","El hambre no espera la cosecha, pero el pedido espera a conocerse. Come un beiju y vuelve mañana, hijo mío.",,94,6.7,Jessica · cgSgspJ2msm6clMCkdW9 · eleven_v3,,sem áudio,—,,—,completas,3D,,,ok,ok,,,,,pendente,sim,data/missoes_quituteira.json › trancada
missao.quituteira.quituteira_tabuleiro.anuncio,328,6 · Favores dos moradores,"Depois da chegada, com afinidade Conhecido de vista (grau 1) com Dona Ambrósia. E em Dona Ambrósia.",Dona Ambrósia,quituteira,Anúncio do passo,"Ao anunciar o passo (na vez dele, na fila de falas); o E no dono o repete",O tabuleiro da tarde,1/1 · quituteira_tabuleiro,Leve três milhos e dois ovos à Dona Ambrósia,"levar a Dona Ambrósia: milho ×3, ovo ×2","15 XP, cocada ×2, beiju ×1",casa_da_quituteira,,"Eu vendo acarajé, beiju e cocada no tabuleiro da praça, e o tabuleiro come antes de vender: milho pra bolo e ovo pra massa. Três espigas e dois ovos, e a cocada é sua — a segunda do dia, que a primeira é de Iansã.","I sell acarajé, beiju and cocada from the tray in the square, and the tray eats before it sells: corn for the cake and eggs for the batter. Three ears and two eggs, and the cocada is yours — the second of the day, since the first belongs to Iansã.","Yo vendo acarajé, beiju y cocada en el tablero de la plaza, y el tablero come antes de vender: maíz para el bollo y huevo para la masa. Tres mazorcas y dos huevos, y la cocada es tuya — la segunda del día, que la primera es de Iansã.",,213,15.2,Jessica · cgSgspJ2msm6clMCkdW9 · eleven_v3,,sem áudio,—,,—,completas,3D,,,atenção,atenção,"Terceira pessoa: ""Ambrósia vende acarajé..."" E ""dois ovos do seu quintal"": ovo só vem do galinheiro do segundo tutorial (sexta colheita), e o favor abre no grau 1 — pode ficar semanas parado.","""Eu vendo acarajé, beiju e cocada no tabuleiro da praça... Três espigas e dois ovos, e a cocada é sua."" (sem ""do seu quintal""; ou pedir outra coisa até o galinheiro existir).",média,,corrigir,sim,data/missoes_quituteira.json › passos[0] quituteira_tabuleiro › texto
missao.quituteira.quituteira_tabuleiro.resposta,329,6 · Favores dos moradores,"Depois da chegada, com afinidade Conhecido de vista (grau 1) com Dona Ambrósia. E em Dona Ambrósia.",Dona Ambrósia,quituteira,Resposta do passo (E),E em Dona Ambrósia com a carga na mochila,O tabuleiro da tarde,1/1 · quituteira_tabuleiro,Leve três milhos e dois ovos à Dona Ambrósia,"levar a Dona Ambrósia: milho ×3, ovo ×2","15 XP, cocada ×2, beiju ×1",casa_da_quituteira,,"Milho e ovo! Mão de fogo é boa pra cozinha. Toma duas cocadas e um beiju, e se a Mariinha lhe pedir cocada, diga que a mãe disse não.","Corn and eggs! A hand of fire is good for the kitchen. Take two cocadas and a beiju, and if Mariinha asks you for cocada, tell her the mother said no.","¡Maíz y huevo! Mano de fuego es buena para la cocina. Toma dos cocadas y un beiju, y si Mariinha te pide cocada, dile que la madre dijo que no.",,133,9.5,Jessica · cgSgspJ2msm6clMCkdW9 · eleven_v3,,sem áudio,—,,—,completas,3D,,,ok,ok,,,,,pendente,sim,data/missoes_quituteira.json › passos[0] quituteira_tabuleiro › meta.resposta
missao.quituteira.arremate,330,6 · Favores dos moradores,"Depois da chegada, com afinidade Conhecido de vista (grau 1) com Dona Ambrósia. E em Dona Ambrósia.",Dona Ambrósia,quituteira,Nota de fim (não falada),Fica no objetivo do HUD ao fim; a última resposta é a fala,O tabuleiro da tarde,,,,,,,"O tabuleiro da Dona Ambrósia saiu cheio para a praça, e o jogador voltou com cocada no bolso.","Dona Ambrósia's tray went out full to the square, and the player came back with cocada in his pocket.","El tablero de Doña Ambrósia salió lleno a la plaza, y el jugador volvió con cocada en el bolsillo.",,93,6.6,Jessica · cgSgspJ2msm6clMCkdW9 · eleven_v3,,—,—,,—,completas,3D,,,ok,ok,,,,,pendente,"sim (texto do HUD, sem voz)",data/missoes_quituteira.json › arremate
missao.carpinteiro.trancada,331,6 · Favores dos moradores,"Depois da chegada, com afinidade Conhecido de vista (grau 1) com Seu Epifânio. E em Seu Epifânio.",Seu Epifânio,carpinteiro,Aviso de fila trancada,E no dono enquanto a fila espera o que ela pede,Madeira para a canoa,,,,,,,"O mato só dá se a gente pede, e eu só peço a quem conheço. Volte quando o Tonico já souber o seu nome.","The woods only give if you ask, and I only ask people I know. Come back when Tonico already knows your name.","El monte solo da si uno pide, y yo solo le pido a quien conozco. Vuelve cuando Tonico ya sepa tu nombre.",,102,7.3,Eric · cjVigY5qzO86Huf0OWal · eleven_v3,,sem áudio,—,,—,completas,3D,,,ok,ok,,,,,pendente,sim,data/missoes_carpinteiro.json › trancada
missao.carpinteiro.carpinteiro_madeira.anuncio,332,6 · Favores dos moradores,"Depois da chegada, com afinidade Conhecido de vista (grau 1) com Seu Epifânio. E em Seu Epifânio.",Seu Epifânio,carpinteiro,Anúncio do passo,"Ao anunciar o passo (na vez dele, na fila de falas); o E no dono o repete",Madeira para a canoa,1/1 · carpinteiro_madeira,Leve duas madeiras de coqueiro e uma corda ao Seu Epifânio,"levar a Seu Epifânio: madeira de coqueiro ×2, corda de piaçava ×1","15 XP, tábua serrada ×3",casa_do_carpinteiro,,"Eu faço canoa, remo, porta e caixão, nessa ordem. A canoa da vez pede corda pra amarrar o molde e madeira de coqueiro pros bancos. Duas madeiras e uma corda — e eu lhe pago em tábua, que você vai precisar.","I make canoes, paddles, doors and coffins, in that order. This canoe needs rope to bind the mould and coconut-palm wood for the seats. Two logs and one rope — and I'll pay you in planks, which you're going to need.","Yo hago canoas, remos, puertas y ataúdes, en ese orden. La canoa de turno pide cuerda para atar el molde y madera de cocotero para los bancos. Dos maderas y una cuerda — y te pago en tablas, que vas a necesitar.",,205,14.6,Eric · cjVigY5qzO86Huf0OWal · eleven_v3,,sem áudio,—,,—,completas,3D,,,atenção,ok,"Terceira pessoa: ""Epifânio faz canoa, remo, porta e caixão...""","""Eu faço canoa, remo, porta e caixão, nessa ordem...""",média,,corrigir,sim,data/missoes_carpinteiro.json › passos[0] carpinteiro_madeira › texto
missao.carpinteiro.carpinteiro_madeira.resposta,333,6 · Favores dos moradores,"Depois da chegada, com afinidade Conhecido de vista (grau 1) com Seu Epifânio. E em Seu Epifânio.",Seu Epifânio,carpinteiro,Resposta do passo (E),E em Seu Epifânio com a carga na mochila,Madeira para a canoa,1/1 · carpinteiro_madeira,Leve duas madeiras de coqueiro e uma corda ao Seu Epifânio,"levar a Seu Epifânio: madeira de coqueiro ×2, corda de piaçava ×1","15 XP, tábua serrada ×3",casa_do_carpinteiro,,"Madeira boa. Antes de cortar você bateu três vezes no tronco? Não? Da próxima bata. Toma as tábuas. A canoa do Tonho fui eu que fiz, há dez anos — pergunte a ele por que não usa.","Good wood. Did you knock three times on the trunk before cutting? No? Next time, knock. Take the planks. Tonho's canoe was my work, ten years ago — ask him why he doesn't use it.","Madera buena. ¿Golpeaste tres veces el tronco antes de cortar? ¿No? La próxima, golpea. Toma las tablas. La canoa de Tonho la hice yo, hace diez años — pregúntale por qué no la usa.",,178,12.7,Eric · cjVigY5qzO86Huf0OWal · eleven_v3,,sem áudio,—,,—,completas,3D,,,ok,ok,,,,,pendente,sim,data/missoes_carpinteiro.json › passos[0] carpinteiro_madeira › meta.resposta
missao.carpinteiro.arremate,334,6 · Favores dos moradores,"Depois da chegada, com afinidade Conhecido de vista (grau 1) com Seu Epifânio. E em Seu Epifânio.",Seu Epifânio,carpinteiro,Nota de fim (não falada),Fica no objetivo do HUD ao fim; a última resposta é a fala,Madeira para a canoa,,,,,,,"A canoa do Seu Epifânio tem bancos, e o jogador saiu com três tábuas e uma pergunta para fazer ao Tonho.","Seu Epifânio's canoe has its seats, and the player left with three planks and a question to ask Tonho.","La canoa del Señor Epifânio tiene bancos, y el jugador salió con tres tablas y una pregunta para hacerle a Tonho.",,104,7.4,Eric · cjVigY5qzO86Huf0OWal · eleven_v3,,—,—,,—,completas,3D,,,ok,ok,,,,,pendente,"sim (texto do HUD, sem voz)",data/missoes_carpinteiro.json › arremate
missao.menino.trancada,335,6 · Favores dos moradores,"Depois da chegada, com afinidade Conhecido de vista (grau 1) com Tonico. E em Tonico.",Tonico,menino,Aviso de fila trancada,E no dono enquanto a fila espera o que ela pede,A cocada escondida,,,,,,,Eu não falo com estranho. Minha mãe disse. Você é estranho ainda — mas tá quase.,I don't talk to strangers. My mother said so. You're still a stranger — but almost not.,Yo no hablo con extraños. Mi madre lo dijo. Tú todavía eres extraño — pero ya casi no.,,80,5.7,Liam · TX3LPaxmHKxFdv7VOQHJ · eleven_v3,,sem áudio,—,,—,completas,3D,,,ok,ok,,,,,pendente,sim,data/missoes_menino.json › trancada
missao.menino.menino_cocada.anuncio,336,6 · Favores dos moradores,"Depois da chegada, com afinidade Conhecido de vista (grau 1) com Tonico. E em Tonico.",Tonico,menino,Anúncio do passo,"Ao anunciar o passo (na vez dele, na fila de falas); o E no dono o repete",A cocada escondida,1/1 · menino_cocada,Leve uma cocada ao Tonico,levar a Tonico: cocada ×1,"15 XP, manga ×1",casa_do_carpinteiro,,"Psiu. Você é o do saveiro, que quase caiu da prancha. Minha mãe não deixa, mas se você me trouxer uma cocada eu te conto do caminho na mata que ninguém conhece. Não conta pra ela que eu tô na praça.","Psst. You're the one from the sloop, who almost fell off the plank. My mother won't allow it, but if you bring me a cocada I'll tell you about the path in the woods nobody knows. Don't tell her I'm in the square.","Psst. Tú eres el del saveiro, el que casi se cae de la plancha. Mi madre no me deja, pero si me traes una cocada te cuento del camino en el monte que nadie conoce. No le digas que estoy en la plaza.",,198,14.1,Liam · TX3LPaxmHKxFdv7VOQHJ · eleven_v3,,sem áudio,—,,—,completas,3D,,,ok,ok,,,,,pendente,sim,data/missoes_menino.json › passos[0] menino_cocada › texto
missao.menino.menino_cocada.resposta,337,6 · Favores dos moradores,"Depois da chegada, com afinidade Conhecido de vista (grau 1) com Tonico. E em Tonico.",Tonico,menino,Resposta do passo (E),E em Tonico com a carga na mochila,A cocada escondida,1/1 · menino_cocada,Leve uma cocada ao Tonico,levar a Tonico: cocada ×1,"15 XP, manga ×1",casa_do_carpinteiro,,Cocada! Você é o melhor adulto do arraial. O caminho eu não levo ninguém — meu pai disse que quem leva fica com dívida. Mas eu posso dizer por onde começa. Depois. Amanhã eu te mostro o lagarto.,Cocada! You're the best grown-up in the village. The path I don't take anyone to — my father said whoever does ends up in debt. But I can tell you where it starts. Later. Tomorrow I'll show you the lizard.,¡Cocada! Eres el mejor adulto del poblado. Al camino no llevo a nadie — mi padre dijo que quien lleva queda en deuda. Pero puedo decirte por dónde empieza. Después. Mañana te muestro el lagarto.,,194,13.9,Liam · TX3LPaxmHKxFdv7VOQHJ · eleven_v3,,sem áudio,—,,—,completas,3D,,,ok,ok,,,,,pendente,sim,data/missoes_menino.json › passos[0] menino_cocada › meta.resposta
missao.menino.arremate,338,6 · Favores dos moradores,"Depois da chegada, com afinidade Conhecido de vista (grau 1) com Tonico. E em Tonico.",Tonico,menino,Nota de fim (não falada),Fica no objetivo do HUD ao fim; a última resposta é a fala,A cocada escondida,,,,,,,"O Tonico comeu a cocada escondido da mãe, e ficou devendo ao jogador o começo de um caminho na mata.","Tonico ate the cocada behind his mother's back, and now owes the player the start of a path in the woods.","Tonico se comió la cocada a escondidas de su madre, y le quedó debiendo al jugador el comienzo de un camino en el monte.",,100,7.1,Liam · TX3LPaxmHKxFdv7VOQHJ · eleven_v3,,—,—,,—,completas,3D,,,ok,ok,,,,,pendente,"sim (texto do HUD, sem voz)",data/missoes_menino.json › arremate
missao.menina.trancada,339,6 · Favores dos moradores,"Depois da chegada, com afinidade Conhecido de vista (grau 1) com Mariinha. E em Mariinha.",Mariinha,menina,Aviso de fila trancada,E no dono enquanto a fila espera o que ela pede,Milho para a cocada,,,,,,,A mãe disse pra não falar com quem ela não conhece. Ela te conhece? Então volta quando conhecer.,Mother said not to talk to people she doesn't know. Does she know you? Then come back when she does.,Mi madre dijo que no hable con quien ella no conoce. ¿Ella te conoce? Entonces vuelve cuando te conozca.,,96,6.9,Laura · FGY2WhTYpPnrIDTdsKH5 · eleven_v3,,sem áudio,—,,—,completas,3D,,,ok,ok,,,,,pendente,sim,data/missoes_menina.json › trancada
missao.menina.menina_milho.anuncio,340,6 · Favores dos moradores,"Depois da chegada, com afinidade Conhecido de vista (grau 1) com Mariinha. E em Mariinha.",Mariinha,menina,Anúncio do passo,"Ao anunciar o passo (na vez dele, na fila de falas); o E no dono o repete",Milho para a cocada,1/1 · menina_milho,Leve duas espigas de milho à Mariinha,levar a Mariinha: milho ×2,"15 XP, cocada ×1",casa_da_quituteira,,"Eu já sei fazer cocada, mas a mãe não deixa eu mexer no dendê. Cocada de milho verde não leva dendê! Me traz duas espigas do seu roçado e eu faço uma pra você — e você me conta se em Salvador tem bonde de verdade.","I already know how to make cocada, but Mother won't let me touch the palm oil. Green-corn cocada doesn't need palm oil! Bring me two ears from your field and I'll make one for you — and you tell me if Salvador really has streetcars.","Yo ya sé hacer cocada, pero mi madre no me deja tocar el dendê. ¡La cocada de maíz tierno no lleva dendê! Tráeme dos mazorcas de tu roza y te hago una — y tú me cuentas si en Salvador hay tranvías de verdad.",,213,15.2,Laura · FGY2WhTYpPnrIDTdsKH5 · eleven_v3,,sem áudio,—,,—,completas,3D,,,ok,ok,,,,,pendente,sim,data/missoes_menina.json › passos[0] menina_milho › texto
missao.menina.menina_milho.resposta,341,6 · Favores dos moradores,"Depois da chegada, com afinidade Conhecido de vista (grau 1) com Mariinha. E em Mariinha.",Mariinha,menina,Resposta do passo (E),E em Mariinha com a carga na mochila,Milho para a cocada,1/1 · menina_milho,Leve duas espigas de milho à Mariinha,levar a Mariinha: milho ×2,"15 XP, cocada ×1",casa_da_quituteira,,"Milho! Agora espera que eu ralo e faço. Pronto — tá torta, mas é cocada. Se você quiser aprender a roda, tem que bater palma primeiro.","Corn! Now wait while I grate it and make it. There — it's crooked, but it's cocada. If you want to learn the circle dance, you have to clap first.","¡Maíz! Ahora espera que lo rallo y la hago. Listo — está torcida, pero es cocada. Si quieres aprender la rueda, tienes que aplaudir primero.",,134,9.6,Laura · FGY2WhTYpPnrIDTdsKH5 · eleven_v3,,sem áudio,—,,—,completas,3D,,,ok,ok,,,,,pendente,sim,data/missoes_menina.json › passos[0] menina_milho › meta.resposta
missao.menina.arremate,342,6 · Favores dos moradores,"Depois da chegada, com afinidade Conhecido de vista (grau 1) com Mariinha. E em Mariinha.",Mariinha,menina,Nota de fim (não falada),Fica no objetivo do HUD ao fim; a última resposta é a fala,Milho para a cocada,,,,,,,"A Mariinha fez a primeira cocada de milho sem dendê, e o jogador ganhou a torta — e um convite para a roda da praia.","Mariinha made her first green-corn cocada without palm oil, and the player got the crooked one — and an invitation to the circle dance on the beach.","Mariinha hizo su primera cocada de maíz sin dendê, y el jugador se llevó la torcida — y una invitación a la rueda de la playa.",,116,8.3,Laura · FGY2WhTYpPnrIDTdsKH5 · eleven_v3,,—,—,,—,completas,3D,,,ok,ok,,,,,pendente,"sim (texto do HUD, sem voz)",data/missoes_menina.json › arremate
missao.mestre_saveiro.trancada,343,6 · Favores dos moradores,"Depois da chegada, com afinidade Conhecido de vista (grau 1) com Seu Ladislau. E em Seu Ladislau.",Seu Ladislau,mestre_saveiro,Aviso de fila trancada,E no dono enquanto a fila espera o que ela pede,Corda para o saveiro,,,,,,,Trinta anos de Recôncavo me ensinaram a não pedir nada a quem acabou de descer da prancha. Volte quando tiver andado mais por aqui.,Thirty years on the Recôncavo taught me not to ask anything of someone who just stepped off the plank. Come back when you've walked around here some more.,Treinta años de Recôncavo me enseñaron a no pedirle nada a quien acaba de bajar de la plancha. Vuelve cuando hayas andado más por aquí.,,131,9.4,Charlie · IKne3meq5aSn9XLyUdCD · eleven_v3,,sem áudio,—,,—,completas,3D,,,ok,ok,,,,,pendente,sim,data/missoes_mestre_saveiro.json › trancada
missao.mestre_saveiro.ladislau_corda.anuncio,344,6 · Favores dos moradores,"Depois da chegada, com afinidade Conhecido de vista (grau 1) com Seu Ladislau. E em Seu Ladislau.",Seu Ladislau,mestre_saveiro,Anúncio do passo,"Ao anunciar o passo (na vez dele, na fila de falas); o E no dono o repete",Corda para o saveiro,1/1 · ladislau_corda,Leve três cordas ao Seu Ladislau,levar a Seu Ladislau: corda de piaçava ×3,"15 XP, peixe ×2",beira_do_rio,,"Ladislau, tripulação do Quirino. Saveiro come corda como gente come farinha: a escota do traquete está no último fio. Três cordas da sua bancada e eu lhe pago com peixe da baía — e, se o vento deixar, com uma história de luz na água.","Ladislau, Quirino's crew. A sloop eats rope the way people eat flour: the foresail sheet is down to its last strand. Three ropes from your workbench and I'll pay you with fish from the bay — and, if the wind allows, with a story about a light on the water.","Ladislau, tripulación de Quirino. El saveiro come cuerda como la gente come harina: la escota del trinquete está en su último hilo. Tres cuerdas de tu banco y te pago con pescado de la bahía — y, si el viento lo permite, con una historia de una luz en el agua.",,233,16.6,Charlie · IKne3meq5aSn9XLyUdCD · eleven_v3,,sem áudio,—,,—,completas,3D,,,ok,ok,,,,,pendente,sim,data/missoes_mestre_saveiro.json › passos[0] ladislau_corda › texto
missao.mestre_saveiro.ladislau_corda.resposta,345,6 · Favores dos moradores,"Depois da chegada, com afinidade Conhecido de vista (grau 1) com Seu Ladislau. E em Seu Ladislau.",Seu Ladislau,mestre_saveiro,Resposta do passo (E),E em Seu Ladislau com a carga na mochila,Corda para o saveiro,1/1 · ladislau_corda,Leve três cordas ao Seu Ladislau,levar a Seu Ladislau: corda de piaçava ×3,"15 XP, peixe ×2",beira_do_rio,,"Corda nova. Agora o traquete segura até Maragogipe. Toma o peixe. A luz na água fica pra quando o vento virar a favor — e ele vira, moço, ele vira.","New rope. Now the foresail will hold all the way to Maragogipe. Take the fish. The light on the water waits for when the wind turns in our favor — and it turns, young man, it turns.","Cuerda nueva. Ahora el trinquete aguanta hasta Maragogipe. Toma el pescado. La luz en el agua queda para cuando el viento cambie a favor — y cambia, muchacho, cambia.",,147,10.5,Charlie · IKne3meq5aSn9XLyUdCD · eleven_v3,,sem áudio,—,,—,completas,3D,,,ok,ok,,,,,pendente,sim,data/missoes_mestre_saveiro.json › passos[0] ladislau_corda › meta.resposta
missao.mestre_saveiro.arremate,346,6 · Favores dos moradores,"Depois da chegada, com afinidade Conhecido de vista (grau 1) com Seu Ladislau. E em Seu Ladislau.",Seu Ladislau,mestre_saveiro,Nota de fim (não falada),Fica no objetivo do HUD ao fim; a última resposta é a fala,Corda para o saveiro,,,,,,,"O traquete do saveiro tem escota nova, e o Seu Ladislau deve ao jogador a história da luz na água.","The sloop's foresail has a new sheet, and Seu Ladislau owes the player the story of the light on the water.","El trinquete del saveiro tiene escota nueva, y el Señor Ladislau le debe al jugador la historia de la luz en el agua.",,98,7,Charlie · IKne3meq5aSn9XLyUdCD · eleven_v3,,—,—,,—,completas,3D,,,ok,ok,,,,,pendente,"sim (texto do HUD, sem voz)",data/missoes_mestre_saveiro.json › arremate
missao.padre.trancada,347,6 · Favores dos moradores,"Depois da chegada, com afinidade Conhecido de vista (grau 1) com Padre Anselmo. E em Padre Anselmo.",Padre Anselmo,padre,Aviso de fila trancada,E no dono enquanto a fila espera o que ela pede,Beiju para a sacristia,,,,,,,"A porta da igreja está aberta mesmo pra quem não sabe rezar, meu filho. Entre, converse, e um dia eu lhe peço uma coisa.","The church door is open even to those who don't know how to pray, my son. Come in, talk a while, and one day I'll ask you for something.","La puerta de la iglesia está abierta incluso para quien no sabe rezar, hijo mío. Entra, conversa, y un día te pido algo.",,120,8.6,Borges · 9pDzHy2OpOgeXM8SeL0t · eleven_v3,,sem áudio,—,,—,completas,3D,,,ok,ok,,,,,pendente,sim,data/missoes_padre.json › trancada
missao.padre.padre_beiju.anuncio,348,6 · Favores dos moradores,"Depois da chegada, com afinidade Conhecido de vista (grau 1) com Padre Anselmo. E em Padre Anselmo.",Padre Anselmo,padre,Anúncio do passo,"Ao anunciar o passo (na vez dele, na fila de falas); o E no dono o repete",Beiju para a sacristia,1/1 · padre_beiju,Leve dois beijus ao Padre Anselmo,levar a Padre Anselmo: beiju ×2,15 XP,casa_do_padre,,"Anselmo, da freguesia. A mesa da sacristia recebe quem chega com fome depois da missa, e hoje está vazia. Dois beijus do seu fogão, meu filho, e o Bom Jesus escuta — de perto do altar, como o seu tio dizia, até demais.","Anselmo, of the parish. The sacristy table feeds whoever arrives hungry after Mass, and today it's bare. Two beijus from your stove, my son, and the Good Jesus listens — from close to the altar, as your uncle used to say, too well.","Anselmo, de la parroquia. La mesa de la sacristía recibe a quien llega con hambre después de la misa, y hoy está vacía. Dos beijus de tu fogón, hijo mío, y el Buen Jesús escucha — desde cerca del altar, como decía tu tío, hasta demasiado.",,218,15.6,Borges · 9pDzHy2OpOgeXM8SeL0t · eleven_v3,,sem áudio,—,,—,completas,3D,,,ok,ok,,,,,pendente,sim,data/missoes_padre.json › passos[0] padre_beiju › texto
missao.padre.padre_beiju.resposta,349,6 · Favores dos moradores,"Depois da chegada, com afinidade Conhecido de vista (grau 1) com Padre Anselmo. E em Padre Anselmo.",Padre Anselmo,padre,Resposta do passo (E),E em Padre Anselmo com a carga na mochila,Beiju para a sacristia,1/1 · padre_beiju,Leve dois beijus ao Padre Anselmo,levar a Padre Anselmo: beiju ×2,15 XP,casa_do_padre,,"Deus lhe pague. Isto vai pra mesa da sacristia, e de lá pra quem precisa. Seu tio sentava no último banco; o lugar continua vago, se quiser.","God repay you. This goes to the sacristy table, and from there to whoever needs it. Your uncle sat in the last pew; the seat is still free, if you want it.","Dios te lo pague. Esto va a la mesa de la sacristía, y de allí a quien lo necesita. Tu tío se sentaba en el último banco; el lugar sigue libre, si quieres.",,140,10,Borges · 9pDzHy2OpOgeXM8SeL0t · eleven_v3,,sem áudio,—,,—,completas,3D,,,ok,ok,,,,,pendente,sim,data/missoes_padre.json › passos[0] padre_beiju › meta.resposta
missao.padre.arremate,350,6 · Favores dos moradores,"Depois da chegada, com afinidade Conhecido de vista (grau 1) com Padre Anselmo. E em Padre Anselmo.",Padre Anselmo,padre,Nota de fim (não falada),Fica no objetivo do HUD ao fim; a última resposta é a fala,Beiju para a sacristia,,,,,,,"A mesa da sacristia tem beiju hoje, e o último banco da igreja ficou guardado para o jogador.","The sacristy table has beiju today, and the last pew in the church is kept for the player.","La mesa de la sacristía tiene beiju hoy, y el último banco de la iglesia quedó guardado para el jugador.",,93,6.6,Borges · 9pDzHy2OpOgeXM8SeL0t · eleven_v3,,—,—,,—,completas,3D,,,ok,ok,,,,,pendente,"sim (texto do HUD, sem voz)",data/missoes_padre.json › arremate
missao.rendeira_toalha.trancada,351,6 · Favores dos moradores,"Depois da chegada, com afinidade Gente boa (grau 2) com Dona Estefânia, e depois de ""Luz para a renda"". E em Dona Estefânia.",Dona Estefânia,rendeira,Aviso de fila trancada,E no dono enquanto a fila espera o que ela pede,A toalha do tio,,,,,,,"A toalha é coisa de quem eu conheço de verdade, moço. Passe mais vezes, converse, e ela sai da gaveta.","The tablecloth is for people I truly know, young man. Come by more often, talk a while, and it comes out of the drawer.","El mantel es cosa de quien conozco de verdad, muchacho. Pasa más veces, conversa, y sale del cajón.",,102,7.3,Lily · pFZP5JQG7iQjIQuC4Bku · eleven_v3,,sem áudio,—,,—,completas,3D,,,ok,ok,,,,,pendente,sim,data/missoes_rendeira_toalha.json › trancada
missao.rendeira_toalha.toalha_na_janela.anuncio,352,6 · Favores dos moradores,"Depois da chegada, com afinidade Gente boa (grau 2) com Dona Estefânia, e depois de ""Luz para a renda"". E em Dona Estefânia.",Dona Estefânia,rendeira,Anúncio do passo,"Ao anunciar o passo (na vez dele, na fila de falas); o E no dono o repete",A toalha do tio,1/2 · toalha_na_janela,Pegue a toalha com a Dona Estefânia,visita: chegar ao lugar,10 XP,casa_da_rendeira,,"Chegue, que eu lhe mostro. Esta aqui. Seu tio me encomendou e nunca buscou — está dobrada desde então. Pediu branca de todo, com o nome dele na borda, em ponto cheio. Disse que era pra mesa de alguém que ia chegar. Leve. Ela é sua, e a mesa também.","Come close, let me show you. This one. Your uncle ordered it and never came for it — it's been folded ever since. He asked for it all white, with his name on the hem, in satin stitch. He said it was for the table of someone who was coming. Take it. It's yours, and so is the table.","Acércate, que te muestro. Esta. Tu tío me la encargó y nunca la buscó — está doblada desde entonces. La pidió blanca del todo, con su nombre en el borde, en punto lleno. Dijo que era para la mesa de alguien que iba a llegar. Llévala. Es tuya, y la mesa también.",,248,17.7,Lily · pFZP5JQG7iQjIQuC4Bku · eleven_v3,,sem áudio,—,,—,completas,3D,,,ok,ok,,,,,pendente,sim,data/missoes_rendeira_toalha.json › passos[0] toalha_na_janela › texto
missao.rendeira_toalha.toalha_na_mesa.anuncio,353,6 · Favores dos moradores,"Depois da chegada, com afinidade Gente boa (grau 2) com Dona Estefânia, e depois de ""Luz para a renda"". E em Dona Estefânia.",Dona Estefânia,rendeira,Anúncio do passo,"Ao anunciar o passo (na vez dele, na fila de falas); o E no dono o repete",A toalha do tio,2/2 · toalha_na_mesa,Ponha a toalha na mesa da casa de taipa,oferendar em casa_de_taipa: toalha de renda ×1,15 XP,casa_de_taipa,,"Em casa, abra a toalha na mesa. É o que ele queria.","At home, spread the tablecloth on the table. It's what he wanted.","En casa, abre el mantel sobre la mesa. Es lo que él quería.",,51,3.6,Lily · pFZP5JQG7iQjIQuC4Bku · eleven_v3,,sem áudio,—,,—,completas,3D,,,ok,ok,,,,,pendente,sim,data/missoes_rendeira_toalha.json › passos[1] toalha_na_mesa › texto
missao.rendeira_toalha.toalha_na_mesa.resposta,354,6 · Favores dos moradores,"Depois da chegada, com afinidade Gente boa (grau 2) com Dona Estefânia, e depois de ""Luz para a renda"". E em Dona Estefânia.",Dona Estefânia,rendeira,Resposta do passo (E),"E no lugar da oferenda, com a oferta na mochila",A toalha do tio,2/2 · toalha_na_mesa,Ponha a toalha na mesa da casa de taipa,oferendar em casa_de_taipa: toalha de renda ×1,15 XP,casa_de_taipa,,"A toalha aberta na mesa, branca de todo. Na borda, em ponto cheio, o nome dele. A casa ficou mais arrumada do que você.","The tablecloth spread on the table, all white. On the hem, in satin stitch, his name. The house is now tidier than you are.","El mantel abierto sobre la mesa, blanco del todo. En el borde, en punto lleno, su nombre. La casa quedó más ordenada que tú.",,119,8.5,Lily · pFZP5JQG7iQjIQuC4Bku · eleven_v3,,sem áudio,—,,—,completas,3D,,,problema,problema,"Resposta de oferenda dita pela Dona Estefânia de longe: ela descreve a toalha aberta na mesa da casa do jogador, onde não está.",Como a da Sá Joaquina: tratar a resposta da oferenda como narração (sem nome).,média,,corrigir,sim,data/missoes_rendeira_toalha.json › passos[1] toalha_na_mesa › meta.resposta
missao.rendeira_toalha.arremate,355,6 · Favores dos moradores,"Depois da chegada, com afinidade Gente boa (grau 2) com Dona Estefânia, e depois de ""Luz para a renda"". E em Dona Estefânia.",Dona Estefânia,rendeira,Nota de fim (não falada),Fica no objetivo do HUD ao fim; a última resposta é a fala,A toalha do tio,,,,,,,"A toalha branca de todo está na mesa da casa de taipa, com o nome dele na borda. Era pra mesa de alguém que ia chegar — e chegou.","The all-white tablecloth is on the table of the mud house, with his name on the hem. It was for the table of someone who was coming — and came.","El mantel blanco del todo está en la mesa de la casa de adobe, con su nombre en el borde. Era para la mesa de alguien que iba a llegar — y llegó.",,129,9.2,Lily · pFZP5JQG7iQjIQuC4Bku · eleven_v3,,—,—,,—,completas,3D,,,ok,ok,,,,,pendente,"sim (texto do HUD, sem voz)",data/missoes_rendeira_toalha.json › arremate
missao.sacristao_pedra.trancada,356,6 · Favores dos moradores,"Depois da chegada, com afinidade Gente boa (grau 2) com Sacristão Zacarias, e depois de ""Garapa para o sino"". E em Sacristão Zacarias.",Sacristão Zacarias,sacristao,Aviso de fila trancada,E no dono enquanto a fila espera o que ela pede,A pedra atrás do altar,,,,,,,"O que tem atrás do altar não é conversa de adro, moço. Quando a gente se conhecer melhor, e não tiver ninguém olhando.","What's behind the altar isn't churchyard talk, young man. When we know each other better, and nobody's watching.","Lo que hay detrás del altar no es charla de atrio, muchacho. Cuando nos conozcamos mejor, y no haya nadie mirando.",,118,8.4,River · SAz9YHcvj6GT2YYXdXww · eleven_v3,,sem áudio,—,,—,completas,3D,,,ok,ok,,,,,pendente,sim,data/missoes_sacristao_pedra.json › trancada
missao.sacristao_pedra.papel_da_pedra.anuncio,357,6 · Favores dos moradores,"Depois da chegada, com afinidade Gente boa (grau 2) com Sacristão Zacarias, e depois de ""Garapa para o sino"". E em Sacristão Zacarias.",Sacristão Zacarias,sacristao,Anúncio do passo,"Ao anunciar o passo (na vez dele, na fila de falas); o E no dono o repete",A pedra atrás do altar,1/3 · papel_da_pedra,Pegue o papel com o Sacristão Zacarias,visita: chegar ao lugar,10 XP,igreja,,"Olhe pros lados. Ninguém? Então toma. Estava dentro da pedra solta atrás do altar, enrolado, desde antes de eu ser sacristão. Eu não li — não sei ler direito, e não quero. Mas o nome do seu tio está lá, isso eu vi. Leia em casa, longe do adro, e não me conte.","Look around. Nobody? Then take it. It was inside the loose stone behind the altar, rolled up, since before I was sexton. I didn't read it — I can't read well, and I don't want to. But your uncle's name is on it, that much I saw. Read it at home, away from the churchyard, and don't tell me.","Mira a los lados. ¿Nadie? Entonces toma. Estaba dentro de la piedra suelta detrás del altar, enrollado, desde antes de que yo fuera sacristán. No lo leí — no sé leer bien, y no quiero. Pero el nombre de tu tío está ahí, eso lo vi. Léelo en casa, lejos del atrio, y no me lo cuentes.",,259,18.5,River · SAz9YHcvj6GT2YYXdXww · eleven_v3,,sem áudio,—,,—,completas,3D,,,ok,ok,,,,,pendente,sim,data/missoes_sacristao_pedra.json › passos[0] papel_da_pedra › texto
missao.sacristao_pedra.papel_lido.anuncio,358,6 · Favores dos moradores,"Depois da chegada, com afinidade Gente boa (grau 2) com Sacristão Zacarias, e depois de ""Garapa para o sino"". E em Sacristão Zacarias.",Sacristão Zacarias,sacristao,Anúncio do passo,"Ao anunciar o passo (na vez dele, na fila de falas); o E no dono o repete",A pedra atrás do altar,2/3 · papel_lido,Leia o papel dos nomes em casa (F na mochila),evento: leu:papel_dos_nomes,10 XP,casa_de_taipa,,"Em casa, com a porta fechada, leia o papel.","At home, with the door shut, read the paper.","En casa, con la puerta cerrada, lee el papel.",,43,3.1,River · SAz9YHcvj6GT2YYXdXww · eleven_v3,,sem áudio,—,,—,completas,3D,,,ok,ok,,,,,pendente,sim,data/missoes_sacristao_pedra.json › passos[1] papel_lido › texto
missao.sacristao_pedra.papel_de_volta.anuncio,359,6 · Favores dos moradores,"Depois da chegada, com afinidade Gente boa (grau 2) com Sacristão Zacarias, e depois de ""Garapa para o sino"". E em Sacristão Zacarias.",Sacristão Zacarias,sacristao,Anúncio do passo,"Ao anunciar o passo (na vez dele, na fila de falas); o E no dono o repete",A pedra atrás do altar,3/3 · papel_de_volta,Volte a falar com o Sacristão Zacarias,falar com Sacristão Zacarias (E),15 XP,igreja,,Leu? Não me conte. Só me diga uma coisa: tem o seu nome?,Did you read it? Don't tell me. Just tell me one thing: is your name on it?,¿Lo leíste? No me lo cuentes. Solo dime una cosa: ¿está tu nombre?,,56,4,River · SAz9YHcvj6GT2YYXdXww · eleven_v3,,sem áudio,—,,—,completas,3D,,,ok,ok,,,,,pendente,sim,data/missoes_sacristao_pedra.json › passos[2] papel_de_volta › texto
missao.sacristao_pedra.papel_de_volta.resposta,360,6 · Favores dos moradores,"Depois da chegada, com afinidade Gente boa (grau 2) com Sacristão Zacarias, e depois de ""Garapa para o sino"". E em Sacristão Zacarias.",Sacristão Zacarias,sacristao,Resposta do passo (E),E em Sacristão Zacarias,A pedra atrás do altar,3/3 · papel_de_volta,Volte a falar com o Sacristão Zacarias,falar com Sacristão Zacarias (E),15 XP,igreja,,"Não? Então ainda dá tempo. Guarde o papel. E se alguém perguntar pela pedra, ela nunca esteve solta.","No? Then there's still time. Keep the paper. And if anyone asks about the stone, it was never loose.","¿No? Entonces todavía hay tiempo. Guarda el papel. Y si alguien pregunta por la piedra, nunca estuvo suelta.",,100,7.1,River · SAz9YHcvj6GT2YYXdXww · eleven_v3,,sem áudio,—,,—,completas,3D,,,atenção,atenção,"""E se alguém da fazenda perguntar pela pedra..."" — o favor abre no grau 2 a qualquer hora, inclusive depois do capítulo 7, quando a fazenda acabou e as mulheres foram para o quilombo.","Abrir as pistas da fazenda (esta, a madeira com letra e a luz na água) só antes do dia do convite, ou escrever a variante de depois.",média,,corrigir,sim,data/missoes_sacristao_pedra.json › passos[2] papel_de_volta › meta.resposta
missao.sacristao_pedra.arremate,361,6 · Favores dos moradores,"Depois da chegada, com afinidade Gente boa (grau 2) com Sacristão Zacarias, e depois de ""Garapa para o sino"". E em Sacristão Zacarias.",Sacristão Zacarias,sacristao,Nota de fim (não falada),Fica no objetivo do HUD ao fim; a última resposta é a fala,A pedra atrás do altar,,,,,,,"Os nomes do papel são os que o convite chama à fazenda. O do seu tio está lá, riscado. O seu não está.","The names on the paper are the ones the invitation calls to the farm. Your uncle's is there, crossed out. Yours isn't.","Los nombres del papel son los que la invitación llama a la hacienda. El de tu tío está ahí, tachado. El tuyo no está.",,102,7.3,River · SAz9YHcvj6GT2YYXdXww · eleven_v3,,—,—,,—,completas,3D,,,atenção,ok,"""O seu não está — ainda."" — depois do capítulo 7 a ameaça não tem mais dono. Ver a resposta do mesmo passo.",Conforme o gatilho das pistas da fazenda.,média,"A lista do papel (documento papel_dos_nomes) tem dezenove moradores e não tem o Pedro, que é quem entra no quarto: conferir com o autor se é de propósito.",corrigir,"sim (texto do HUD, sem voz)",data/missoes_sacristao_pedra.json › arremate
missao.pescador_madeira.trancada,362,6 · Favores dos moradores,"Depois da chegada, com afinidade Gente boa (grau 2) com Seu Jerônimo, e depois de ""Corda para a linha"". E em Seu Jerônimo.",Seu Jerônimo,pescador,Aviso de fila trancada,E no dono enquanto a fila espera o que ela pede,A madeira com letra,,,,,,,"O que a linha puxou do fundo eu mostro a quem lê e a quem eu conheço. Você lê, eu sei. Falta o resto.","What the line pulled from the bottom I show to those who read and those I know. You read, I know that. The rest is missing.","Lo que el sedal sacó del fondo se lo muestro a quien lee y a quien conozco. Tú lees, lo sé. Falta el resto.",,101,7.2,Will · bIHbv24MWmeRgasZH58o · eleven_v3,,sem áudio,—,,—,completas,3D,,,ok,ok,,,,,pendente,sim,data/missoes_pescador_madeira.json › trancada
missao.pescador_madeira.madeira_do_telhado.anuncio,363,6 · Favores dos moradores,"Depois da chegada, com afinidade Gente boa (grau 2) com Seu Jerônimo, e depois de ""Corda para a linha"". E em Seu Jerônimo.",Seu Jerônimo,pescador,Anúncio do passo,"Ao anunciar o passo (na vez dele, na fila de falas); o E no dono o repete",A madeira com letra,1/3 · madeira_do_telhado,Pegue a madeira lavrada com o Seu Jerônimo,visita: chegar ao lugar,10 XP,casa_do_pescador,,"Espere aí que eu subo. Esta. A linha prendeu nela numa quarta de maré baixa, e quando puxei veio isto: madeira lavrada, com letra funda, comida de sal. Guardei no telhado pra não molhar mais. Você lê; eu não. Leve e me diga o que diz — ou não diga, se for coisa de defunto.","Wait, I'll climb up. This one. The line snagged on it one Wednesday at low tide, and when I pulled, this came up: carved wood, with deep letters, eaten by salt. I kept it on the roof so it wouldn't get wetter. You read; I don't. Take it and tell me what it says — or don't, if it's a dead man's business.","Espera que subo. Esta. El sedal se enganchó en ella un miércoles de marea baja, y cuando tiré salió esto: madera labrada, con letras hondas, comidas por la sal. La guardé en el techo para que no se mojara más. Tú lees; yo no. Llévala y dime qué dice — o no digas, si es cosa de difunto.",,273,19.5,Will · bIHbv24MWmeRgasZH58o · eleven_v3,,sem áudio,—,,—,completas,3D,,,ok,ok,,,,,pendente,sim,data/missoes_pescador_madeira.json › passos[0] madeira_do_telhado › texto
missao.pescador_madeira.madeira_lida.anuncio,364,6 · Favores dos moradores,"Depois da chegada, com afinidade Gente boa (grau 2) com Seu Jerônimo, e depois de ""Corda para a linha"". E em Seu Jerônimo.",Seu Jerônimo,pescador,Anúncio do passo,"Ao anunciar o passo (na vez dele, na fila de falas); o E no dono o repete",A madeira com letra,2/3 · madeira_lida,Leia a madeira lavrada (F na mochila),evento: leu:tabua_lavrada,10 XP,casa_de_taipa,,"Leia a madeira com calma, à luz do dia.","Read the wood calmly, in daylight.","Lee la madera con calma, a la luz del día.",,39,2.8,Will · bIHbv24MWmeRgasZH58o · eleven_v3,,sem áudio,—,,—,completas,3D,,,ok,ok,,,,,pendente,sim,data/missoes_pescador_madeira.json › passos[1] madeira_lida › texto
missao.pescador_madeira.madeira_ao_padre.anuncio,365,6 · Favores dos moradores,"Depois da chegada, com afinidade Gente boa (grau 2) com Seu Jerônimo, e depois de ""Corda para a linha"". E em Seu Jerônimo.",Seu Jerônimo,pescador,Anúncio do passo,"Ao anunciar o passo (na vez dele, na fila de falas); o E no dono o repete",A madeira com letra,3/3 · madeira_ao_padre,Mostre a madeira ao Padre Anselmo,falar com Padre Anselmo (E),15 XP,casa_do_padre,,Falta metade. Letra de igreja quem lê é o padre.,Half is missing. Church lettering is for the priest to read.,Falta la mitad. La letra de iglesia la lee el cura.,,48,3.4,Will · bIHbv24MWmeRgasZH58o · eleven_v3,,sem áudio,—,,—,completas,3D,,,ok,ok,,,,,pendente,sim,data/missoes_pescador_madeira.json › passos[2] madeira_ao_padre › texto
missao.pescador_madeira.madeira_ao_padre.resposta,366,6 · Favores dos moradores,"Depois da chegada, com afinidade Gente boa (grau 2) com Seu Jerônimo, e depois de ""Corda para a linha"". E em Seu Jerônimo.",Padre Anselmo,padre,Resposta do passo (E),E em Padre Anselmo,A madeira com letra,3/3 · madeira_ao_padre,Mostre a madeira ao Padre Anselmo,falar com Padre Anselmo (E),15 XP,casa_do_padre,,"Deixe ver. É letra de igreja, e não é desta. 'Senhora da Boa Viagem' — era o barco do engenho, meu filho, o que levava o açúcar à cidade. Afundou na foz do rio grande, no ano em que o dono sumiu. Este brasão apagado é o do engenho. Repare: é o que falta no selo do seu convite.","Let me see. It's church lettering, and not from this church. 'Senhora da Boa Viagem' — that was the sugar mill's boat, my son, the one that carried the sugar to the city. It sank at the mouth of the great river, the year the owner vanished. This erased coat of arms is the mill's. Look closely: it's the one missing from the seal of your invitation.","Déjame ver. Es letra de iglesia, y no de esta. 'Senhora da Boa Viagem' — era el barco del ingenio, hijo mío, el que llevaba el azúcar a la ciudad. Se hundió en la desembocadura del río grande, el año en que el dueño desapareció. Este escudo borrado es el del ingenio. Fíjate: es el que falta en el sello de tu invitación.",,277,19.8,Borges · 9pDzHy2OpOgeXM8SeL0t · eleven_v3,,sem áudio,—,,—,completas,3D,,,atenção,atenção,"""Repare: é o que falta no selo do seu convite."" — pista da fazenda sem gatilho de tempo (pode tocar depois do capítulo 7). O selo existe e bate: ""Só o selo — vermelho, sem brasão"" (documento do convite).",Conforme o gatilho das pistas da fazenda.,média,,corrigir,sim,data/missoes_pescador_madeira.json › passos[2] madeira_ao_padre › meta.resposta
missao.pescador_madeira.arremate,367,6 · Favores dos moradores,"Depois da chegada, com afinidade Gente boa (grau 2) com Seu Jerônimo, e depois de ""Corda para a linha"". E em Seu Jerônimo.",Seu Jerônimo,pescador,Nota de fim (não falada),Fica no objetivo do HUD ao fim; a última resposta é a fala,A madeira com letra,,,,,,,"A madeira é da proa de um barco do engenho, a Senhora da Boa Viagem, que afundou na foz. O brasão que a água apagou é o que falta no selo vermelho do convite.","The wood is from the prow of a boat from the sugar mill, the Senhora da Boa Viagem, which sank at the river mouth. The coat of arms the water erased is the one missing from the red seal of the invitation.","La madera es de la proa de un barco del ingenio, la Senhora da Boa Viagem, que se hundió en la desembocadura. El escudo que el agua borró es el que falta en el sello rojo de la invitación.",,158,11.3,Will · bIHbv24MWmeRgasZH58o · eleven_v3,,—,—,,—,completas,3D,,,ok,ok,,,,,pendente,"sim (texto do HUD, sem voz)",data/missoes_pescador_madeira.json › arremate
missao.mestre_saveiro_luz.trancada,368,6 · Favores dos moradores,"Depois da chegada, com afinidade Gente boa (grau 2) com Seu Ladislau, e depois de ""Corda para o saveiro"". E em Seu Ladislau.",Seu Ladislau,mestre_saveiro,Aviso de fila trancada,E no dono enquanto a fila espera o que ela pede,A luz na água,,,,,,,Essa história eu conto com o vento a favor e a gente mais conhecida. Hoje o vento está contra.,That story I tell with the wind in our favor and when we know each other better. Today the wind is against us.,Esa historia la cuento con el viento a favor y cuando nos conozcamos más. Hoy el viento está en contra.,,94,6.7,Charlie · IKne3meq5aSn9XLyUdCD · eleven_v3,,sem áudio,—,,—,completas,3D,,,ok,ok,,,,,pendente,sim,data/missoes_mestre_saveiro_luz.json › trancada
missao.mestre_saveiro_luz.luz_contada.anuncio,369,6 · Favores dos moradores,"Depois da chegada, com afinidade Gente boa (grau 2) com Seu Ladislau, e depois de ""Corda para o saveiro"". E em Seu Ladislau.",Seu Ladislau,mestre_saveiro,Anúncio do passo,"Ao anunciar o passo (na vez dele, na fila de falas); o E no dono o repete",A luz na água,1/3 · luz_contada,Ouça a história do Seu Ladislau,visita: chegar ao lugar,10 XP,beira_do_rio,,"O vento virou a favor. Então ouça. Uma noite, voltando de Maragogipe, vi luz na água perto da foz do rio grande. Não era barco: andava contra o vento, baixa, e parou onde o rio encontra o mar. O Quirino diz que foi cachaça. O Quirino não bebe — e também viu. Vá até a ponte do rio grande de noite e olhe a água. Depois pergunte a ele.","The wind turned in our favor. So listen. One night, coming back from Maragogipe, I saw a light on the water near the mouth of the great river. It wasn't a boat: it moved against the wind, low, and stopped where the river meets the sea. Quirino says it was the drink. Quirino doesn't drink — and he saw it too. Go to the great river's bridge at night and look at the water. Then ask him.","El viento cambió a favor. Entonces escucha. Una noche, volviendo de Maragogipe, vi una luz en el agua cerca de la desembocadura del río grande. No era un barco: andaba contra el viento, baja, y se detuvo donde el río encuentra el mar. Quirino dice que fue cachaça. Quirino no bebe — y también la vio. Ve al puente del río grande de noche y mira el agua. Después pregúntale a él.",,334,23.9,Charlie · IKne3meq5aSn9XLyUdCD · eleven_v3,,sem áudio,—,,—,completas,3D,,,ok,ok,,,,,pendente,sim,data/missoes_mestre_saveiro_luz.json › passos[0] luz_contada › texto
missao.mestre_saveiro_luz.luz_na_foz.anuncio,370,6 · Favores dos moradores,"Depois da chegada, com afinidade Gente boa (grau 2) com Seu Ladislau, e depois de ""Corda para o saveiro"". E em Seu Ladislau.",Seu Ladislau,mestre_saveiro,Anúncio do passo,"Ao anunciar o passo (na vez dele, na fila de falas); o E no dono o repete",A luz na água,2/3 · luz_na_foz,Vá à ponte do rio grande e olhe a água,visitar: ponte_do_rio_grande,10 XP,ponte_do_rio_grande,,Da ponte do rio grande se vê a foz. Olhe a água.,From the great river's bridge you can see the mouth. Look at the water.,Desde el puente del río grande se ve la desembocadura. Mira el agua.,,48,3.4,Charlie · IKne3meq5aSn9XLyUdCD · eleven_v3,,sem áudio,—,,—,completas,3D,,,ok,ok,,,,,pendente,sim,data/missoes_mestre_saveiro_luz.json › passos[1] luz_na_foz › texto
missao.mestre_saveiro_luz.luz_com_quirino.anuncio,371,6 · Favores dos moradores,"Depois da chegada, com afinidade Gente boa (grau 2) com Seu Ladislau, e depois de ""Corda para o saveiro"". E em Seu Ladislau.",Seu Ladislau,mestre_saveiro,Anúncio do passo,"Ao anunciar o passo (na vez dele, na fila de falas); o E no dono o repete",A luz na água,3/3 · luz_com_quirino,"Pergunte ao Mestre Quirino, no dia do saveiro",falar com Mestre Quirino (E),15 XP,pier,,"O Quirino só vem com o saveiro. Quando ele atracar, pergunte da luz.","Quirino only comes with the sloop. When it docks, ask him about the light.","Quirino solo viene con el saveiro. Cuando atraque, pregúntale por la luz.",,68,4.9,Charlie · IKne3meq5aSn9XLyUdCD · eleven_v3,,sem áudio,—,,—,completas,3D,,,ok,ok,,,,,pendente,sim,data/missoes_mestre_saveiro_luz.json › passos[2] luz_com_quirino › texto
missao.mestre_saveiro_luz.luz_com_quirino.resposta,372,6 · Favores dos moradores,"Depois da chegada, com afinidade Gente boa (grau 2) com Seu Ladislau, e depois de ""Corda para o saveiro"". E em Seu Ladislau.",Mestre Quirino,quirino,Resposta do passo (E),E em Mestre Quirino,A luz na água,3/3 · luz_com_quirino,"Pergunte ao Mestre Quirino, no dia do saveiro",falar com Mestre Quirino (E),15 XP,pier,,"O Ladislau falou. Pois eu vi, sim. Não era barco, não era fogo de pescador. Andava contra o vento e parou em cima do lugar onde a Senhora da Boa Viagem afundou — todo mestre desta baía sabe onde é. Eu não bebo, moço. E não volto lá de noite.","Ladislau told you. Well, I saw it, yes. It wasn't a boat, it wasn't a fisherman's fire. It moved against the wind and stopped right over the place where the Senhora da Boa Viagem sank — every master in this bay knows where that is. I don't drink, young man. And I don't go back there at night.","Ladislau habló. Pues sí, yo la vi. No era un barco, no era fuego de pescador. Andaba contra el viento y se detuvo sobre el lugar donde se hundió la Senhora da Boa Viagem — todo maestro de esta bahía sabe dónde es. Yo no bebo, muchacho. Y no vuelvo allá de noche.",,241,17.2,(sem voz definida),,sem áudio,—,,—,completas,3D,,quem fala não tem voz definida (npcs_3d.json),ok,ok,,,,,pendente,sim,data/missoes_mestre_saveiro_luz.json › passos[2] luz_com_quirino › meta.resposta
missao.mestre_saveiro_luz.arremate,373,6 · Favores dos moradores,"Depois da chegada, com afinidade Gente boa (grau 2) com Seu Ladislau, e depois de ""Corda para o saveiro"". E em Seu Ladislau.",Seu Ladislau,mestre_saveiro,Nota de fim (não falada),Fica no objetivo do HUD ao fim; a última resposta é a fala,A luz na água,,,,,,,Dois homens que não bebem viram a mesma luz andar contra o vento na foz do rio grande. Ela parou onde o rio encontra o mar — onde a Senhora da Boa Viagem afundou.,Two men who don't drink saw the same light move against the wind at the mouth of the great river. It stopped where the river meets the sea — where the Senhora da Boa Viagem sank.,Dos hombres que no beben vieron la misma luz andar contra el viento en la desembocadura del río grande. Se detuvo donde el río encuentra el mar — donde se hundió la Senhora da Boa Viagem.,,162,11.6,Charlie · IKne3meq5aSn9XLyUdCD · eleven_v3,,—,—,,—,completas,3D,,,ok,ok,,,,,pendente,"sim (texto do HUD, sem voz)",data/missoes_mestre_saveiro_luz.json › arremate
missao.menina_roda.trancada,374,6 · Favores dos moradores,"Depois da chegada, com afinidade Gente boa (grau 2) com Mariinha, e depois de ""Milho para a cocada"". E em Mariinha.",Mariinha,menina,Aviso de fila trancada,E no dono enquanto a fila espera o que ela pede,A roda na praia,,,,,,,A roda é pra quem já bateu palma comigo muitas vezes. Volta quando a gente for amigo de verdade.,The circle dance is for those who've clapped with me many times. Come back when we're real friends.,La rueda es para quien ya aplaudió conmigo muchas veces. Vuelve cuando seamos amigos de verdad.,,96,6.9,Laura · FGY2WhTYpPnrIDTdsKH5 · eleven_v3,,sem áudio,—,,—,completas,3D,,,ok,ok,,,,,pendente,sim,data/missoes_menina_roda.json › trancada
missao.menina_roda.roda_palmas.anuncio,375,6 · Favores dos moradores,"Depois da chegada, com afinidade Gente boa (grau 2) com Mariinha, e depois de ""Milho para a cocada"". E em Mariinha.",Mariinha,menina,Anúncio do passo,"Ao anunciar o passo (na vez dele, na fila de falas); o E no dono o repete",A roda na praia,1/3 · roda_palmas,Ouça a Mariinha sobre a roda,visita: chegar ao lugar,10 XP,casa_da_quituteira,,"Você quer aprender a roda? Então escuta: é na praia, de noite, antes da meia-noite. A Dona Rosa puxa o canto. Quem não bate palma não entra — e quem chega de dia não acha ninguém.","You want to learn the circle dance? Then listen: it's on the beach, at night, before midnight. Dona Rosa leads the song. Whoever doesn't clap doesn't get in — and whoever comes by day finds no one.","¿Quieres aprender la rueda? Entonces escucha: es en la playa, de noche, antes de la medianoche. Doña Rosa lleva el canto. Quien no aplaude no entra — y quien llega de día no encuentra a nadie.",,179,12.8,Laura · FGY2WhTYpPnrIDTdsKH5 · eleven_v3,,sem áudio,—,,—,completas,3D,,,ok,atenção,"""de noite, quando a maré tá cheia"" — o passo confere só a hora (depois que escurece, antes da meia-noite), não a maré; e nenhuma roda aparece na tela.","Conferir a maré no passo (Mare) ou tirar a maré da fala: ""de noite, depois que escurece"".",baixa,,corrigir,sim,data/missoes_menina_roda.json › passos[0] roda_palmas › texto
missao.menina_roda.roda_na_praia.anuncio,376,6 · Favores dos moradores,"Depois da chegada, com afinidade Gente boa (grau 2) com Mariinha, e depois de ""Milho para a cocada"". E em Mariinha.",Mariinha,menina,Anúncio do passo,"Ao anunciar o passo (na vez dele, na fila de falas); o E no dono o repete",A roda na praia,2/3 · roda_na_praia,Vá à areia da praia de noite (das 19 às 23),visitar: areia (das 19h às 23h),10 XP,areia,,"A roda é na areia, depois que escurece e antes da meia-noite.","The circle dance is on the sand, after dark and before midnight.","La rueda es en la arena, después de oscurecer y antes de medianoche.",,61,4.4,Laura · FGY2WhTYpPnrIDTdsKH5 · eleven_v3,,sem áudio,—,,—,completas,3D,,,ok,ok,,,,,pendente,sim,data/missoes_menina_roda.json › passos[1] roda_na_praia › texto
missao.menina_roda.roda_com_rosa.anuncio,377,6 · Favores dos moradores,"Depois da chegada, com afinidade Gente boa (grau 2) com Mariinha, e depois de ""Milho para a cocada"". E em Mariinha.",Mariinha,menina,Anúncio do passo,"Ao anunciar o passo (na vez dele, na fila de falas); o E no dono o repete",A roda na praia,3/3 · roda_com_rosa,Fale com a Dona Rosa sobre a roda,falar com Dona Rosa (E),15 XP,casa_da_marisqueira,,A Dona Rosa puxou o canto. Vá agradecer a ela.,Dona Rosa led the song. Go and thank her.,Doña Rosa llevó el canto. Ve a agradecerle.,,46,3.3,Laura · FGY2WhTYpPnrIDTdsKH5 · eleven_v3,,sem áudio,—,,—,completas,3D,,,ok,ok,,,,,pendente,sim,data/missoes_menina_roda.json › passos[2] roda_com_rosa › texto
missao.menina_roda.roda_com_rosa.resposta,378,6 · Favores dos moradores,"Depois da chegada, com afinidade Gente boa (grau 2) com Mariinha, e depois de ""Milho para a cocada"". E em Mariinha.",Dona Rosa,marisqueira,Resposta do passo (E),E em Dona Rosa,A roda na praia,3/3 · roda_com_rosa,Fale com a Dona Rosa sobre a roda,falar com Dona Rosa (E),15 XP,casa_da_marisqueira,,"Você bateu palma certo e entrou torto, como todo mundo na primeira vez. A roda é de Iemanjá antes de ser nossa. Volte na próxima — a Mariinha disse que você quase acertou o passo.","You clapped right and stepped in crooked, like everyone the first time. The circle belongs to Iemanjá before it's ours. Come back next time — Mariinha said you almost got the step.","Aplaudiste bien y entraste torcido, como todos la primera vez. La rueda es de Iemanjá antes de ser nuestra. Vuelve la próxima — Mariinha dijo que casi acertaste el paso.",,179,12.8,Ana Dias · MZxV5lN3cv7hi1376O0m · eleven_v3,,sem áudio,—,,—,completas,3D,,,revisar (o texto mudou),revisar (o texto mudou),,,,,pendente,sim,data/missoes_menina_roda.json › passos[2] roda_com_rosa › meta.resposta
missao.menina_roda.arremate,379,6 · Favores dos moradores,"Depois da chegada, com afinidade Gente boa (grau 2) com Mariinha, e depois de ""Milho para a cocada"". E em Mariinha.",Mariinha,menina,Nota de fim (não falada),Fica no objetivo do HUD ao fim; a última resposta é a fala,A roda na praia,,,,,,,"Você bateu palma, entrou na roda e a Dona Rosa puxou o canto. A Mariinha dançou melhor que você.","You clapped, joined the circle and Dona Rosa led the song. Mariinha danced better than you.","Aplaudiste, entraste en la rueda y Doña Rosa llevó el canto. Mariinha bailó mejor que tú.",,96,6.9,Laura · FGY2WhTYpPnrIDTdsKH5 · eleven_v3,,—,—,,—,completas,3D,,,revisar (o texto mudou),revisar (o texto mudou),,,,,pendente,"sim (texto do HUD, sem voz)",data/missoes_menina_roda.json › arremate
missao.guarda_ronda.trancada,380,6 · Favores dos moradores,"Depois da chegada, com afinidade Gente boa (grau 2) com Guarda Aristides, e depois de ""Peixe para a ronda"". E em Guarda Aristides.",Guarda Aristides,guarda,Aviso de fila trancada,E no dono enquanto a fila espera o que ela pede,A ronda da noite,,,,,,,"Ronda é coisa de dois quando os dois se conhecem, moço. Por enquanto eu rondo sozinho.","A watch is a two-man thing when the two know each other, young man. For now I walk it alone.","La ronda es cosa de dos cuando los dos se conocen, muchacho. Por ahora rondo solo.",,86,6.1,Brian · nPczCjzI2devNBz1zQrb · eleven_v3,,sem áudio,—,,—,completas,3D,,,ok,ok,,,,,pendente,sim,data/missoes_guarda_ronda.json › trancada
missao.guarda_ronda.ronda_convite.anuncio,381,6 · Favores dos moradores,"Depois da chegada, com afinidade Gente boa (grau 2) com Guarda Aristides, e depois de ""Peixe para a ronda"". E em Guarda Aristides.",Guarda Aristides,guarda,Anúncio do passo,"Ao anunciar o passo (na vez dele, na fila de falas); o E no dono o repete",A ronda da noite,1/3 · ronda_convite,Ouça o Guarda Aristides sobre a ronda,visita: chegar ao lugar,10 XP,praca,,"Hoje você ronda comigo. Três voltas: a praça, o adro da igreja e a porta da venda, depois das oito. Não é pra pegar ninguém — aqui ninguém rouba. É pra escutar. Duas vezes eu ouvi passo no adro sem ninguém no adro. Quero outra orelha.","Tonight you walk the watch with me. Three turns: the square, the churchyard and the shop door, after eight. It's not to catch anyone — nobody steals here. It's to listen. Twice I heard a footstep in the churchyard with no one in the churchyard. I want a second pair of ears.","Hoy rondas conmigo. Tres vueltas: la plaza, el atrio de la iglesia y la puerta de la venta, después de las ocho. No es para atrapar a nadie — aquí nadie roba. Es para escuchar. Dos veces oí un paso en el atrio sin nadie en el atrio. Quiero otra oreja.",,234,16.7,Brian · nPczCjzI2devNBz1zQrb · eleven_v3,,sem áudio,—,,—,completas,3D,,,ok,ok,,,,,pendente,sim,data/missoes_guarda_ronda.json › passos[0] ronda_convite › texto
missao.guarda_ronda.ronda_tres_voltas.anuncio,382,6 · Favores dos moradores,"Depois da chegada, com afinidade Gente boa (grau 2) com Guarda Aristides, e depois de ""Peixe para a ronda"". E em Guarda Aristides.",Guarda Aristides,guarda,Anúncio do passo,"Ao anunciar o passo (na vez dele, na fila de falas); o E no dono o repete",A ronda da noite,2/3 · ronda_tres_voltas,"De noite (depois das 20), passe pela praça, pela igreja e pela venda","visitar: praca, igreja, bar (das 20h às 24h)",10 XP,praca,,"Depois das oito: a praça, o adro da igreja, a porta da venda. Devagar, e de ouvido.","After eight: the square, the churchyard, the shop door. Slowly, and listening.","Después de las ocho: la plaza, el atrio de la iglesia, la puerta de la venta. Despacio, y con el oído.",,83,5.9,Brian · nPczCjzI2devNBz1zQrb · eleven_v3,,sem áudio,—,,—,completas,3D,,,ok,ok,,,,,pendente,sim,data/missoes_guarda_ronda.json › passos[1] ronda_tres_voltas › texto
missao.guarda_ronda.ronda_passo_no_adro.anuncio,383,6 · Favores dos moradores,"Depois da chegada, com afinidade Gente boa (grau 2) com Guarda Aristides, e depois de ""Peixe para a ronda"". E em Guarda Aristides.",Guarda Aristides,guarda,Anúncio do passo,"Ao anunciar o passo (na vez dele, na fila de falas); o E no dono o repete",A ronda da noite,3/3 · ronda_passo_no_adro,Fale com o Guarda Aristides depois da ronda,falar com Guarda Aristides (E),15 XP,praca,,Acabou a ronda. Me diga o que ouviu.,The watch is over. Tell me what you heard.,Terminó la ronda. Dime lo que oíste.,,36,2.6,Brian · nPczCjzI2devNBz1zQrb · eleven_v3,,sem áudio,—,,—,completas,3D,,,atenção,ok,"""Acabou a ronda. Diga ao guarda o que ouviu."" — dito pelo próprio guarda.","""Acabou a ronda. Me diga o que ouviu.""",baixa,,corrigir,sim,data/missoes_guarda_ronda.json › passos[2] ronda_passo_no_adro › texto
missao.guarda_ronda.ronda_passo_no_adro.resposta,384,6 · Favores dos moradores,"Depois da chegada, com afinidade Gente boa (grau 2) com Guarda Aristides, e depois de ""Peixe para a ronda"". E em Guarda Aristides.",Guarda Aristides,guarda,Resposta do passo (E),E em Guarda Aristides,A ronda da noite,3/3 · ronda_passo_no_adro,Fale com o Guarda Aristides depois da ronda,falar com Guarda Aristides (E),15 XP,praca,,Você ouviu também. Então não sou eu. Meu pai dizia que o adro guarda quem foi enterrado antes de haver cemitério — e que passo de defunto não se prende. Eu não grito pra defunto. Mas agora rondo acompanhado.,You heard it too. So it isn't me. My father used to say the churchyard keeps those buried before there was a cemetery — and that a dead man's footstep can't be arrested. I don't shout at the dead. But now I walk the watch with company.,Tú también lo oíste. Entonces no soy yo. Mi padre decía que el atrio guarda a los enterrados antes de que hubiera cementerio — y que el paso de un difunto no se arresta. Yo no le grito a un difunto. Pero ahora rondo acompañado.,,207,14.8,Brian · nPczCjzI2devNBz1zQrb · eleven_v3,,sem áudio,—,,—,completas,3D,,,ok,ok,,,,,pendente,sim,data/missoes_guarda_ronda.json › passos[2] ronda_passo_no_adro › meta.resposta
missao.guarda_ronda.arremate,385,6 · Favores dos moradores,"Depois da chegada, com afinidade Gente boa (grau 2) com Guarda Aristides, e depois de ""Peixe para a ronda"". E em Guarda Aristides.",Guarda Aristides,guarda,Nota de fim (não falada),Fica no objetivo do HUD ao fim; a última resposta é a fala,A ronda da noite,,,,,,,"Três voltas na praça, de noite, com o Guarda Aristides. No adro, um passo — e ninguém. Ele não gritou. Você também não.","Three turns around the square at night with Guard Aristides. In the churchyard, a footstep — and no one. He didn't shout. Neither did you.","Tres vueltas a la plaza, de noche, con el Guardia Aristides. En el atrio, un paso — y nadie. Él no gritó. Tú tampoco.",,119,8.5,Brian · nPczCjzI2devNBz1zQrb · eleven_v3,,—,—,,—,completas,3D,,,ok,ok,,,,,pendente,"sim (texto do HUD, sem voz)",data/missoes_guarda_ronda.json › arremate
missao.padre_sino.trancada,386,6 · Favores dos moradores,"Depois da chegada, com afinidade Gente boa (grau 2) com Padre Anselmo, e depois de ""Beiju para a sacristia"". E em Padre Anselmo.",Padre Anselmo,padre,Aviso de fila trancada,E no dono enquanto a fila espera o que ela pede,O sino que toca sozinho,,,,,,,"O que me tira o sono eu conto a quem senta no banco mais de uma vez, meu filho. Volte.","What keeps me awake I tell those who sit in the pew more than once, my son. Come back.","Lo que me quita el sueño se lo cuento a quien se sienta en el banco más de una vez, hijo mío. Vuelve.",,86,6.1,Borges · 9pDzHy2OpOgeXM8SeL0t · eleven_v3,,sem áudio,—,,—,completas,3D,,,ok,ok,,,,,pendente,sim,data/missoes_padre_sino.json › trancada
missao.padre_sino.sino_insonia.anuncio,387,6 · Favores dos moradores,"Depois da chegada, com afinidade Gente boa (grau 2) com Padre Anselmo, e depois de ""Beiju para a sacristia"". E em Padre Anselmo.",Padre Anselmo,padre,Anúncio do passo,"Ao anunciar o passo (na vez dele, na fila de falas); o E no dono o repete",O sino que toca sozinho,1/3 · sino_insonia,Ouça o Padre Anselmo sobre o sino,visita: chegar ao lugar,10 XP,casa_do_padre,,"Tem noite em que o sino toca sozinho, meu filho. Eu vou ver, e não tem ninguém. Rezo, fecho a porta, e no outro dia o arraial acorda igual. Eu não durmo mais. Vele a igreja por mim uma madrugada, entre a meia-noite e as cinco — e me diga o que vir, ou o que não vir.","There are nights when the bell rings by itself, my son. I go and look, and there's no one. I pray, close the door, and the next day the village wakes up the same. I don't sleep anymore. Keep watch in the church for me one night, between midnight and five — and tell me what you see, or what you don't.","Hay noches en que la campana suena sola, hijo mío. Voy a ver, y no hay nadie. Rezo, cierro la puerta, y al otro día el poblado despierta igual. Ya no duermo. Vela la iglesia por mí una madrugada, entre la medianoche y las cinco — y dime lo que veas, o lo que no veas.",,266,19,Borges · 9pDzHy2OpOgeXM8SeL0t · eleven_v3,,sem áudio,—,,—,completas,3D,,,ok,ok,,,,,pendente,sim,data/missoes_padre_sino.json › passos[0] sino_insonia › texto
missao.padre_sino.sino_madrugada.anuncio,388,6 · Favores dos moradores,"Depois da chegada, com afinidade Gente boa (grau 2) com Padre Anselmo, e depois de ""Beiju para a sacristia"". E em Padre Anselmo.",Padre Anselmo,padre,Anúncio do passo,"Ao anunciar o passo (na vez dele, na fila de falas); o E no dono o repete",O sino que toca sozinho,2/3 · sino_madrugada,Vele a igreja de madrugada (da meia-noite às 5),visitar: igreja (das 0h às 5h),10 XP,igreja,,"Na igreja, entre a meia-noite e as cinco. Escute.","In the church, between midnight and five. Listen.","En la iglesia, entre la medianoche y las cinco. Escucha.",,49,3.5,Borges · 9pDzHy2OpOgeXM8SeL0t · eleven_v3,,sem áudio,—,,—,completas,3D,,,ok,ok,,,,,pendente,sim,data/missoes_padre_sino.json › passos[1] sino_madrugada › texto
missao.padre_sino.sino_contado.anuncio,389,6 · Favores dos moradores,"Depois da chegada, com afinidade Gente boa (grau 2) com Padre Anselmo, e depois de ""Beiju para a sacristia"". E em Padre Anselmo.",Padre Anselmo,padre,Anúncio do passo,"Ao anunciar o passo (na vez dele, na fila de falas); o E no dono o repete",O sino que toca sozinho,3/3 · sino_contado,Conte ao Padre Anselmo o que viu,falar com Padre Anselmo (E),15 XP,casa_do_padre,,"Me conte a sua madrugada, meu filho.","Tell me about your night, my son.","Cuéntame tu madrugada, hijo mío.",,36,2.6,Borges · 9pDzHy2OpOgeXM8SeL0t · eleven_v3,,sem áudio,—,,—,completas,3D,,,atenção,ok,"""Conte ao padre a sua madrugada."" — dito pelo próprio padre.","""Me conte a sua madrugada, meu filho.""",baixa,,corrigir,sim,data/missoes_padre_sino.json › passos[2] sino_contado › texto
missao.padre_sino.sino_contado.resposta,390,6 · Favores dos moradores,"Depois da chegada, com afinidade Gente boa (grau 2) com Padre Anselmo, e depois de ""Beiju para a sacristia"". E em Padre Anselmo.",Padre Anselmo,padre,Resposta do passo (E),E em Padre Anselmo,O sino que toca sozinho,3/3 · sino_contado,Conte ao Padre Anselmo o que viu,falar com Padre Anselmo (E),15 XP,casa_do_padre,,"Não tocou? Então foi comigo que ele quis falar, e não com você. Ou tocou, e você teve o bom senso de não dizer. De qualquer jeito, hoje eu durmo. Deus tem ouvido maior que o meu, meu filho — e alguma coisa cuida disto aqui. Eu só tomo conta da minha parte.","It didn't ring? Then it was me it wanted to speak to, not you. Or it rang, and you had the good sense not to say so. Either way, tonight I sleep. God's ear is bigger than mine, my son — and something looks after this place. I only mind my part.","¿No sonó? Entonces era conmigo con quien quería hablar, no contigo. O sonó, y tuviste el buen juicio de no decirlo. De cualquier modo, hoy duermo. Dios tiene un oído más grande que el mío, hijo — y algo cuida de esto. Yo solo me ocupo de mi parte.",,256,18.3,Borges · 9pDzHy2OpOgeXM8SeL0t · eleven_v3,,sem áudio,—,,—,completas,3D,,,ok,ok,,,,,pendente,sim,data/missoes_padre_sino.json › passos[2] sino_contado › meta.resposta
missao.padre_sino.arremate,391,6 · Favores dos moradores,"Depois da chegada, com afinidade Gente boa (grau 2) com Padre Anselmo, e depois de ""Beiju para a sacristia"". E em Padre Anselmo.",Padre Anselmo,padre,Nota de fim (não falada),Fica no objetivo do HUD ao fim; a última resposta é a fala,O sino que toca sozinho,,,,,,,"Você velou a igreja de madrugada. O sino não tocou — ou tocou, e vocês dois resolveram não dizer. O padre dormiu. Alguma coisa cuida disto aqui.","You kept watch in the church before dawn. The bell didn't ring — or it did, and the two of you decided not to say. The priest slept. Something looks after this place.","Velaste la iglesia de madrugada. La campana no sonó — o sonó, y los dos decidieron no decirlo. El cura durmió. Algo cuida de esto.",,144,10.3,Borges · 9pDzHy2OpOgeXM8SeL0t · eleven_v3,,—,—,,—,completas,3D,,,ok,ok,,,,,pendente,"sim (texto do HUD, sem voz)",data/missoes_padre_sino.json › arremate
missao.marisqueira_mare.trancada,392,6 · Favores dos moradores,"Depois da chegada, com afinidade Gente boa (grau 2) com Dona Rosa, e depois de ""Farinha para o sururu"". E em Dona Rosa.",Dona Rosa,marisqueira,Aviso de fila trancada,E no dono enquanto a fila espera o que ela pede,A maré das cinco,,,,,,,"A maré das cinco é pra quem eu conheço, e a carta mais ainda. Passe mais vezes, meu filho.","The five o'clock tide is for people I know, and the letter even more so. Come by more often, my son.","La marea de las cinco es para quien conozco, y la carta más todavía. Pasa más veces, hijo mío.",,90,6.4,Ana Dias · MZxV5lN3cv7hi1376O0m · eleven_v3,,sem áudio,—,,—,completas,3D,,,ok,ok,,,,,pendente,sim,data/missoes_marisqueira_mare.json › trancada
missao.marisqueira_mare.mare_das_cinco.anuncio,393,6 · Favores dos moradores,"Depois da chegada, com afinidade Gente boa (grau 2) com Dona Rosa, e depois de ""Farinha para o sururu"". E em Dona Rosa.",Dona Rosa,marisqueira,Anúncio do passo,"Ao anunciar o passo (na vez dele, na fila de falas); o E no dono o repete",A maré das cinco,1/5 · mare_das_cinco,Vá às pedras da maré de madrugada (das 5 às 7h30),visitar: pedras (das 5h às 7.5h),10 XP,pedras,,"Venha às cinco, com um balde e sem sapato. A maré baixa mostra o que a cheia esconde. Nas pedras da ponta da praia, antes de o sol esquentar.","Come at five, with a bucket and no shoes. The low tide shows what the high tide hides. On the rocks at the end of the beach, before the sun gets hot.","Ven a las cinco, con un balde y sin zapatos. La marea baja muestra lo que la alta esconde. En las piedras de la punta de la playa, antes de que el sol caliente.",,141,10.1,Ana Dias · MZxV5lN3cv7hi1376O0m · eleven_v3,,sem áudio,—,,—,completas,3D,,,ok,ok,,,,,pendente,sim,data/missoes_marisqueira_mare.json › passos[0] mare_das_cinco › texto
missao.marisqueira_mare.mare_ostras.anuncio,394,6 · Favores dos moradores,"Depois da chegada, com afinidade Gente boa (grau 2) com Dona Rosa, e depois de ""Farinha para o sururu"". E em Dona Rosa.",Dona Rosa,marisqueira,Anúncio do passo,"Ao anunciar o passo (na vez dele, na fila de falas); o E no dono o repete",A maré das cinco,2/5 · mare_ostras,Cate quatro ostras,juntar: ostra ×4,10 XP,pedras,,"Agora tire. Com licença, que o mangue é cozinha de Iemanjá. Quatro ostras, e você já sabe o que tem por baixo delas.","Now gather. With permission, since the mangrove is Iemanjá's kitchen. Four oysters, and you'll know what lies beneath them.","Ahora saca. Con permiso, que el manglar es cocina de Iemanjá. Cuatro ostras, y ya sabrás lo que hay debajo de ellas.",,116,8.3,Ana Dias · MZxV5lN3cv7hi1376O0m · eleven_v3,,sem áudio,—,,—,completas,3D,,,ok,ok,,,,,pendente,sim,data/missoes_marisqueira_mare.json › passos[1] mare_ostras › texto
missao.marisqueira_mare.mare_carta.anuncio,395,6 · Favores dos moradores,"Depois da chegada, com afinidade Gente boa (grau 2) com Dona Rosa, e depois de ""Farinha para o sururu"". E em Dona Rosa.",Dona Rosa,marisqueira,Anúncio do passo,"Ao anunciar o passo (na vez dele, na fila de falas); o E no dono o repete",A maré das cinco,3/5 · mare_carta,Pegue a carta com a Dona Rosa,visita: chegar ao lugar,10 XP,casa_da_marisqueira,,"Você aprendeu. Agora um favor que não é de lama: chegou carta da minha filha, de Salvador. Eu não leio. Leve ao padre e peça que leia duas vezes — e volte me dizer a segunda.","You learned. Now a favor that isn't about mud: a letter came from my daughter, in Salvador. I can't read. Take it to the priest and ask him to read it twice — and come back and tell me the second time.","Aprendiste. Ahora un favor que no es de barro: llegó carta de mi hija, de Salvador. Yo no leo. Llévala al cura y pídele que la lea dos veces — y vuelve a decirme la segunda.",,174,12.4,Ana Dias · MZxV5lN3cv7hi1376O0m · eleven_v3,,sem áudio,—,,—,completas,3D,,,ok,ok,,,,,pendente,sim,data/missoes_marisqueira_mare.json › passos[2] mare_carta › texto
missao.marisqueira_mare.carta_ao_padre.anuncio,396,6 · Favores dos moradores,"Depois da chegada, com afinidade Gente boa (grau 2) com Dona Rosa, e depois de ""Farinha para o sururu"". E em Dona Rosa.",Dona Rosa,marisqueira,Anúncio do passo,"Ao anunciar o passo (na vez dele, na fila de falas); o E no dono o repete",A maré das cinco,4/5 · carta_ao_padre,Leve a carta ao Padre Anselmo,falar com Padre Anselmo (E),10 XP,casa_do_padre,,"Leve ao padre. E que leia duas vezes, que eu pedi.","Take it to the priest. And have him read it twice, as I asked.","Llévasela al cura. Y que la lea dos veces, como te pedí.",,50,3.6,Ana Dias · MZxV5lN3cv7hi1376O0m · eleven_v3,,sem áudio,—,,—,completas,3D,,,atenção,ok,"""O padre lê a carta da Dona Rosa. Duas vezes, como ela pediu."" — dito pela própria Dona Rosa, como narração.","""Leve ao padre. Duas vezes, que eu pedi.""",baixa,,corrigir,sim,data/missoes_marisqueira_mare.json › passos[3] carta_ao_padre › texto
missao.marisqueira_mare.carta_ao_padre.resposta,397,6 · Favores dos moradores,"Depois da chegada, com afinidade Gente boa (grau 2) com Dona Rosa, e depois de ""Farinha para o sururu"". E em Dona Rosa.",Padre Anselmo,padre,Resposta do passo (E),E em Padre Anselmo,A maré das cinco,4/5 · carta_ao_padre,Leve a carta ao Padre Anselmo,falar com Padre Anselmo (E),10 XP,casa_do_padre,,"A carta da Rosa. Deixe ver. 'Minha mãe, estou bem. A casa é boa, a família é boa, a comida não falta.' E de novo, mais devagar: 'estou bem'... 'não falta'. Ela não fala do domingo, meu filho. Nem do bonde, que ela adorava. Diga à Rosa que a filha está bem — e que não escreveu sobre o domingo.","Rosa's letter. Let me see. 'Mother, I am well. The house is good, the family is good, there is no lack of food.' And again, slower: 'I am well'... 'no lack'. She doesn't mention Sunday, my son. Nor the streetcar, which she loved. Tell Rosa her daughter is well — and that she didn't write about Sunday.","La carta de Rosa. Déjame ver. 'Madre mía, estoy bien. La casa es buena, la familia es buena, la comida no falta.' Y otra vez, más despacio: 'estoy bien'... 'no falta'. No habla del domingo, hijo mío. Ni del tranvía, que tanto le gustaba. Dile a Rosa que la hija está bien — y que no escribió sobre el domingo.",,293,20.9,Borges · 9pDzHy2OpOgeXM8SeL0t · eleven_v3,,sem áudio,—,,—,completas,3D,,,ok,ok,,,,,pendente,sim,data/missoes_marisqueira_mare.json › passos[3] carta_ao_padre › meta.resposta
missao.marisqueira_mare.carta_de_volta.anuncio,398,6 · Favores dos moradores,"Depois da chegada, com afinidade Gente boa (grau 2) com Dona Rosa, e depois de ""Farinha para o sururu"". E em Dona Rosa.",Dona Rosa,marisqueira,Anúncio do passo,"Ao anunciar o passo (na vez dele, na fila de falas); o E no dono o repete",A maré das cinco,5/5 · carta_de_volta,Volte à Dona Rosa com a segunda leitura,falar com Dona Rosa (E),"15 XP, ostra ×3",casa_da_marisqueira,,Me diga o que o padre leu na segunda vez.,Tell me what the priest read the second time.,Dime lo que el cura leyó la segunda vez.,,41,2.9,Ana Dias · MZxV5lN3cv7hi1376O0m · eleven_v3,,sem áudio,—,,—,completas,3D,,,atenção,ok,"""Diga à Dona Rosa o que o padre leu na segunda vez."" — dito pela própria Dona Rosa.","""Me diga o que o padre leu na segunda vez.""",baixa,,corrigir,sim,data/missoes_marisqueira_mare.json › passos[4] carta_de_volta › texto
missao.marisqueira_mare.carta_de_volta.resposta,399,6 · Favores dos moradores,"Depois da chegada, com afinidade Gente boa (grau 2) com Dona Rosa, e depois de ""Farinha para o sururu"". E em Dona Rosa.",Dona Rosa,marisqueira,Resposta do passo (E),E em Dona Rosa,A maré das cinco,5/5 · carta_de_volta,Volte à Dona Rosa com a segunda leitura,falar com Dona Rosa (E),"15 XP, ostra ×3",casa_da_marisqueira,,"Não escreveu do domingo. Então não tem domingo. Casa de família não dá folga, e ela não quer que eu saiba. Obrigada, meu filho. Na próxima maré, as ostras são suas — e a carta de resposta, você escreve.","She didn't write about Sunday. So there is no Sunday. A household gives no day off, and she doesn't want me to know. Thank you, my son. Next tide, the oysters are yours — and the reply, you'll write.","No escribió del domingo. Entonces no hay domingo. Una casa de familia no da descanso, y ella no quiere que yo lo sepa. Gracias, hijo mío. En la próxima marea, las ostras son tuyas — y la carta de respuesta, la escribes tú.",,202,14.4,Ana Dias · MZxV5lN3cv7hi1376O0m · eleven_v3,,sem áudio,—,,—,completas,3D,,,ok,ok,,,,,pendente,sim,data/missoes_marisqueira_mare.json › passos[4] carta_de_volta › meta.resposta
missao.marisqueira_mare.arremate,400,6 · Favores dos moradores,"Depois da chegada, com afinidade Gente boa (grau 2) com Dona Rosa, e depois de ""Farinha para o sururu"". E em Dona Rosa.",Dona Rosa,marisqueira,Nota de fim (não falada),Fica no objetivo do HUD ao fim; a última resposta é a fala,A maré das cinco,,,,,,,"Você catou ostra na lama às cinco, sem sapato, e levou a carta da filha da Dona Rosa ao padre. Ele leu duas vezes. Na segunda, a Dona Rosa escutou o que a filha não escreveu.","You gathered oysters in the mud at five, barefoot, and took Dona Rosa's daughter's letter to the priest. He read it twice. The second time, Dona Rosa heard what her daughter didn't write.","Recogiste ostras en el barro a las cinco, descalzo, y llevaste la carta de la hija de Doña Rosa al cura. Él la leyó dos veces. La segunda, Doña Rosa escuchó lo que la hija no escribió.",,174,12.4,Ana Dias · MZxV5lN3cv7hi1376O0m · eleven_v3,,—,—,,—,completas,3D,,,ok,ok,,,,,pendente,"sim (texto do HUD, sem voz)",data/missoes_marisqueira_mare.json › arremate
missao.carpinteiro_canoa.trancada,401,6 · Favores dos moradores,"Depois da chegada, com afinidade Gente boa (grau 2) com Seu Epifânio, e depois de ""Madeira para a canoa"". E em Seu Epifânio.",Seu Epifânio,carpinteiro,Aviso de fila trancada,E no dono enquanto a fila espera o que ela pede,A canoa do Tonho,,,,,,,Da canoa do Tonho eu falo com quem já me trouxe madeira e já me conhece. Volte.,About Tonho's canoe I talk to those who've brought me wood and already know me. Come back.,De la canoa de Tonho hablo con quien ya me trajo madera y ya me conoce. Vuelve.,,79,5.6,Eric · cjVigY5qzO86Huf0OWal · eleven_v3,,sem áudio,—,,—,completas,3D,,,ok,ok,,,,,pendente,sim,data/missoes_carpinteiro_canoa.json › trancada
missao.carpinteiro_canoa.canoa_pergunta.anuncio,402,6 · Favores dos moradores,"Depois da chegada, com afinidade Gente boa (grau 2) com Seu Epifânio, e depois de ""Madeira para a canoa"". E em Seu Epifânio.",Seu Epifânio,carpinteiro,Anúncio do passo,"Ao anunciar o passo (na vez dele, na fila de falas); o E no dono o repete",A canoa do Tonho,1/3 · canoa_pergunta,Pergunte ao Tonho pela canoa,falar com Tonho (E),10 XP,pier,,"A canoa do Tonho fui eu que fiz, há dez anos, de um pau só. Está virada atrás da casa dele, apodrecendo. Pergunte a ele por quê — a mim ele não diz.","Tonho's canoe was my work, ten years ago, from a single trunk. It's lying upturned behind his house, rotting. Ask him why — he won't tell me.","La canoa de Tonho la hice yo, hace diez años, de un solo tronco. Está volcada detrás de su casa, pudriéndose. Pregúntale por qué — a mí no me lo dice.",,148,10.6,Eric · cjVigY5qzO86Huf0OWal · eleven_v3,,sem áudio,—,,—,completas,3D,,,ok,ok,,,,,pendente,sim,data/missoes_carpinteiro_canoa.json › passos[0] canoa_pergunta › texto
missao.carpinteiro_canoa.canoa_pergunta.resposta,403,6 · Favores dos moradores,"Depois da chegada, com afinidade Gente boa (grau 2) com Seu Epifânio, e depois de ""Madeira para a canoa"". E em Seu Epifânio.",Tonho,tonho,Resposta do passo (E),E em Tonho,A canoa do Tonho,1/3 · canoa_pergunta,Pergunte ao Tonho pela canoa,falar com Tonho (E),10 XP,pier,,"A canoa? Foi do meu pai antes de ser minha. Numa noite de março ela voltou sozinha, sem ele e sem a rede — a rede ficou do outro lado do rio, eu já contei. Desde então eu pesco da pedra. Canoa que volta sem gente não se põe na água de novo. Mas se o Epifânio quiser consertar, eu não impeço.","The canoe? It was my father's before it was mine. One night in March it came back alone, without him and without the net — the net stayed on the other side of the river, I've told you. Since then I fish from the rock. A canoe that comes back without its man doesn't go in the water again. But if Epifânio wants to fix it, I won't stop him.","¿La canoa? Fue de mi padre antes de ser mía. Una noche de marzo volvió sola, sin él y sin la red — la red se quedó del otro lado del río, ya te lo conté. Desde entonces pesco desde la piedra. Canoa que vuelve sin gente no se pone en el agua otra vez. Pero si Epifânio quiere arreglarla, no lo impido.",,291,20.8,Matheus Santos · xWdpADtEio43ew1zGxUQ · eleven_v3,,sem áudio,—,,—,completas,3D,,,ok,ok,,,,,pendente,sim,data/missoes_carpinteiro_canoa.json › passos[0] canoa_pergunta › meta.resposta
missao.carpinteiro_canoa.canoa_madeira.anuncio,404,6 · Favores dos moradores,"Depois da chegada, com afinidade Gente boa (grau 2) com Seu Epifânio, e depois de ""Madeira para a canoa"". E em Seu Epifânio.",Seu Epifânio,carpinteiro,Anúncio do passo,"Ao anunciar o passo (na vez dele, na fila de falas); o E no dono o repete",A canoa do Tonho,2/3 · canoa_madeira,Leve duas madeiras de coqueiro e duas cordas ao Seu Epifânio,"levar a Seu Epifânio: madeira de coqueiro ×2, corda de piaçava ×2",10 XP,casa_do_carpinteiro,,"Ele não impede. Então eu conserto. Bancos novos de coqueiro e amarra nova: duas madeiras e duas cordas, e eu faço o resto de graça — o Tonho não vai saber que foi de graça.","He won't stop us. Then I'll fix it. New coconut-palm seats and new lashing: two logs and two ropes, and I'll do the rest for free — Tonho won't know it was free.","Él no lo impide. Entonces la arreglo. Bancos nuevos de cocotero y amarre nuevo: dos maderas y dos cuerdas, y el resto lo hago gratis — Tonho no va a saber que fue gratis.",,172,12.3,Eric · cjVigY5qzO86Huf0OWal · eleven_v3,,sem áudio,—,,—,completas,3D,,,ok,ok,,,,,pendente,sim,data/missoes_carpinteiro_canoa.json › passos[1] canoa_madeira › texto
missao.carpinteiro_canoa.canoa_madeira.resposta,405,6 · Favores dos moradores,"Depois da chegada, com afinidade Gente boa (grau 2) com Seu Epifânio, e depois de ""Madeira para a canoa"". E em Seu Epifânio.",Seu Epifânio,carpinteiro,Resposta do passo (E),E em Seu Epifânio com a carga na mochila,A canoa do Tonho,2/3 · canoa_madeira,Leve duas madeiras de coqueiro e duas cordas ao Seu Epifânio,"levar a Seu Epifânio: madeira de coqueiro ×2, corda de piaçava ×2",10 XP,casa_do_carpinteiro,,"Madeira e corda. Bati três vezes no casco antes de mexer, e ele respondeu oco — mas inteiro. Em dois dias ela está de pé. Vá dizer ao Tonho. Diga que foi você que pagou.","Wood and rope. I knocked three times on the hull before touching it, and it answered hollow — but whole. In two days it'll be standing. Go tell Tonho. Say you were the one who paid.","Madera y cuerda. Golpeé tres veces el casco antes de tocarlo, y respondió hueco — pero entero. En dos días está de pie. Ve a decírselo a Tonho. Di que fuiste tú quien pagó.",,169,12.1,Eric · cjVigY5qzO86Huf0OWal · eleven_v3,,sem áudio,—,,—,completas,3D,,,ok,ok,,,,,pendente,sim,data/missoes_carpinteiro_canoa.json › passos[1] canoa_madeira › meta.resposta
missao.carpinteiro_canoa.canoa_tonho.anuncio,406,6 · Favores dos moradores,"Depois da chegada, com afinidade Gente boa (grau 2) com Seu Epifânio, e depois de ""Madeira para a canoa"". E em Seu Epifânio.",Seu Epifânio,carpinteiro,Anúncio do passo,"Ao anunciar o passo (na vez dele, na fila de falas); o E no dono o repete",A canoa do Tonho,3/3 · canoa_tonho,Diga ao Tonho que a canoa está consertada,falar com Tonho (E),15 XP,pier,,A canoa está consertada. Vá dizer ao Tonho.,The canoe is fixed. Go tell Tonho.,La canoa está arreglada. Ve a decírselo a Tonho.,,43,3.1,Eric · cjVigY5qzO86Huf0OWal · eleven_v3,,sem áudio,—,,—,completas,3D,,,ok,ok,,,,,pendente,sim,data/missoes_carpinteiro_canoa.json › passos[2] canoa_tonho › texto
missao.carpinteiro_canoa.canoa_tonho.resposta,407,6 · Favores dos moradores,"Depois da chegada, com afinidade Gente boa (grau 2) com Seu Epifânio, e depois de ""Madeira para a canoa"". E em Seu Epifânio.",Tonho,tonho,Resposta do passo (E),E em Tonho,A canoa do Tonho,3/3 · canoa_tonho,Diga ao Tonho que a canoa está consertada,falar com Tonho (E),15 XP,pier,,"Consertou? Com bancos de coqueiro, o Epifânio... Olha, eu ia dizer obrigado e ficar quieto, que é o meu jeito. Não prometo pôr na água. Mas um dia, se a maré estiver certa e você estiver junto, a gente vê. Obrigado.","He fixed it? With coconut-palm seats, Epifânio... Look, I was going to say thanks and keep quiet, which is my way. I don't promise to put it in the water. But one day, if the tide is right and you're along, we'll see. Thank you.","¿La arregló? Con bancos de cocotero, Epifânio... Mira, iba a decir gracias y quedarme callado, que es mi modo. No prometo ponerla en el agua. Pero un día, si la marea está bien y tú estás conmigo, veremos. Gracias.",,215,15.4,Matheus Santos · xWdpADtEio43ew1zGxUQ · eleven_v3,,sem áudio,—,,—,completas,3D,,,ok,ok,,,,,pendente,sim,data/missoes_carpinteiro_canoa.json › passos[2] canoa_tonho › meta.resposta
missao.carpinteiro_canoa.arremate,408,6 · Favores dos moradores,"Depois da chegada, com afinidade Gente boa (grau 2) com Seu Epifânio, e depois de ""Madeira para a canoa"". E em Seu Epifânio.",Seu Epifânio,carpinteiro,Nota de fim (não falada),Fica no objetivo do HUD ao fim; a última resposta é a fala,A canoa do Tonho,,,,,,,A canoa do Tonho tem bancos novos e corda nova. Ele não prometeu pôr na água. Mas agradeceu — e o Tonho agradecer é quase remar.,Tonho's canoe has new seats and new rope. He didn't promise to put it in the water. But he said thank you — and Tonho saying thank you is almost rowing.,La canoa de Tonho tiene bancos nuevos y cuerda nueva. Él no prometió ponerla en el agua. Pero agradeció — y que Tonho agradezca es casi remar.,,128,9.1,Eric · cjVigY5qzO86Huf0OWal · eleven_v3,,—,—,,—,completas,3D,,,ok,ok,,,,,pendente,"sim (texto do HUD, sem voz)",data/missoes_carpinteiro_canoa.json › arremate
missao.mercador_fiado.trancada,409,6 · Favores dos moradores,"Depois da chegada, com afinidade Gente boa (grau 2) com Seu Nicolau, e depois de ""A prateleira da venda"". E em Seu Nicolau.",Seu Nicolau,mercador,Aviso de fila trancada,E no dono enquanto a fila espera o que ela pede,O livro de fiado,,,,,,,"O livro de fiado eu abro pra quem já tem nome nele, moço. Compre, converse, volte.","I open the credit book for those who already have a name in it, young man. Buy, talk, come back.","El libro de fiado lo abro para quien ya tiene nombre en él, muchacho. Compra, conversa, vuelve.",,82,5.9,Chris · iP95p4xoKVk53GoZ742B · eleven_v3,,sem áudio,—,,—,completas,3D,,,ok,ok,,,,,pendente,sim,data/missoes_mercador_fiado.json › trancada
missao.mercador_fiado.fiado_livro.anuncio,410,6 · Favores dos moradores,"Depois da chegada, com afinidade Gente boa (grau 2) com Seu Nicolau, e depois de ""A prateleira da venda"". E em Seu Nicolau.",Seu Nicolau,mercador,Anúncio do passo,"Ao anunciar o passo (na vez dele, na fila de falas); o E no dono o repete",O livro de fiado,1/3 · fiado_livro,Veja o livro de fiado com o Seu Nicolau,visita: chegar ao lugar,10 XP,bar,,"Olhe o livro. Este nome aqui, três linhas: o Damião, do cemitério. Deve desde março — farinha, sal e querosene, que zelador de cemitério ganha papel com o nome e mais nada. Eu não cobro quem não tem de onde tirar. Mas a conta não some. Três peixes bons e eu risco o nome. Se você quiser pagar por ele, é problema seu e do Damião.","Look at the book. This name here, three lines: Damião, from the cemetery. In debt since March — flour, salt and kerosene, since a cemetery keeper gets a paper with his name and nothing else. I don't collect from someone who has nowhere to take it from. But the debt doesn't vanish. Three good fish and I cross the name out. If you want to pay for him, that's between you and Damião.","Mira el libro. Este nombre aquí, tres líneas: Damião, el del cementerio. Debe desde marzo — harina, sal y queroseno, que al cuidador del cementerio le dan un papel con su nombre y nada más. No le cobro a quien no tiene de dónde sacar. Pero la cuenta no desaparece. Tres buenos pescados y tacho el nombre. Si quieres pagar por él, es asunto tuyo y de Damião.",,329,23.5,Chris · iP95p4xoKVk53GoZ742B · eleven_v3,,sem áudio,—,,—,completas,3D,,,problema,problema,"A dívida do Tonho é paga duas vezes, de dois jeitos. Na fila do Tonho, 1.900 réis no armazém, ""dois anos naquela página"", e ela zera; neste favor, ""Deve desde março"", três peixes e o Nicolau risca o nome. As duas filas abrem depois da chegada, em qualquer ordem.","Escolher um caminho: o favor do Nicolau só abre enquanto a dívida do Tonho não zerou (e zerar por ele fecha a fila do Tonho), ou o favor muda de devedor (outro pescador).",alta,,corrigir,sim,data/missoes_mercador_fiado.json › passos[0] fiado_livro › texto
missao.mercador_fiado.fiado_peixes.anuncio,411,6 · Favores dos moradores,"Depois da chegada, com afinidade Gente boa (grau 2) com Seu Nicolau, e depois de ""A prateleira da venda"". E em Seu Nicolau.",Seu Nicolau,mercador,Anúncio do passo,"Ao anunciar o passo (na vez dele, na fila de falas); o E no dono o repete",O livro de fiado,2/3 · fiado_peixes,Leve três peixes ao Seu Nicolau pela conta do Damião,levar a Seu Nicolau: peixe ×3,10 XP,bar,,"Três peixes bons, e o nome do Damião sai do livro.","Three good fish, and Damião's name comes out of the book.","Tres buenos pescados, y el nombre de Damião sale del libro.",,50,3.6,Chris · iP95p4xoKVk53GoZ742B · eleven_v3,,sem áudio,—,,—,completas,3D,,,revisar (o texto mudou),revisar (o texto mudou),,,,,pendente,sim,data/missoes_mercador_fiado.json › passos[1] fiado_peixes › texto
missao.mercador_fiado.fiado_peixes.resposta,412,6 · Favores dos moradores,"Depois da chegada, com afinidade Gente boa (grau 2) com Seu Nicolau, e depois de ""A prateleira da venda"". E em Seu Nicolau.",Seu Nicolau,mercador,Resposta do passo (E),E em Seu Nicolau com a carga na mochila,O livro de fiado,2/3 · fiado_peixes,Leve três peixes ao Seu Nicolau pela conta do Damião,levar a Seu Nicolau: peixe ×3,10 XP,bar,,"Três peixes. Risco o nome. Pronto — o Damião não deve mais nada a mim. Deve a você, mas isso o livro não escreve. Vá contar a ele antes que a Sá Joaquina conte.","Three fish. I cross the name out. There — Damião owes me nothing now. He owes you, but the book doesn't write that. Go tell him before Sá Joaquina does.","Tres pescados. Tacho el nombre. Listo — Damião ya no me debe nada. Te debe a ti, pero eso el libro no lo escribe. Ve a contárselo antes de que Sá Joaquina lo haga.",,160,11.4,Chris · iP95p4xoKVk53GoZ742B · eleven_v3,,sem áudio,—,,—,completas,3D,,,revisar (o texto mudou),revisar (o texto mudou),,,,,pendente,sim,data/missoes_mercador_fiado.json › passos[1] fiado_peixes › meta.resposta
missao.mercador_fiado.fiado_tonho.anuncio,413,6 · Favores dos moradores,"Depois da chegada, com afinidade Gente boa (grau 2) com Seu Nicolau, e depois de ""A prateleira da venda"". E em Seu Nicolau.",Seu Nicolau,mercador,Anúncio do passo,"Ao anunciar o passo (na vez dele, na fila de falas); o E no dono o repete",O livro de fiado,3/3 · fiado_tonho,Diga ao Damião que a conta está paga,falar com Damião (E),15 XP,cemiterio,,Conte ao Damião que o nome dele saiu do meu livro.,Tell Damião his name is out of my book.,Cuéntale a Damião que su nombre salió de mi libro.,,50,3.6,Chris · iP95p4xoKVk53GoZ742B · eleven_v3,,sem áudio,—,,—,completas,3D,,,atenção,ok,"""Conte ao Tonho que o nome dele saiu do livro do Nicolau."" — dito pelo próprio Nicolau.","""Conte ao Tonho que o nome dele saiu do meu livro.""",baixa,,corrigir,sim,data/missoes_mercador_fiado.json › passos[2] fiado_tonho › texto
missao.mercador_fiado.fiado_tonho.resposta,414,6 · Favores dos moradores,"Depois da chegada, com afinidade Gente boa (grau 2) com Seu Nicolau, e depois de ""A prateleira da venda"". E em Seu Nicolau.",Damião,damiao,Resposta do passo (E),E em Damião,O livro de fiado,3/3 · fiado_tonho,Diga ao Damião que a conta está paga,falar com Damião (E),15 XP,cemiterio,,"Você pagou o Nicolau por mim? Sem me perguntar? ... Moço, eu passo o dia cuidando do nome de quem já foi, e fazia tempo que ninguém cuidava do meu. Agora eu devo ao senhor, e isso eu pago, nem que seja devagar. Não discuta.","You paid Nicolau for me? Without asking me? ... Mister, I spend my days looking after the names of those who are gone, and it's been a long time since anyone looked after mine. Now I owe you, and that I'll pay, even if slowly. Don't argue.","¿Le pagaste a Nicolau por mí? ¿Sin preguntarme? ... Joven, me paso el día cuidando el nombre de los que ya se fueron, y hacía tiempo que nadie cuidaba el mío. Ahora le debo a usted, y eso lo pago, aunque sea despacio. No discuta.",,223,15.9,Matheus (Clear) · oArP4WehPe3qjqvCwHNo · eleven_v3,,sem áudio,—,,—,completas,3D,,,revisar (o texto mudou),revisar (o texto mudou),,,,,pendente,sim,data/missoes_mercador_fiado.json › passos[2] fiado_tonho › meta.resposta
missao.mercador_fiado.arremate,415,6 · Favores dos moradores,"Depois da chegada, com afinidade Gente boa (grau 2) com Seu Nicolau, e depois de ""A prateleira da venda"". E em Seu Nicolau.",Seu Nicolau,mercador,Nota de fim (não falada),Fica no objetivo do HUD ao fim; a última resposta é a fala,O livro de fiado,,,,,,,"A conta do Damião no livro do Nicolau está riscada — paga em peixe, por você. O Damião agora deve a você, e disse que isso ele paga.","Damião's account in Nicolau's book is crossed out — paid in fish, by you. Damião now owes you, and said that debt he'll pay.","La cuenta de Damião en el libro de Nicolau está tachada — pagada en pescado, por ti. Damião ahora te debe a ti, y dijo que eso sí lo paga.",,132,9.4,Chris · iP95p4xoKVk53GoZ742B · eleven_v3,,—,—,,—,completas,3D,,,revisar (o texto mudou),revisar (o texto mudou),,,,,pendente,"sim (texto do HUD, sem voz)",data/missoes_mercador_fiado.json › arremate
missao.menino_caminho.trancada,416,6 · Favores dos moradores,"Depois da chegada, com afinidade Amigo (grau 3) com Tonico, e depois de ""A cocada escondida"". E em Tonico.",Tonico,menino,Aviso de fila trancada,E no dono enquanto a fila espera o que ela pede,O caminho do Tonico,,,,,,,"O caminho eu só conto pra amigo de verdade. Você ainda não é. Mas tá quase, tá quase.","The path I only tell real friends. You're not one yet. But almost, almost.","El camino solo se lo cuento a un amigo de verdad. Tú todavía no lo eres. Pero casi, casi.",,85,6.1,Liam · TX3LPaxmHKxFdv7VOQHJ · eleven_v3,,sem áudio,—,,—,completas,3D,,,ok,ok,,,,,pendente,sim,data/missoes_menino_caminho.json › trancada
missao.menino_caminho.caminho_comeco.anuncio,417,6 · Favores dos moradores,"Depois da chegada, com afinidade Amigo (grau 3) com Tonico, e depois de ""A cocada escondida"". E em Tonico.",Tonico,menino,Anúncio do passo,"Ao anunciar o passo (na vez dele, na fila de falas); o E no dono o repete",O caminho do Tonico,1/3 · caminho_comeco,Ouça o Tonico sobre o caminho na mata,visita: chegar ao lugar,10 XP,casa_do_carpinteiro,,"Tá bom, você é amigo. O caminho começa atrás da casa do meu pai, na pedra com musgo, e sobe pela lombada até a pedra grande com desenho — a pedra pintada. Eu não vou junto. Quem leva gente lá fica com dívida, meu pai disse. Mas quem só CONTA, não. Acho.","Fine, you're a friend. The path starts behind my father's house, at the mossy stone, and climbs the ridge to the big stone with drawings — the painted stone. I'm not coming. Whoever takes people there ends up in debt, my father said. But whoever only TELLS doesn't. I think.","Está bien, eres amigo. El camino empieza detrás de la casa de mi padre, en la piedra con musgo, y sube por la loma hasta la piedra grande con dibujo — la piedra pintada. Yo no voy. Quien lleva gente allá queda en deuda, dijo mi padre. Pero quien solo CUENTA, no. Creo.",,253,18.1,Liam · TX3LPaxmHKxFdv7VOQHJ · eleven_v3,,sem áudio,—,,—,completas,3D,,,atenção,ok,"""a pedra grande com desenho — a lapa"" — na lombada, ""a lapa"" é a pedra que rolou e que o jogador rachou em oito na fila do Pedro. Duas lapas no mesmo lugar.","""... até a pedra grande com desenho — a pedra pintada.""",baixa,,corrigir,sim,data/missoes_menino_caminho.json › passos[0] caminho_comeco › texto
missao.menino_caminho.caminho_lapa.anuncio,418,6 · Favores dos moradores,"Depois da chegada, com afinidade Amigo (grau 3) com Tonico, e depois de ""A cocada escondida"". E em Tonico.",Tonico,menino,Anúncio do passo,"Ao anunciar o passo (na vez dele, na fila de falas); o E no dono o repete",O caminho do Tonico,2/3 · caminho_lapa,Suba a lombada até a pedra pintada,visitar: lapa,10 XP,lapa,,"Pela lombada, até a pedra grande com desenho.","Up the ridge, to the big stone with drawings.","Por la loma, hasta la piedra grande con dibujo.",,45,3.2,Liam · TX3LPaxmHKxFdv7VOQHJ · eleven_v3,,sem áudio,—,,—,completas,3D,,,ok,ok,,,,,pendente,sim,data/missoes_menino_caminho.json › passos[1] caminho_lapa › texto
missao.menino_caminho.caminho_divida.anuncio,419,6 · Favores dos moradores,"Depois da chegada, com afinidade Amigo (grau 3) com Tonico, e depois de ""A cocada escondida"". E em Tonico.",Tonico,menino,Anúncio do passo,"Ao anunciar o passo (na vez dele, na fila de falas); o E no dono o repete",O caminho do Tonico,3/3 · caminho_divida,Leve um cordel ao Tonico,levar a Tonico: folheto de cordel ×1,"15 XP, manga ×2",casa_do_carpinteiro,,"Deu certo? Então a dívida existe mesmo, e é minha, porque eu contei. Paga por mim: me traz um cordel. Eu quero aprender a ler neles, e minha mãe diz que cordel é coisa de gente grande.","It worked? Then the debt is real, and it's mine, because I told. Pay it for me: bring me a cordel. I want to learn to read from them, and my mother says cordel is for grown-ups.","¿Funcionó? Entonces la deuda existe, y es mía, porque yo conté. Págala por mí: tráeme un cordel. Quiero aprender a leer en ellos, y mi madre dice que el cordel es cosa de gente grande.",,184,13.1,Liam · TX3LPaxmHKxFdv7VOQHJ · eleven_v3,,sem áudio,—,,—,completas,3D,,,ok,ok,,,,,pendente,sim,data/missoes_menino_caminho.json › passos[2] caminho_divida › texto
missao.menino_caminho.caminho_divida.resposta,420,6 · Favores dos moradores,"Depois da chegada, com afinidade Amigo (grau 3) com Tonico, e depois de ""A cocada escondida"". E em Tonico.",Tonico,menino,Resposta do passo (E),E em Tonico com a carga na mochila,O caminho do Tonico,3/3 · caminho_divida,Leve um cordel ao Tonico,levar a Tonico: folheto de cordel ×1,"15 XP, manga ×2",casa_do_carpinteiro,,"Um cordel! Com desenho na capa! Dívida paga — a minha e a sua. Não conta pra minha mãe. Nem pro meu pai. Nem pro Caipora, de noite.","A cordel! With a picture on the cover! Debt paid — mine and yours. Don't tell my mother. Nor my father. Nor the Caipora, at night.","¡Un cordel! ¡Con dibujo en la tapa! Deuda pagada — la mía y la tuya. No le cuentes a mi madre. Ni a mi padre. Ni al Caipora, de noche.",,131,9.4,Liam · TX3LPaxmHKxFdv7VOQHJ · eleven_v3,,sem áudio,—,,—,completas,3D,,,ok,ok,,,,,pendente,sim,data/missoes_menino_caminho.json › passos[2] caminho_divida › meta.resposta
missao.menino_caminho.arremate,421,6 · Favores dos moradores,"Depois da chegada, com afinidade Amigo (grau 3) com Tonico, e depois de ""A cocada escondida"". E em Tonico.",Tonico,menino,Nota de fim (não falada),Fica no objetivo do HUD ao fim; a última resposta é a fala,O caminho do Tonico,,,,,,,"Você achou a pedra grande com desenho pelo caminho do Tonico, e pagou a dívida com um cordel. Ele vai aprender a ler nele — e você ficou devendo não contar à mãe dele.","You found the big stone with drawings by Tonico's path, and paid the debt with a cordel. He'll learn to read from it — and you owe him not telling his mother.","Encontraste la piedra grande con dibujo por el camino de Tonico, y pagaste la deuda con un cordel. Él aprenderá a leer en él — y tú quedaste debiendo no contárselo a su madre.",,167,11.9,Liam · TX3LPaxmHKxFdv7VOQHJ · eleven_v3,,—,—,,—,completas,3D,,,ok,ok,,,,,pendente,"sim (texto do HUD, sem voz)",data/missoes_menino_caminho.json › arremate
missao.beata_promessa.trancada,422,6 · Favores dos moradores,"Depois da chegada, com afinidade Gente boa (grau 2) com Sá Joaquina, e depois de ""O chá da tosse"". E em Sá Joaquina.",Sá Joaquina,beata,Aviso de fila trancada,E no dono enquanto a fila espera o que ela pede,A promessa de Sá Joaquina,,,,,,,"Da minha promessa eu falo baixo, e só com quem reza comigo há tempo. Volte mais vezes, meu filho.","Of my vow I speak softly, and only with those who've prayed with me for a while. Come back more often, my son.","De mi promesa hablo bajo, y solo con quien reza conmigo desde hace tiempo. Vuelve más veces, hijo mío.",,97,6.9,Katiuscia · wXwzHFLHnXex5h3JPBXA · eleven_v3,,sem áudio,—,,—,completas,3D,,,ok,ok,,,,,pendente,sim,data/missoes_beata_promessa.json › trancada
missao.beata_promessa.promessa_contada.anuncio,423,6 · Favores dos moradores,"Depois da chegada, com afinidade Gente boa (grau 2) com Sá Joaquina, e depois de ""O chá da tosse"". E em Sá Joaquina.",Sá Joaquina,beata,Anúncio do passo,"Ao anunciar o passo (na vez dele, na fila de falas); o E no dono o repete",A promessa de Sá Joaquina,1/3 · promessa_contada,Ouça a promessa de Sá Joaquina,visita: chegar ao lugar,10 XP,casa_da_beata,,"Eu fiz uma promessa há trinta anos, e cumpro até hoje: nunca mais pisar na areia. Foi lá que o mar levou o meu marido. Mas ele gostava de ostra, e todo ano eu mandava uma pra beira d'água por alguém. Este ano não tem ninguém. Leve uma por mim, meu filho — deixe na areia, onde a onda chega. Não precisa rezar. Eu rezo daqui.","I made a vow thirty years ago, and I keep it to this day: never again to step on the sand. That's where the sea took my husband. But he loved oysters, and every year I sent one to the water's edge through someone. This year there's no one. Take one for me, my son — leave it on the sand, where the wave reaches. No need to pray. I pray from here.","Hice una promesa hace treinta años, y la cumplo hasta hoy: nunca más pisar la arena. Fue allí donde el mar se llevó a mi marido. Pero a él le gustaban las ostras, y todos los años mandaba una a la orilla con alguien. Este año no hay nadie. Lleva una por mí, hijo mío — déjala en la arena, donde llega la ola. No hace falta rezar. Yo rezo desde aquí.",,324,23.1,Katiuscia · wXwzHFLHnXex5h3JPBXA · eleven_v3,,sem áudio,—,,—,completas,3D,,,ok,ok,,,,,pendente,sim,data/missoes_beata_promessa.json › passos[0] promessa_contada › texto
missao.beata_promessa.promessa_ostra.anuncio,424,6 · Favores dos moradores,"Depois da chegada, com afinidade Gente boa (grau 2) com Sá Joaquina, e depois de ""O chá da tosse"". E em Sá Joaquina.",Sá Joaquina,beata,Anúncio do passo,"Ao anunciar o passo (na vez dele, na fila de falas); o E no dono o repete",A promessa de Sá Joaquina,2/3 · promessa_ostra,Deixe uma ostra na areia da praia,oferendar em areia: ostra ×1,10 XP,areia,,"Uma ostra na areia, onde a onda chega. Em meu nome.","An oyster on the sand, where the wave reaches. In my name.","Una ostra en la arena, donde llega la ola. En mi nombre.",,51,3.6,Katiuscia · wXwzHFLHnXex5h3JPBXA · eleven_v3,,sem áudio,—,,—,completas,3D,,,atenção,ok,"""Uma ostra na areia, onde a onda chega. Em nome dela."" — dito pela própria Sá Joaquina.","""Uma ostra na areia, onde a onda chega. Em meu nome.""",baixa,,corrigir,sim,data/missoes_beata_promessa.json › passos[1] promessa_ostra › texto
missao.beata_promessa.promessa_ostra.resposta,425,6 · Favores dos moradores,"Depois da chegada, com afinidade Gente boa (grau 2) com Sá Joaquina, e depois de ""O chá da tosse"". E em Sá Joaquina.",Sá Joaquina,beata,Resposta do passo (E),"E no lugar da oferenda, com a oferta na mochila",A promessa de Sá Joaquina,2/3 · promessa_ostra,Deixe uma ostra na areia da praia,oferendar em areia: ostra ×1,10 XP,areia,,A ostra fica na areia molhada. A onda seguinte a cobre e descobre. A terceira a leva.,The oyster stays on the wet sand. The next wave covers and uncovers it. The third takes it.,La ostra queda en la arena mojada. La ola siguiente la cubre y la descubre. La tercera se la lleva.,,85,6.1,Katiuscia · wXwzHFLHnXex5h3JPBXA · eleven_v3,,sem áudio,—,,—,completas,3D,,,problema,problema,"A resposta da oferenda sai na boca do dono da fila, onde ele estiver (CadeiaDeMissoes._tentar_oferenda → _falar). Aqui a Sá Joaquina ""descreve"" a onda levando a ostra — e ela não pisa na areia há trinta anos.","No código: a resposta da oferenda vira narração (a caixa sem nome), como a visita aos marcos. Ou no texto: tirar a resposta e deixar a descrição no passo seguinte, quando o jogador volta e conta.",média,,corrigir,sim,data/missoes_beata_promessa.json › passos[1] promessa_ostra › meta.resposta
missao.beata_promessa.promessa_rezada.anuncio,426,6 · Favores dos moradores,"Depois da chegada, com afinidade Gente boa (grau 2) com Sá Joaquina, e depois de ""O chá da tosse"". E em Sá Joaquina.",Sá Joaquina,beata,Anúncio do passo,"Ao anunciar o passo (na vez dele, na fila de falas); o E no dono o repete",A promessa de Sá Joaquina,3/3 · promessa_rezada,Volte a Sá Joaquina,falar com Sá Joaquina (E),"15 XP, beiju ×2",casa_da_beata,,Venha me dizer se a ostra foi.,Come and tell me if the oyster went.,Ven a decirme si la ostra se fue.,,30,2.1,Katiuscia · wXwzHFLHnXex5h3JPBXA · eleven_v3,,sem áudio,—,,—,completas,3D,,,atenção,ok,"""Diga a Sá Joaquina que a ostra foi."" — dito pela própria Sá Joaquina.","""Venha me dizer se a ostra foi.""",baixa,,corrigir,sim,data/missoes_beata_promessa.json › passos[2] promessa_rezada › texto
missao.beata_promessa.promessa_rezada.resposta,427,6 · Favores dos moradores,"Depois da chegada, com afinidade Gente boa (grau 2) com Sá Joaquina, e depois de ""O chá da tosse"". E em Sá Joaquina.",Sá Joaquina,beata,Resposta do passo (E),E em Sá Joaquina,A promessa de Sá Joaquina,3/3 · promessa_rezada,Volte a Sá Joaquina,falar com Sá Joaquina (E),"15 XP, beiju ×2",casa_da_beata,,"A onda levou? Na terceira? Era assim que ele contava as ondas pra entrar no mar. Deus lhe pague, meu filho. Hoje eu rezei o terço de costas pro mar, como sempre — mas pela primeira vez em trinta anos eu olhei por cima do ombro.","The wave took it? On the third? That's how he used to count the waves before going into the sea. God repay you, my son. Today I prayed the rosary with my back to the sea, as always — but for the first time in thirty years I looked over my shoulder.","¿La ola se la llevó? ¿En la tercera? Así contaba él las olas para entrar al mar. Dios te lo pague, hijo mío. Hoy recé el rosario de espaldas al mar, como siempre — pero por primera vez en treinta años miré por encima del hombro.",,227,16.2,Katiuscia · wXwzHFLHnXex5h3JPBXA · eleven_v3,,sem áudio,—,,—,completas,3D,,,ok,ok,,,,,pendente,sim,data/missoes_beata_promessa.json › passos[2] promessa_rezada › meta.resposta
missao.beata_promessa.arremate,428,6 · Favores dos moradores,"Depois da chegada, com afinidade Gente boa (grau 2) com Sá Joaquina, e depois de ""O chá da tosse"". E em Sá Joaquina.",Sá Joaquina,beata,Nota de fim (não falada),Fica no objetivo do HUD ao fim; a última resposta é a fala,A promessa de Sá Joaquina,,,,,,,"Você pisou a areia que Sá Joaquina não pisa há trinta anos e deixou na beira uma ostra, em nome dela. Ela rezou de costas pro mar. O mar sabe por quê.","You stepped on the sand Sá Joaquina hasn't stepped on in thirty years and left an oyster at the water's edge, in her name. She prayed with her back to the sea. The sea knows why.","Pisaste la arena que Sá Joaquina no pisa desde hace treinta años y dejaste en la orilla una ostra, en su nombre. Ella rezó de espaldas al mar. El mar sabe por qué.",,150,10.7,Katiuscia · wXwzHFLHnXex5h3JPBXA · eleven_v3,,—,—,,—,completas,3D,,,ok,ok,,,,,pendente,"sim (texto do HUD, sem voz)",data/missoes_beata_promessa.json › arremate
missao.lavadeira_rio.trancada,429,6 · Favores dos moradores,"Depois da chegada, com afinidade Gente boa (grau 2) com Sá Rita, e depois de ""Lenha para a fervura"". E em Sá Rita.",Sá Rita,lavadeira,Aviso de fila trancada,E no dono enquanto a fila espera o que ela pede,A água do rio grande,,,,,,,Do rio grande eu falo com quem já me trouxe lenha e já sentou na minha pedra. Volte.,About the great river I talk to those who've brought me firewood and already sat on my rock. Come back.,Del río grande hablo con quien ya me trajo leña y ya se sentó en mi piedra. Vuelve.,,84,6,Ana Alice · ORgG8rwdAiMYRug8RJwR · eleven_v3,,sem áudio,—,,—,completas,3D,,,ok,ok,,,,,pendente,sim,data/missoes_lavadeira_rio.json › trancada
missao.lavadeira_rio.rio_agua_pesada.anuncio,430,6 · Favores dos moradores,"Depois da chegada, com afinidade Gente boa (grau 2) com Sá Rita, e depois de ""Lenha para a fervura"". E em Sá Rita.",Sá Rita,lavadeira,Anúncio do passo,"Ao anunciar o passo (na vez dele, na fila de falas); o E no dono o repete",A água do rio grande,1/3 · rio_agua_pesada,Ouça Sá Rita sobre o rio grande,visita: chegar ao lugar,10 XP,casa_da_lavadeira,,"O rio grande, lá pro norte, eu não lavo. A água é bonita de longe, mas a roupa sai pesada, com cheiro de ferrugem, e o branco fica cor de barro velho. Tem coisa naquela água que não é terra. Vá até a ponte e olhe de cima, quando o sol bater. Depois me diga que cor você viu.","The great river, up north, I don't wash in. The water is pretty from afar, but the clothes come out heavy, smelling of rust, and the white turns the color of old mud. There's something in that water that isn't earth. Go to the bridge and look down, when the sun hits it. Then tell me what color you saw.","El río grande, allá al norte, no lavo en él. El agua es bonita de lejos, pero la ropa sale pesada, con olor a herrumbre, y el blanco queda color de barro viejo. Hay algo en esa agua que no es tierra. Ve hasta el puente y mira desde arriba, cuando pegue el sol. Después dime qué color viste.",,274,19.6,Ana Alice · ORgG8rwdAiMYRug8RJwR · eleven_v3,,sem áudio,—,,—,completas,3D,,,ok,ok,,,,,pendente,sim,data/missoes_lavadeira_rio.json › passos[0] rio_agua_pesada › texto
missao.lavadeira_rio.rio_ponte.anuncio,431,6 · Favores dos moradores,"Depois da chegada, com afinidade Gente boa (grau 2) com Sá Rita, e depois de ""Lenha para a fervura"". E em Sá Rita.",Sá Rita,lavadeira,Anúncio do passo,"Ao anunciar o passo (na vez dele, na fila de falas); o E no dono o repete",A água do rio grande,2/3 · rio_ponte,Vá à ponte do rio grande e olhe a água,visitar: ponte_do_rio_grande,10 XP,ponte_do_rio_grande,,"Da ponte do rio grande, olhe a água de cima.","From the great river's bridge, look down at the water.","Desde el puente del río grande, mira el agua desde arriba.",,44,3.1,Ana Alice · ORgG8rwdAiMYRug8RJwR · eleven_v3,,sem áudio,—,,—,completas,3D,,,ok,ok,,,,,pendente,sim,data/missoes_lavadeira_rio.json › passos[1] rio_ponte › texto
missao.lavadeira_rio.rio_de_volta.anuncio,432,6 · Favores dos moradores,"Depois da chegada, com afinidade Gente boa (grau 2) com Sá Rita, e depois de ""Lenha para a fervura"". E em Sá Rita.",Sá Rita,lavadeira,Anúncio do passo,"Ao anunciar o passo (na vez dele, na fila de falas); o E no dono o repete",A água do rio grande,3/3 · rio_de_volta,Diga a Sá Rita que cor viu na água,falar com Sá Rita (E),15 XP,casa_da_lavadeira,,Venha me contar a cor da água.,Come and tell me the color of the water.,Ven a contarme el color del agua.,,30,2.1,Ana Alice · ORgG8rwdAiMYRug8RJwR · eleven_v3,,sem áudio,—,,—,completas,3D,,,atenção,ok,"""Conte a Sá Rita a cor da água."" — dito pela própria Sá Rita.","""Venha me contar a cor da água.""",baixa,,corrigir,sim,data/missoes_lavadeira_rio.json › passos[2] rio_de_volta › texto
missao.lavadeira_rio.rio_de_volta.resposta,433,6 · Favores dos moradores,"Depois da chegada, com afinidade Gente boa (grau 2) com Sá Rita, e depois de ""Lenha para a fervura"". E em Sá Rita.",Sá Rita,lavadeira,Resposta do passo (E),E em Sá Rita,A água do rio grande,3/3 · rio_de_volta,Diga a Sá Rita que cor viu na água,falar com Sá Rita (E),15 XP,casa_da_lavadeira,,"Viu? Pode ser o sol, pode ser o barro — eu vejo vermelho de ferrugem, e a roupa não mente. Vem da fazenda, do outro lado. Minha avó dizia que o engenho lavava mais que açúcar naquela água, e que o rio não esqueceu. Por isso eu lavo no riacho, que é de Oxum e não guarda rancor. A sua roupa, eu continuo lavando aqui.","See? Could be the sun, could be the mud — I see rust red, and the clothes don't lie. It comes from the farm, on the other side. My grandmother said the sugar mill washed more than sugar in that water, and that the river hasn't forgotten. That's why I wash in the creek, which belongs to Oxum and holds no grudge. Your clothes, I keep washing here.","¿Viste? Puede ser el sol, puede ser el barro — yo veo rojo de herrumbre, y la ropa no miente. Viene de la hacienda, del otro lado. Mi abuela decía que el ingenio lavaba más que azúcar en esa agua, y que el río no lo olvidó. Por eso lavo en el arroyo, que es de Oxum y no guarda rencor. Tu ropa la sigo lavando aquí.",,316,22.6,Ana Alice · ORgG8rwdAiMYRug8RJwR · eleven_v3,,sem áudio,—,,—,completas,3D,,,atenção,ok,,,baixa,"""Vermelha de ferrugem, não é?"" — conferir no jogo se a água do rio grande aparece avermelhada; se não, o jogador ""viu"" o que não viu. Uma luz/cor na água perto da ponte fecharia a cena.",pendente,sim,data/missoes_lavadeira_rio.json › passos[2] rio_de_volta › meta.resposta
missao.lavadeira_rio.arremate,434,6 · Favores dos moradores,"Depois da chegada, com afinidade Gente boa (grau 2) com Sá Rita, e depois de ""Lenha para a fervura"". E em Sá Rita.",Sá Rita,lavadeira,Nota de fim (não falada),Fica no objetivo do HUD ao fim; a última resposta é a fala,A água do rio grande,,,,,,,"Sá Rita vê ferrugem na água do rio grande, que desce da fazenda, e por isso lava no riacho de Oxum. Você olhou a água de cima da ponte e ouviu a história.","Sá Rita sees rust in the water of the great river, which comes down from the farm, and that's why she washes in Oxum's creek. You looked at the water from the bridge and heard the story.","Sá Rita ve herrumbre en el agua del río grande, que baja de la hacienda, y por eso lava en el arroyo de Oxum. Miraste el agua desde el puente y escuchaste la historia.",,154,11,Ana Alice · ORgG8rwdAiMYRug8RJwR · eleven_v3,,—,—,,—,completas,3D,,,revisar (o texto mudou),revisar (o texto mudou),,,,,pendente,"sim (texto do HUD, sem voz)",data/missoes_lavadeira_rio.json › arremate
npc.pedro.falas_depois.1,435,7 · A qualquer hora,"Desde que a chegada começou: no E sem passo a repetir; depois do tutorial, é a conversa dele.",Pedro,pedro,Conversa (E),E no Pedro (alterna a cada conversa),,,,,,,,"Ê, meu amigo! A maré hoje tá mansa, boa pra rede. Se quiser aprender a pescar de vara, é só chegar no píer.","Hey, my friend! The tide is gentle today, good for the net. If you want to learn line fishing, just come by the pier.","¡Eh, amigo mío! La marea hoy está mansa, buena para la red. Si quieres aprender a pescar con caña, solo ven al muelle.",嘿，朋友！今天潮水平缓，正适合撒网。想学用钓竿钓鱼的话，来码头找我就行。,107,7.6,"Weverton - Youthful, Energetic and Clear · YbP0Eq5RE5uOoCEl7F3T · eleven_v3",assets/audio/vozes/pedro_depois_1.mp3,sim,não,"[cheerfully] Ê, meu amigo! A maré hoje tá mansa, boa pra rede. Se quiser aprender a pescar de vara, é só chegar no píer.",sim,completas,3D,,,ok,ok,,,,,pendente,sim,data/npcs_3d.json › guia.falas_depois[0]
npc.pedro.falas_depois.2,436,7 · A qualquer hora,"Desde que a chegada começou: no E sem passo a repetir; depois do tutorial, é a conversa dele.",Pedro,pedro,Conversa (E),E no Pedro (alterna a cada conversa),,,,,,,,"Já se acostumou com o arraial? Aqui o povo repara em tudo, mas quem trabalha direito logo vira de casa.","Getting used to the village yet? Folks here notice everything, but whoever works honestly soon becomes family.","¿Ya te acostumbraste al caserío? Aquí la gente se fija en todo, pero quien trabaja bien pronto es de casa.",在村里住惯了吗？这儿的人什么都看在眼里，不过肯踏实干活的人，很快就成自家人了。,103,7.4,"Weverton - Youthful, Energetic and Clear · YbP0Eq5RE5uOoCEl7F3T · eleven_v3",assets/audio/vozes/pedro_depois_2.mp3,sim,não,"[warmly] Já se acostumou com o arraial? Aqui o povo repara em tudo, mas quem trabalha direito logo vira de casa.",sim,completas,3D,,,ok,ok,,,,,pendente,sim,data/npcs_3d.json › guia.falas_depois[1]
npc.pedro.falas_depois.3,437,7 · A qualquer hora,"Desde que a chegada começou: no E sem passo a repetir; depois do tutorial, é a conversa dele.",Pedro,pedro,Conversa (E),E no Pedro (alterna a cada conversa),,,,,,,,De tardinha a praça enche. Tem garapa da Dona Candinha e prosa até o lampião acender.,Come late afternoon the square fills up. There's Dona Candinha's cane juice and talk until the lamps are lit.,Al caer la tarde la plaza se llena. Hay guarapo de doña Candinha y charla hasta que encienden el farol.,傍晚的广场可热闹了。有坎迪尼亚大妈的甘蔗汁，还能一直聊到灯笼点亮。,85,6.1,"Weverton - Youthful, Energetic and Clear · YbP0Eq5RE5uOoCEl7F3T · eleven_v3",assets/audio/vozes/pedro_depois_3.mp3,sim,não,,(sem texto de TTS guardado),completas,3D,,,ok,ok,,,,,pendente,sim,data/npcs_3d.json › guia.falas_depois[2]
npc.pedro.falas_depois.4,438,7 · A qualquer hora,"Desde que a chegada começou: no E sem passo a repetir; depois do tutorial, é a conversa dele.",Pedro,pedro,Conversa (E),E no Pedro (alterna a cada conversa),,,,,,,,O Tonho jura que o peixe grande só morde de madrugada. Eu acho é que ele gosta de acordar cedo pra contar vantagem.,Tonho swears the big fish only bite before dawn. I reckon he just likes getting up early to brag about it.,Tonho jura que el pez grande solo pica de madrugada. Yo creo que le gusta madrugar para presumir.,通尼奥赌咒说大鱼只在凌晨上钩。依我看，他是爱起大早，好回来吹牛。,115,8.2,"Weverton - Youthful, Energetic and Clear · YbP0Eq5RE5uOoCEl7F3T · eleven_v3",assets/audio/vozes/pedro_depois_4.mp3,sim,não,[mischievously] O Tonho jura que o peixe grande só morde de madrugada. Eu acho é que ele gosta de acordar cedo pra contar vantagem.,sim,completas,3D,,"(revisto: ""de madrugada"" é o costume do Tonho, não um cumprimento) cita a hora do dia (""de madrugada""), e a fala toca a qualquer hora",ok,ok,,,,,pendente,sim,data/npcs_3d.json › guia.falas_depois[3]
npc.pedro.falas_depois.5,439,7 · A qualquer hora,"Desde que a chegada começou: no E sem passo a repetir; depois do tutorial, é a conversa dele.",Pedro,pedro,Conversa (E),E no Pedro (alterna a cada conversa),,,,,,,,Cuidado na beira da baía quando a água escurece. Tem tubarão que entra atrás dos cardumes.,Careful at the edge of the bay when the water darkens. Sharks sometimes come in after the shoals.,Cuidado en la bahía cuando el agua se oscurece. A veces entran tiburones detrás de los cardúmenes.,海水发暗的时候，在海湾边上可得当心。有鲨鱼会追着鱼群游进来。,90,6.4,"Weverton - Youthful, Energetic and Clear · YbP0Eq5RE5uOoCEl7F3T · eleven_v3",assets/audio/vozes/pedro_depois_5.mp3,sim,não,[calm] Cuidado na beira da baía quando a água escurece. Tem tubarão que entra atrás dos cardumes.,sim,completas,3D,,,ok,ok,,,,,pendente,sim,data/npcs_3d.json › guia.falas_depois[4]
npc.pedro.falas_depois.6,440,7 · A qualquer hora,"Desde que a chegada começou: no E sem passo a repetir; depois do tutorial, é a conversa dele.",Pedro,pedro,Conversa (E),E no Pedro (alterna a cada conversa),,,,,,,,Dia catorze o saveiro do mestre Quirino encosta no píer. Quem tem piaçava pra vender não perde a viagem.,"On the fourteenth, Quirino's saveiro docks at the pier. Anyone with piassava to sell won't waste the trip.","El catorce, el saveiro de Quirino atraca en el muelle. Quien tenga piasava para vender no pierde el viaje.",十四号那天，基里诺船长的帆船会靠上码头。有棕榈纤维要卖的人，可别错过这趟船。,104,7.4,"Weverton - Youthful, Energetic and Clear · YbP0Eq5RE5uOoCEl7F3T · eleven_v3",assets/audio/vozes/pedro_depois_6.mp3,sim,não,,(sem texto de TTS guardado),completas,3D,,,ok,ok,,,,,pendente,sim,data/npcs_3d.json › guia.falas_depois[5]
npc.pedro.falas_depois.7,441,7 · A qualquer hora,"Desde que a chegada começou: no E sem passo a repetir; depois do tutorial, é a conversa dele.",Pedro,pedro,Conversa (E),E no Pedro (alterna a cada conversa),,,,,,,,"Se cansar, descansa. Ninguém aqui corre atrás do sol, que ele volta todo dia do mesmo jeito.","If you get tired, rest. Nobody here chases the sun; it comes back every day just the same.","Si te cansas, descansa. Aquí nadie corre detrás del sol, que vuelve todos los días igual.",累了就歇着。这儿没人追着太阳跑，它天天都照样回来。,92,6.6,"Weverton - Youthful, Energetic and Clear · YbP0Eq5RE5uOoCEl7F3T · eleven_v3",assets/audio/vozes/pedro_depois_7.mp3,sim,não,"[warmly] Se cansar, descansa. Ninguém aqui corre atrás do sol, que ele volta todo dia do mesmo jeito.",sim,completas,3D,,,ok,ok,,,,,pendente,sim,data/npcs_3d.json › guia.falas_depois[6]
npc.benedito.falas.1,442,7 · A qualquer hora,"Desde o primeiro encontro, a qualquer hora.",Seu Benedito,benedito,Conversa (E) e cumprimento,"E no morador; e, sem saudações próprias, também ao chegar perto (balão curto)",,,,,,,,"Ah, o moço da capital. Pode me chamar de Benedito, que aqui todo mundo chama assim.","Ah, the young man from the capital. You can call me Benedito, that's what everyone here calls me.","Ah, el muchacho de la capital. Puede llamarme Benedito, que aquí todos me llaman así.",啊，省城来的小伙子。叫我贝内迪托就行，这儿的人都这么叫我。,83,5.9,Manoel Lopes · zoe2cQFqDDW4DteHDEWI · eleven_v3,assets/audio/vozes/benedito_fala_1.mp3,sim,não,,(sem texto de TTS guardado),completas,3D,,"fala de quem acabou de chegar, e ela toca o jogo todo",atenção,atenção,"""Ah, o moço da capital. Pode me chamar de Benedito"" — apresentação de primeiro encontro numa lista de só três falas que alternam a cada conversa: ele se apresenta de novo a cada terceira vez, o jogo todo.","Separar as falas de primeiro encontro (tocam uma vez, como as do Pedro) ou reescrever: ""Ô, moço da capital! Já tá com cara de daqui.""",média,,corrigir,sim,data/npcs_3d.json › moradores[0] benedito › falas[0]
npc.benedito.falas.2,443,7 · A qualquer hora,"Desde o primeiro encontro, a qualquer hora.",Seu Benedito,benedito,Conversa (E) e cumprimento,"E no morador; e, sem saudações próprias, também ao chegar perto (balão curto)",,,,,,,,"Quarenta e duas safras nessa chapada, meu filho. A terra cansa, e a gente também.","Forty-two harvests on this plateau, my son. The land gets tired, and so do we.","Cuarenta y dos cosechas en esta meseta, hijo mío. La tierra se cansa, y nosotros también.",在这片高地上种了四十二季庄稼了，孩子。地会乏，人也会乏。,81,5.8,Manoel Lopes · zoe2cQFqDDW4DteHDEWI · eleven_v3,assets/audio/vozes/benedito_fala_2.mp3,sim,não,"[sighs] Quarenta e duas safras nessa chapada, meu filho. A terra cansa, e a gente também.",sim,completas,3D,,,ok,ok,,,,,pendente,sim,data/npcs_3d.json › moradores[0] benedito › falas[1]
npc.benedito.falas.3,444,7 · A qualquer hora,"Desde o primeiro encontro, a qualquer hora.",Seu Benedito,benedito,Conversa (E) e cumprimento,"E no morador; e, sem saudações próprias, também ao chegar perto (balão curto)",,,,,,,,Meu avô cortava pau do outro lado do rio. Um dia parou de ir. Nunca disse por quê.,My grandfather used to cut timber on the other side of the river. One day he stopped going. He never said why.,Mi abuelo cortaba madera al otro lado del río. Un día dejó de ir. Nunca dijo por qué.,我爷爷以前去河对岸砍木头。有一天他不去了，也从没说过为什么。,82,5.9,Manoel Lopes · zoe2cQFqDDW4DteHDEWI · eleven_v3,assets/audio/vozes/benedito_fala_3.mp3,sim,não,Meu avô cortava pau do outro lado do rio. [pause] Um dia parou de ir. Nunca disse por quê.,sim,completas,3D,,,ok,ok,,,,,pendente,sim,data/npcs_3d.json › moradores[0] benedito › falas[2]
npc.zefa.falas.1,445,7 · A qualquer hora,"Desde o primeiro encontro, a qualquer hora.",Dona Zefa,zefa,Conversa (E) e cumprimento,"E no morador; e, sem saudações próprias, também ao chegar perto (balão curto)",,,,,,,,"Chegou o da capital, né? O arraial todo já sabe. Se a febre pegar, é só vir aqui.","So the one from the capital has arrived, huh? The whole village already knows. If a fever takes hold, just come here.","Llegó el de la capital, ¿no? Todo el caserío ya lo sabe. Si te agarra la fiebre, solo ven aquí.",省城来的那位到了，是吧？全村都知道啦。要是发起烧来，只管上我这儿来。,81,5.8,Edna · FrCDCQwye0euHmliGxP9 · eleven_v3,assets/audio/vozes/zefa_fala_1.mp3,sim,não,"[warmly] Chegou o da capital, né? O arraial todo já sabe. Se a febre pegar, é só vir aqui.",sim,completas,3D,,"fala de quem acabou de chegar, e ela toca o jogo todo",atenção,atenção,"""Chegou o da capital, né? O arraial todo já sabe."" — primeiro encontro que repete o jogo todo (três falas só).","Primeiro encontro separado, ou: ""Febre, quebranto, dor de dente: é só vir aqui, meu filho.""",média,,corrigir,sim,data/npcs_3d.json › moradores[1] zefa › falas[0]
npc.zefa.falas.2,446,7 · A qualquer hora,"Desde o primeiro encontro, a qualquer hora.",Dona Zefa,zefa,Conversa (E) e cumprimento,"E no morador; e, sem saudações próprias, também ao chegar perto (balão curto)",,,,,,,,"Esse chão era da minha mãe. Vender, eu não vendo. Mas prosa, eu dou.","This ground was my mother's. Sell it, I won't. But conversation, that I give.","Este suelo era de mi madre. Vender, no lo vendo. Pero conversación, eso sí doy.",这块地是我娘留下的。卖，我是不卖的。不过闲话嘛，管够。,68,4.9,Edna · FrCDCQwye0euHmliGxP9 · eleven_v3,assets/audio/vozes/zefa_fala_2.mp3,sim,não,,(sem texto de TTS guardado),completas,3D,,,atenção,atenção,"""Esse chão era da minha mãe. Vender, eu não vendo."" — conversa sobre a terra dela, que no 2D se ganhava pela série das ervas ou por compra (MORADORES.md); no 3D não há terras.",Pode ficar como caracterização; decidir junto com as terras.,baixa,,corrigir,sim,data/npcs_3d.json › moradores[1] zefa › falas[1]
npc.zefa.falas.3,447,7 · A qualquer hora,"Desde o primeiro encontro, a qualquer hora.",Dona Zefa,zefa,Conversa (E) e cumprimento,"E no morador; e, sem saudações próprias, também ao chegar perto (balão curto)",,,,,,,,"Arruda, alecrim e um pouco de fé. O resto, meu filho, quem cura é Deus.","Rue, rosemary and a little faith. The rest, my son, is cured by God.","Ruda, romero y un poco de fe. Lo demás, hijo mío, lo cura Dios.",芸香、迷迭香，再加一点信心。剩下的，孩子，就是老天爷来医了。,71,5.1,Edna · FrCDCQwye0euHmliGxP9 · eleven_v3,assets/audio/vozes/zefa_fala_3.mp3,sim,não,,(sem texto de TTS guardado),completas,3D,,,ok,ok,,,,,pendente,sim,data/npcs_3d.json › moradores[1] zefa › falas[2]
npc.cosme.falas.1,448,7 · A qualquer hora,"Desde o primeiro encontro, a qualquer hora.",Cosme,cosme,Conversa (E) e cumprimento,"E no morador; e, sem saudações próprias, também ao chegar perto (balão curto)",,,,,,,,"Opa! Sou neto da Dona Zefa. Precisando de braço, é só chamar.","Hey! I'm Dona Zefa's grandson. If you need a hand, just call.","¡Opa! Soy nieto de doña Zefa. Si necesitas un brazo, solo llama.",嘿！我是泽法大妈的孙子。要是缺人手，喊我一声就行。,61,4.4,Matheus (Energetic) · NQmLEqxcRTkWYIYZSYod · eleven_v3,assets/audio/vozes/cosme_fala_1.mp3,sim,não,,(sem texto de TTS guardado),completas,3D,,,atenção,atenção,"""Opa! Sou neto da Dona Zefa."" — apresentação que repete o jogo todo.","Primeiro encontro separado, ou: ""Opa! Precisando de braço, é só chamar.""",baixa,,corrigir,sim,data/npcs_3d.json › moradores[2] cosme › falas[0]
npc.cosme.falas.2,449,7 · A qualquer hora,"Desde o primeiro encontro, a qualquer hora.",Cosme,cosme,Conversa (E) e cumprimento,"E no morador; e, sem saudações próprias, também ao chegar perto (balão curto)",,,,,,,,Vó diz que Salvador engole a gente. Eu digo que ainda vou ver com meus olhos.,Grandma says Salvador swallows people whole. I say I'll still see it with my own eyes.,La abuela dice que Salvador se come a la gente. Yo digo que todavía voy a verlo con mis propios ojos.,奶奶说萨尔瓦多那地方会把人吞掉。我偏说，我迟早要亲眼去瞧瞧。,77,5.5,Matheus (Energetic) · NQmLEqxcRTkWYIYZSYod · eleven_v3,assets/audio/vozes/cosme_fala_2.mp3,sim,não,[laughs] Vó diz que Salvador engole a gente. Eu digo que ainda vou ver com meus olhos.,sim,completas,3D,,,atenção,ok,"""Eu digo que ainda vou ver com meus olhos"" (Salvador) — depende da decisão sobre a partida do Cosme (fila da Zefa).",Conforme a decisão sobre o Cosme.,média,,corrigir,sim,data/npcs_3d.json › moradores[2] cosme › falas[1]
npc.cosme.falas.3,450,7 · A qualquer hora,"Desde o primeiro encontro, a qualquer hora.",Cosme,cosme,Conversa (E) e cumprimento,"E no morador; e, sem saudações próprias, também ao chegar perto (balão curto)",,,,,,,,"Pego na enxada desde menino. Mão calejada não mente, não.",I've held a hoe since I was a boy. Calloused hands don't lie.,Agarro la azada desde niño. Mano callosa no miente.,我从小就握锄头。手上的老茧可不会说谎。,57,4.1,Matheus (Energetic) · NQmLEqxcRTkWYIYZSYod · eleven_v3,assets/audio/vozes/cosme_fala_3.mp3,sim,não,,(sem texto de TTS guardado),completas,3D,,,ok,ok,,,,,pendente,sim,data/npcs_3d.json › moradores[2] cosme › falas[2]
npc.tonho.falas.1,451,7 · A qualquer hora,"Desde o primeiro encontro, a qualquer hora.",Tonho,tonho,Conversa (E) e cumprimento,"E no morador; e, sem saudações próprias, também ao chegar perto (balão curto)",,,,,,,,"Opa, tudo certo? Passa aqui de tarde, que a gente conversa com a rede no colo.","Hey, all good? Come by in the afternoon and we'll chat with the net on our laps.","Opa, ¿todo bien? Pásate por aquí por la tarde, que charlamos con la red en el regazo.",哟，一切都好吧？下午来我这儿坐坐，咱们抱着渔网聊聊天。,78,5.6,Matheus Santos · xWdpADtEio43ew1zGxUQ · eleven_v3,assets/audio/vozes/tonho_fala_1.mp3,sim,não,,(sem texto de TTS guardado),completas,3D,,,problema,ok,"""a gente conversa com a rede no colo"" — o Tonho não tem rede até o jogador levar as cordas da fila dele.","""Passa aqui de tarde, que a gente conversa com a linha na mão.""",média,,corrigir,sim,data/npcs_3d.json › moradores[3] tonho › falas[0]
npc.tonho.falas.2,452,7 · A qualquer hora,"Desde o primeiro encontro, a qualquer hora.",Tonho,tonho,Conversa (E) e cumprimento,"E no morador; e, sem saudações próprias, também ao chegar perto (balão curto)",,,,,,,,"Tô devendo no armazém, todo mundo sabe. Mas mãe ficou boa, e isso não tem preço.","I owe money at the store, everyone knows. But Mom got better, and that's priceless.","Debo en el almacén, todo el mundo lo sabe. Pero mamá se curó, y eso no tiene precio.",我在杂货铺欠着账，谁都知道。可我妈病好了，这可是花多少钱都换不来的。,80,5.7,Matheus Santos · xWdpADtEio43ew1zGxUQ · eleven_v3,assets/audio/vozes/tonho_fala_2.mp3,sim,não,,(sem texto de TTS guardado),completas,3D,,,atenção,atenção,"""Tô devendo no armazém, todo mundo sabe."" — continua tocando depois de a dívida zerar (fila do Tonho, ou o favor do Nicolau). Conversa não muda com o que o jogador fez.","Falas com condição (uma lista que vale até o evento, outra depois — como as falas_depois do Pedro), ou uma fala que não envelheça.",média,,corrigir,sim,data/npcs_3d.json › moradores[3] tonho › falas[1]
npc.tonho.falas.3,453,7 · A qualquer hora,"Desde o primeiro encontro, a qualquer hora.",Tonho,tonho,Conversa (E) e cumprimento,"E no morador; e, sem saudações próprias, também ao chegar perto (balão curto)",,,,,,,,"Vi uma luz parada no mato, de madrugada. Na altura do peito. Vaga-lume não era.",I saw a light standing still in the woods before dawn. At chest height. It wasn't a firefly.,"Vi una luz quieta en el monte, de madrugada. A la altura del pecho. Luciérnaga no era.",凌晨我在林子里看见一团不动的光，就在齐胸的高度。那可不是萤火虫。,79,5.6,Matheus Santos · xWdpADtEio43ew1zGxUQ · eleven_v3,assets/audio/vozes/tonho_fala_3.mp3,sim,não,"[whispers] Vi uma luz parada no mato, de madrugada. Na altura do peito. Vaga-lume não era.",sim,completas,3D,,"(revisto: ""de madrugada"" conta um fato passado, não cumprimenta: toca bem a qualquer hora) cita a hora do dia (""de madrugada""), e a fala toca a qualquer hora",ok,ok,,,,,pendente,sim,data/npcs_3d.json › moradores[3] tonho › falas[2]
npc.filo.falas.1,454,7 · A qualquer hora,"Desde o primeiro encontro, a qualquer hora.",Dona Filó,filo,Conversa (E) e cumprimento,"E no morador; e, sem saudações próprias, também ao chegar perto (balão curto)",,,,,,,,"Chega mais, meu filho. Daqui da porta eu vejo quem vem e quem vai pela estrada.","Come closer, my son. From this door I see who comes and who goes along the road.","Acércate, hijo mío. Desde esta puerta veo quién viene y quién va por el camino.",靠近些，孩子。从这扇门口，我能看见路上谁来谁往。,79,5.6,Lucinda · fs3nd19KF2GO2hLTzkBm · eleven_v3,assets/audio/vozes/filo_fala_1.mp3,sim,não,"[warmly] Chega mais, meu filho. Daqui da porta eu vejo quem vem e quem vai pela estrada.",sim,completas,3D,,,ok,ok,,,,,pendente,sim,data/npcs_3d.json › moradores[4] filo › falas[0]
npc.filo.falas.2,455,7 · A qualquer hora,"Desde o primeiro encontro, a qualquer hora.",Dona Filó,filo,Conversa (E) e cumprimento,"E no morador; e, sem saudações próprias, também ao chegar perto (balão curto)",,,,,,,,O Tonho acha que a dívida valeu a pena. Eu acho que não. A gente briga por isso toda semana.,Tonho thinks the debt was worth it. I don't. We fight about it every week.,Tonho cree que la deuda valió la pena. Yo creo que no. Peleamos por eso cada semana.,通尼奥觉得那笔债欠得值，我觉得不值。为这事，我们每个礼拜都要吵上一回。,92,6.6,Lucinda · fs3nd19KF2GO2hLTzkBm · eleven_v3,assets/audio/vozes/filo_fala_2.mp3,sim,não,[sighs] O Tonho acha que a dívida valeu a pena. Eu acho que não. A gente briga por isso toda semana.,sim,completas,3D,,,atenção,atenção,"""O Tonho acha que a dívida valeu a pena... A gente briga por isso toda semana."" — continua depois de a dívida zerar.",Como a do Tonho: fala com condição.,média,,corrigir,sim,data/npcs_3d.json › moradores[4] filo › falas[1]
npc.filo.falas.3,456,7 · A qualquer hora,"Desde o primeiro encontro, a qualquer hora.",Dona Filó,filo,Conversa (E) e cumprimento,"E no morador; e, sem saudações próprias, também ao chegar perto (balão curto)",,,,,,,,"Na minha idade a gente não corre mais atrás de nada. Espera, que a estrada traz.","At my age you no longer run after anything. You wait, and the road brings it.","A mi edad ya no se corre detrás de nada. Se espera, que el camino lo trae.",到了我这个岁数，就不再追着什么跑了。等着吧，路自会把它送来。,80,5.7,Lucinda · fs3nd19KF2GO2hLTzkBm · eleven_v3,assets/audio/vozes/filo_fala_3.mp3,sim,não,,(sem texto de TTS guardado),completas,3D,,,ok,ok,,,,,pendente,sim,data/npcs_3d.json › moradores[4] filo › falas[2]
npc.candinha.falas.1,457,7 · A qualquer hora,"Desde o primeiro encontro, a qualquer hora.",Dona Candinha,candinha,Conversa (E) e cumprimento,"E no morador; e, sem saudações próprias, também ao chegar perto (balão curto)",,,,,,,,"Garapa geladinha, moço? Vendo nessa praça desde antes de o senhor nascer.","Nice cold cane juice, young man? I've been selling in this square since before you were born.","¿Guarapo fresquito, muchacho? Vendo en esta plaza desde antes de que usted naciera.",来碗冰凉的甘蔗汁吧，小伙子？我在这广场上卖了多少年，你还没出生呢。,73,5.2,Raquel · CS2gH5fPqUCmkVNpHsy4 · eleven_v3,assets/audio/vozes/candinha_fala_1.mp3,sim,não,,(sem texto de TTS guardado),completas,3D,,,atenção,ok,"""Garapa geladinha"" — um arraial do Recôncavo em 1887 não tinha gelo.","""Garapa fresquinha, moço?""",baixa,,corrigir,sim,data/npcs_3d.json › moradores[5] candinha › falas[0]
npc.candinha.falas.2,458,7 · A qualquer hora,"Desde o primeiro encontro, a qualquer hora.",Dona Candinha,candinha,Conversa (E) e cumprimento,"E no morador; e, sem saudações próprias, também ao chegar perto (balão curto)",,,,,,,,"Quer saber das coisas do arraial? Senta aqui, que tudo passa por esta praça.","Want to know what goes on in the village? Sit down here, everything passes through this square.","¿Quieres saber las cosas del caserío? Siéntate aquí, que todo pasa por esta plaza.",想打听村里的事儿？坐这儿吧，什么事都要打这个广场上过。,76,5.4,Raquel · CS2gH5fPqUCmkVNpHsy4 · eleven_v3,assets/audio/vozes/candinha_fala_2.mp3,sim,não,,(sem texto de TTS guardado),completas,3D,,,ok,ok,,,,,pendente,sim,data/npcs_3d.json › moradores[5] candinha › falas[1]
npc.candinha.falas.3,459,7 · A qualquer hora,"Desde o primeiro encontro, a qualquer hora.",Dona Candinha,candinha,Conversa (E) e cumprimento,"E no morador; e, sem saudações próprias, também ao chegar perto (balão curto)",,,,,,,,Dizem que chegou convite da fazenda do outro lado do rio. Sem assinatura... sei não.,They say an invitation came from the farm across the river. No signature... I don't know.,Dicen que llegó una invitación de la hacienda al otro lado del río. Sin firma... no sé yo.,听说河对岸的庄园送来了请帖。没有署名……我心里可不踏实。,84,6,Raquel · CS2gH5fPqUCmkVNpHsy4 · eleven_v3,assets/audio/vozes/candinha_fala_3.mp3,sim,não,[whispers] Dizem que chegou convite da fazenda do outro lado do rio. Sem assinatura... sei não.,sim,completas,3D,,,problema,atenção,"""Dizem que chegou convite da fazenda"" — toca desde o dia 1, e o convite só chega na manhã do dia 2 (último passo da chegada); e continua depois da fazenda.","Fala com condição (do convite lido até o dia da fazenda), ou trocar por uma fala que não date.",média,,corrigir,sim,data/npcs_3d.json › moradores[5] candinha › falas[2]
npc.damiao.falas.1,460,7 · A qualquer hora,"Desde o primeiro encontro, a qualquer hora.",Damião,damiao,Conversa (E) e cumprimento,"E no morador; e, sem saudações próprias, também ao chegar perto (balão curto)",,,,,,,,"Sou o zelador daqui. Quem sobe o morro, sobe por alguém. Fique à vontade.",I'm the caretaker here. Whoever climbs the hill climbs for someone. Make yourself at home.,"Soy el cuidador de aquí. Quien sube el cerro, sube por alguien. Póngase cómodo.",我是这儿的看守人。谁上这座山，都是为了某个人。别拘束。,73,5.2,Matheus (Clear) · oArP4WehPe3qjqvCwHNo · eleven_v3,assets/audio/vozes/damiao_fala_1.mp3,sim,não,,(sem texto de TTS guardado),completas,3D,,,ok,ok,,,,,pendente,sim,data/npcs_3d.json › moradores[6] damiao › falas[0]
npc.damiao.falas.2,461,7 · A qualquer hora,"Desde o primeiro encontro, a qualquer hora.",Damião,damiao,Conversa (E) e cumprimento,"E no morador; e, sem saudações próprias, também ao chegar perto (balão curto)",,,,,,,,"O intendente me deu um papel com meu nome e mais nada. Nem foice, nem enxada.","The intendant gave me a paper with my name and nothing more. No scythe, no hoe.","El intendente me dio un papel con mi nombre y nada más. Ni hoz, ni azada.",镇长给了我一张写着我名字的纸，再没别的了。既没镰刀，也没锄头。,77,5.5,Matheus (Clear) · oArP4WehPe3qjqvCwHNo · eleven_v3,assets/audio/vozes/damiao_fala_2.mp3,sim,não,,(sem texto de TTS guardado),completas,3D,,,atenção,atenção,"""Nem foice, nem enxada."" — continua depois de o jogador encabar a foice dele.","Fala com condição, ou: ""O intendente me deu um papel com meu nome, e o resto eu arrumei.""",baixa,,corrigir,sim,data/npcs_3d.json › moradores[6] damiao › falas[1]
npc.damiao.falas.3,462,7 · A qualquer hora,"Desde o primeiro encontro, a qualquer hora.",Damião,damiao,Conversa (E) e cumprimento,"E no morador; e, sem saudações próprias, também ao chegar perto (balão curto)",,,,,,,,Mato de cemitério só sai na foice. E quem limpa não leva nada pra casa.,Cemetery weeds only come out with a scythe. And whoever clears them takes nothing home.,El monte del cementerio solo sale con hoz. Y quien lo limpia no se lleva nada a casa.,墓地里的杂草，只有镰刀才割得掉。而且干这活的人，什么也带不回家。,71,5.1,Matheus (Clear) · oArP4WehPe3qjqvCwHNo · eleven_v3,assets/audio/vozes/damiao_fala_3.mp3,sim,não,,(sem texto de TTS guardado),completas,3D,,,ok,ok,,,,,pendente,sim,data/npcs_3d.json › moradores[6] damiao › falas[2]
npc.quirino.falas.1,463,7 · A qualquer hora,"Desde o primeiro encontro, a qualquer hora.",Mestre Quirino,quirino,Conversa (E) e cumprimento,"E no morador; e, sem saudações próprias, também ao chegar perto (balão curto)",,,,,,,,"Mestre Quirino, do saveiro. Encosto aqui no dia catorze de cada estação: o que o arraial produziu no mês, eu levo pra Salvador.","Master Quirino, of the sailboat. I dock here on the fourteenth of every season: what the village produced that month, I take to Salvador.","Maestro Quirino, del velero. Atraco aquí el día catorce de cada estación: lo que el pueblo produjo en el mes, me lo llevo a Salvador.",我是帆船的基里诺船长。每个季节的十四号，我都会靠到这儿：村里这个月出产的东西，我都运去萨尔瓦多。,127,9.1,(sem voz definida),,sem áudio,—,,—,completas,3D,,quem fala não tem voz definida (npcs_3d.json),ok,ok,,,,,pendente,sim,data/npcs_3d.json › moradores[7] quirino › falas[0]
npc.quirino.falas.2,464,7 · A qualquer hora,"Desde o primeiro encontro, a qualquer hora.",Mestre Quirino,quirino,Conversa (E) e cumprimento,"E no morador; e, sem saudações próprias, também ao chegar perto (balão curto)",,,,,,,,"Piaçava é o que Salvador mais gasta: vassoura, corda de navio, cobertura de casa. Fibra comprida e bem seca, que eu pago bem.","Piassava is what Salvador uses up most: brooms, ship rope, roof thatch. Long, well-dried fiber, and I pay well.","La piasava es lo que Salvador más gasta: escoba, soga de barco, techo de casa. Fibra larga y bien seca, que pago bien.",萨尔瓦多最费的就是棕榈纤维：扫帚、船缆、房顶的盖草，样样都要。纤维要长、要晒得干透，我出的价钱不低。,125,8.9,(sem voz definida),,sem áudio,—,,—,completas,3D,,quem fala não tem voz definida (npcs_3d.json),ok,ok,,,,,pendente,sim,data/npcs_3d.json › moradores[7] quirino › falas[1]
npc.quirino.falas.3,465,7 · A qualquer hora,"Desde o primeiro encontro, a qualquer hora.",Mestre Quirino,quirino,Conversa (E) e cumprimento,"E no morador; e, sem saudações próprias, também ao chegar perto (balão curto)",,,,,,,,"Fui eu que trouxe você da capital, lembra? O mar estava manso. Hoje também.","I'm the one who brought you from the capital, remember? The sea was calm. It is today, too.","Fui yo quien te trajo de la capital, ¿te acuerdas? El mar estaba manso. Hoy también.",是我把你从省城带来的，记得吗？那天海面很平静，今天也一样。,75,5.4,(sem voz definida),,sem áudio,—,,—,completas,3D,,quem fala não tem voz definida (npcs_3d.json),ok,ok,,,,,pendente,sim,data/npcs_3d.json › moradores[7] quirino › falas[2]
npc.padre.saudacoes.1,466,7 · A qualquer hora,"Desde o primeiro encontro, a qualquer hora.",Padre Anselmo,padre,Saudação (aproximação),Chegar perto (o balão inteiro; a fala no aviso),,,,,,,,"A paz de Deus, meu filho.","God's peace be with you, my son.","La paz de Dios, hijo mío.",愿上帝的平安与你同在，孩子。,25,1.8,Borges · 9pDzHy2OpOgeXM8SeL0t · eleven_v3,assets/audio/vozes/padre_saudacao_1.mp3,sim,não,,(sem texto de TTS guardado),completas,3D,,,ok,ok,,,,,pendente,sim,data/npcs_3d.json › moradores[8] padre › saudacoes[0]
npc.padre.saudacoes.2,467,7 · A qualquer hora,"Desde o primeiro encontro, a qualquer hora.",Padre Anselmo,padre,Saudação (aproximação),Chegar perto (o balão inteiro; a fala no aviso),,,,,,,,Deus lhe abençoe e lhe guarde.,God bless you and keep you.,Que Dios te bendiga y te guarde.,愿上帝祝福你，保守你。,30,2.1,Borges · 9pDzHy2OpOgeXM8SeL0t · eleven_v3,assets/audio/vozes/padre_saudacao_2.mp3,sim,não,,(sem texto de TTS guardado),completas,3D,,,ok,ok,,,,,pendente,sim,data/npcs_3d.json › moradores[8] padre › saudacoes[1]
npc.padre.saudacoes.3,468,7 · A qualquer hora,"Desde o primeiro encontro, a qualquer hora.",Padre Anselmo,padre,Saudação (aproximação),Chegar perto (o balão inteiro; a fala no aviso),,,,,,,,"Entre sem pressa, a casa é de todos.",Come in without hurry; the house is everyone's.,"Entra sin prisa, la casa es de todos.",不用着急，进来吧，这里是大家的家。,36,2.6,Borges · 9pDzHy2OpOgeXM8SeL0t · eleven_v3,assets/audio/vozes/padre_saudacao_3.mp3,sim,não,,(sem texto de TTS guardado),completas,3D,,,ok,ok,,,,,pendente,sim,data/npcs_3d.json › moradores[8] padre › saudacoes[2]
npc.padre.saudacoes.4,469,7 · A qualquer hora,"Desde o primeiro encontro, a qualquer hora.",Padre Anselmo,padre,Saudação (aproximação),Chegar perto (o balão inteiro; a fala no aviso),,,,,,,,Que bom ver gente nova no arraial.,Good to see a new face in the village.,Qué bueno ver gente nueva en el caserío.,村里来了新人，真好。,34,2.4,Borges · 9pDzHy2OpOgeXM8SeL0t · eleven_v3,assets/audio/vozes/padre_saudacao_4.mp3,sim,não,,(sem texto de TTS guardado),completas,3D,,"fala de quem acabou de chegar, e ela toca o jogo todo",atenção,ok,"""Que bom ver gente nova no arraial."" — saudação de recém-chegado que repete o jogo todo.","""Que bom ver o senhor por aqui.""",baixa,,corrigir,sim,data/npcs_3d.json › moradores[8] padre › saudacoes[3]
npc.padre.falas.1,470,7 · A qualquer hora,"Desde o primeiro encontro, a qualquer hora.",Padre Anselmo,padre,Conversa (E),E no morador (alterna a cada conversa),,,,,,,,"Esta igreja tem mais de duzentos anos, meu filho. A cal descasca, mas a fé nunca precisou de reboco.","This church is over two hundred years old, my son. The whitewash peels, but faith never needed plaster.","Esta iglesia tiene más de doscientos años, hijo mío. La cal se descascara, pero la fe nunca necesitó revoque.",这座教堂有两百多年了，孩子。石灰会剥落，可信仰从来不用抹灰。,100,7.1,Borges · 9pDzHy2OpOgeXM8SeL0t · eleven_v3,assets/audio/vozes/padre_fala_1.mp3,sim,não,,(sem texto de TTS guardado),completas,3D,,,ok,ok,,,,,pendente,sim,data/npcs_3d.json › moradores[8] padre › falas[0]
npc.padre.falas.2,471,7 · A qualquer hora,"Desde o primeiro encontro, a qualquer hora.",Padre Anselmo,padre,Conversa (E),E no morador (alterna a cada conversa),,,,,,,,"O cemitério é da Santa Casa, e a Santa Casa mora longe. O mato, esse, mora aqui e cresce depressa.","The cemetery belongs to the Santa Casa, and the Santa Casa lives far away. The weeds live here and grow fast.","El cementerio es de la Santa Casa, y la Santa Casa vive lejos. La maleza vive aquí y crece rápido.",墓地归仁慈堂管，可仁慈堂远在天边。野草倒是就住在这儿，长得还快。,98,7,Borges · 9pDzHy2OpOgeXM8SeL0t · eleven_v3,assets/audio/vozes/padre_fala_2.mp3,sim,não,,(sem texto de TTS guardado),completas,3D,,,ok,ok,,,,,pendente,sim,data/npcs_3d.json › moradores[8] padre › falas[1]
npc.padre.falas.3,472,7 · A qualquer hora,"Desde o primeiro encontro, a qualquer hora.",Padre Anselmo,padre,Conversa (E),E no morador (alterna a cada conversa),,,,,,,,"Quando o sino toca ao entardecer, eu rezo a Ave-Maria no cruzeiro. Quem passa e para, reza comigo.",When the bell tolls at dusk I say the Hail Mary at the wayside cross. Whoever passes and stops prays with me.,"Cuando la campana toca al atardecer, rezo el Ave María en el crucero. Quien pasa y se detiene, reza conmigo.",傍晚钟声一响，我就在十字架前念圣母经。路过停下来的人，就和我一起念。,98,7,Borges · 9pDzHy2OpOgeXM8SeL0t · eleven_v3,assets/audio/vozes/padre_fala_3.mp3,sim,não,,(sem texto de TTS guardado),completas,3D,,,ok,ok,,,,,pendente,sim,data/npcs_3d.json › moradores[8] padre › falas[2]
npc.padre.falas.4,473,7 · A qualquer hora,"Desde o primeiro encontro, a qualquer hora.",Padre Anselmo,padre,Conversa (E),E no morador (alterna a cada conversa),,,,,,,,Cada um cuida da alma como aprendeu com os seus. Eu cuido da minha e rezo pela de todo mundo.,Each one tends the soul the way their people taught them. I tend mine and pray for everyone's.,Cada uno cuida el alma como aprendió de los suyos. Yo cuido la mía y rezo por la de todos.,每个人照料灵魂的法子，都是跟自家人学的。我照料我自己的，也为所有人祈祷。,93,6.6,Borges · 9pDzHy2OpOgeXM8SeL0t · eleven_v3,assets/audio/vozes/padre_fala_4.mp3,sim,não,,(sem texto de TTS guardado),completas,3D,,,ok,ok,,,,,pendente,sim,data/npcs_3d.json › moradores[8] padre › falas[3]
npc.padre.falas.5,474,7 · A qualquer hora,"Desde o primeiro encontro, a qualquer hora.",Padre Anselmo,padre,Conversa (E),E no morador (alterna a cada conversa),,,,,,,,"Remédio vem da botica, vem do quintal, vem da reza. De Deus vêm os três. É só o que eu digo.","Medicine comes from the apothecary, from the backyard, from prayer. All three come from God. That's all I say.","El remedio viene de la botica, del patio, del rezo. De Dios vienen los tres. Es todo lo que digo.",药来自药铺，来自后院，也来自祈祷。三样都是上帝所赐。我只说这么多。,92,6.6,Borges · 9pDzHy2OpOgeXM8SeL0t · eleven_v3,assets/audio/vozes/padre_fala_5.mp3,sim,não,,(sem texto de TTS guardado),completas,3D,,,ok,ok,,,,,pendente,sim,data/npcs_3d.json › moradores[8] padre › falas[4]
npc.padre.falas.6,475,7 · A qualquer hora,"Desde o primeiro encontro, a qualquer hora.",Padre Anselmo,padre,Conversa (E),E no morador (alterna a cada conversa),,,,,,,,Batizei muita criança e enterrei muito velho nesta freguesia. A gente aprende a falar baixo e ouvir muito.,I have baptized many children and buried many elders in this parish. One learns to speak softly and listen much.,He bautizado a muchos niños y enterrado a muchos viejos en esta parroquia. Uno aprende a hablar bajo y a escuchar mucho.,在这个教区，我给不少孩子施过洗，也送走了不少老人。人就这样学会了轻声说话、多听少讲。,106,7.6,Borges · 9pDzHy2OpOgeXM8SeL0t · eleven_v3,assets/audio/vozes/padre_fala_6.mp3,sim,não,,(sem texto de TTS guardado),completas,3D,,,ok,ok,,,,,pendente,sim,data/npcs_3d.json › moradores[8] padre › falas[5]
npc.padre.falas.7,476,7 · A qualquer hora,"Desde o primeiro encontro, a qualquer hora.",Padre Anselmo,padre,Conversa (E),E no morador (alterna a cada conversa),,,,,,,,"Convite sem assinatura eu não respondo. Quem convida de verdade assina, meu filho, e dá a cara.","I don't answer an unsigned invitation. Whoever truly invites signs, my son, and shows their face.","No respondo a una invitación sin firma. Quien invita de verdad firma, hijo mío, y da la cara.",没有署名的请帖，我是不回的。真心邀请的人会署上名字，孩子，会亮出自己的脸。,95,6.8,Borges · 9pDzHy2OpOgeXM8SeL0t · eleven_v3,assets/audio/vozes/padre_fala_7.mp3,sim,não,,(sem texto de TTS guardado),completas,3D,,,problema,atenção,"""Convite sem assinatura eu não respondo."" — toca antes de o convite chegar (dia 1) e depois da fazenda.",Como a da Dona Candinha: fala com condição.,média,,corrigir,sim,data/npcs_3d.json › moradores[8] padre › falas[6]
npc.padre.falas.8,477,7 · A qualquer hora,"Desde o primeiro encontro, a qualquer hora.",Padre Anselmo,padre,Conversa (E),E no morador (alterna a cada conversa),,,,,,,,"De manhã subo ao cemitério para benzer. Pouca gente sobe o morro, mas lá em cima também é freguesia.","In the morning I climb to the cemetery to bless it. Few people climb the hill, but up there is parish too.","Por la mañana subo al cementerio a bendecir. Poca gente sube el cerro, pero allá arriba también es parroquia.",早晨我上墓地去祝福亡者。上山的人不多，可山上也是我的教区。,100,7.1,Borges · 9pDzHy2OpOgeXM8SeL0t · eleven_v3,assets/audio/vozes/padre_fala_8.mp3,sim,não,,(sem texto de TTS guardado),completas,3D,,,ok,ok,,,,,pendente,sim,data/npcs_3d.json › moradores[8] padre › falas[7]
npc.padre.falas.9,478,7 · A qualquer hora,"Desde o primeiro encontro, a qualquer hora.",Padre Anselmo,padre,Conversa (E),E no morador (alterna a cada conversa),,,,,,,,O pavão da igreja já estava aqui quando eu cheguei. Ninguém sabe de quem foi. Aprendi a não perguntar e a dar milho.,"The church peacock was already here when I arrived. Nobody knows whose it was. I learned not to ask, and to give corn.",El pavo real de la iglesia ya estaba cuando llegué. Nadie sabe de quién fue. Aprendí a no preguntar y a dar maíz.,我来的时候，教堂的孔雀就已经在这儿了，没人知道它原来是谁的。我学会了不多问，只管喂玉米。,116,8.3,Borges · 9pDzHy2OpOgeXM8SeL0t · eleven_v3,assets/audio/vozes/padre_fala_9.mp3,sim,não,,(sem texto de TTS guardado),completas,3D,,,ok,ok,,,,,pendente,sim,data/npcs_3d.json › moradores[8] padre › falas[8]
npc.sacristao.saudacoes.1,479,7 · A qualquer hora,"Desde o primeiro encontro, a qualquer hora.",Sacristão Zacarias,sacristao,Saudação (aproximação),Chegar perto (o balão inteiro; a fala no aviso),,,,,,,,"Limpe os pés, moço, que acabei de varrer.","Wipe your feet, young man, I just swept.","Límpiate los pies, muchacho, que acabo de barrer.",小伙子，先擦擦脚，我刚扫过地。,41,2.9,River · SAz9YHcvj6GT2YYXdXww · eleven_v3,assets/audio/vozes/sacristao_saudacao_1.mp3,sim,não,,(sem texto de TTS guardado),completas,3D,,,ok,ok,,,,,pendente,sim,data/npcs_3d.json › moradores[9] sacristao › saudacoes[0]
npc.sacristao.saudacoes.2,480,7 · A qualquer hora,"Desde o primeiro encontro, a qualquer hora.",Sacristão Zacarias,sacristao,Saudação (aproximação),Chegar perto (o balão inteiro; a fala no aviso),,,,,,,,"Igreja tem ouvido, moço. Fale baixo.","Churches have ears, young man. Speak softly.","Las iglesias tienen oídos, muchacho. Habla bajo.",教堂里有耳朵听着呢，小伙子，小声点。,36,2.6,River · SAz9YHcvj6GT2YYXdXww · eleven_v3,assets/audio/vozes/sacristao_saudacao_2.mp3,sim,não,,(sem texto de TTS guardado),completas,3D,,,ok,ok,,,,,pendente,sim,data/npcs_3d.json › moradores[9] sacristao › saudacoes[1]
npc.sacristao.saudacoes.3,481,7 · A qualquer hora,"Desde o primeiro encontro, a qualquer hora.",Sacristão Zacarias,sacristao,Saudação (aproximação),Chegar perto (o balão inteiro; a fala no aviso),,,,,,,,"Não mexa nas velas, hein? Deus lhe guarde.","Don't touch the candles, eh? God keep you.","No toques las velas, ¿eh? Dios te guarde.",蜡烛可别乱碰，听见没？上帝保佑你。,42,3,River · SAz9YHcvj6GT2YYXdXww · eleven_v3,assets/audio/vozes/sacristao_saudacao_3.mp3,sim,não,,(sem texto de TTS guardado),completas,3D,,,ok,ok,,,,,pendente,sim,data/npcs_3d.json › moradores[9] sacristao › saudacoes[2]
npc.sacristao.saudacoes.4,482,7 · A qualquer hora,"Desde o primeiro encontro, a qualquer hora.",Sacristão Zacarias,sacristao,Saudação (aproximação),Chegar perto (o balão inteiro; a fala no aviso),,,,,,,,Veio rezar? A porta está aberta.,Here to pray? The door is open.,¿Vienes a rezar? La puerta está abierta.,是来祈祷的吧？门开着呢。,32,2.3,River · SAz9YHcvj6GT2YYXdXww · eleven_v3,assets/audio/vozes/sacristao_saudacao_4.mp3,sim,não,,(sem texto de TTS guardado),completas,3D,,,ok,ok,,,,,pendente,sim,data/npcs_3d.json › moradores[9] sacristao › saudacoes[3]
npc.sacristao.saudacoes_noite.1,483,7 · A qualquer hora,"À noite (das 18h48 à meia-noite), somada às de sempre.",Sacristão Zacarias,sacristao,Saudação da noite,"Chegar perto, de noite",,,,,,,,"Já vou trancar a porta, moço. Chegue cedo amanhã.","I'm about to lock the door, young man. Come early tomorrow.","Ya voy a cerrar la puerta, muchacho. Llega temprano mañana.",我这就要锁门了，小伙子，明天早点来。,49,3.5,River · SAz9YHcvj6GT2YYXdXww · eleven_v3,assets/audio/vozes/sacristao_saudacao_noite_1.mp3,sim,não,"[calm] Já vou trancar a porta, moço. Chegue cedo amanhã.",sim,completas,3D,,,ok,ok,,,,,pendente,sim,data/npcs_3d.json › moradores[9] sacristao › saudacoes_noite[0]
npc.sacristao.falas.1,484,7 · A qualquer hora,"Desde o primeiro encontro, a qualquer hora.",Sacristão Zacarias,sacristao,Conversa (E),E no morador (alterna a cada conversa),,,,,,,,"Varro a igreja com piaçava, que é fibra boa e dura anos. Mas a poeira, moço, a poeira volta toda manhã.","I sweep the church with piassava, good fiber that lasts years. But the dust, young man, the dust comes back every morning.","Barro la iglesia con piasava, buena fibra que dura años. Pero el polvo, muchacho, el polvo vuelve cada mañana.",我用棕榈纤维的扫帚扫教堂，这纤维结实，能用好几年。可是灰尘啊，小伙子，灰尘每天早上都会回来。,103,7.4,River · SAz9YHcvj6GT2YYXdXww · eleven_v3,assets/audio/vozes/sacristao_fala_1.mp3,sim,não,,(sem texto de TTS guardado),completas,3D,,,ok,ok,,,,,pendente,sim,data/npcs_3d.json › moradores[9] sacristao › falas[0]
npc.sacristao.falas.2,485,7 · A qualquer hora,"Desde o primeiro encontro, a qualquer hora.",Sacristão Zacarias,sacristao,Conversa (E),E no morador (alterna a cada conversa),,,,,,,,"Tenho a chave da igreja, a do sino e a da sacristia. Três chaves, e o padre ainda pergunta onde elas estão.","I keep the church key, the bell key and the vestry key. Three keys, and the priest still asks where they are.","Tengo la llave de la iglesia, la de la campana y la de la sacristía. Tres llaves, y el cura aún pregunta dónde están.",教堂的钥匙、钟楼的钥匙、圣器室的钥匙，都在我这儿。三把钥匙，神父还老问我它们在哪儿。,107,7.6,River · SAz9YHcvj6GT2YYXdXww · eleven_v3,assets/audio/vozes/sacristao_fala_2.mp3,sim,não,,(sem texto de TTS guardado),completas,3D,,,ok,ok,,,,,pendente,sim,data/npcs_3d.json › moradores[9] sacristao › falas[1]
npc.sacristao.falas.3,486,7 · A qualquer hora,"Desde o primeiro encontro, a qualquer hora.",Sacristão Zacarias,sacristao,Conversa (E),E no morador (alterna a cada conversa),,,,,,,,"O sino tem uma rachadura fina, mas ainda dá o recado. Quem escuta direito sabe se é missa ou é morte.","The bell has a thin crack, but it still delivers the message. Whoever listens well knows if it's Mass or a death.","La campana tiene una grieta fina, pero aún da el aviso. Quien escucha bien sabe si es misa o es muerte.",钟上有一道细裂纹，可还能把话带到。听得仔细的人，一听就知道是做弥撒，还是死了人。,101,7.2,River · SAz9YHcvj6GT2YYXdXww · eleven_v3,assets/audio/vozes/sacristao_fala_3.mp3,sim,não,,(sem texto de TTS guardado),completas,3D,,,ok,ok,,,,,pendente,sim,data/npcs_3d.json › moradores[9] sacristao › falas[2]
npc.sacristao.falas.4,487,7 · A qualquer hora,"Desde o primeiro encontro, a qualquer hora.",Sacristão Zacarias,sacristao,Conversa (E),E no morador (alterna a cada conversa),,,,,,,,"À tarde vou capinar o cemitério. O Damião capina também, só que sem foice. O mato ganha de nós dois.","In the afternoon I go weed the cemetery. Damião weeds too, only without a scythe. The weeds beat us both.","Por la tarde voy a desmalezar el cementerio. Damião también, solo que sin hoz. La maleza nos gana a los dos.",下午我要去墓地除草。达米昂也在除，只是他连镰刀都没有。野草把我们俩都赢了。,100,7.1,River · SAz9YHcvj6GT2YYXdXww · eleven_v3,assets/audio/vozes/sacristao_fala_4.mp3,sim,não,"[sighs] À tarde vou capinar o cemitério. O Damião capina também, só que sem foice. O mato ganha de nós dois.",sim,completas,3D,,,atenção,atenção,"""O Damião capina também, só que sem foice."" — continua depois de a foice do Damião existir.","Fala com condição, ou: ""O Damião capina também. O mato ganha de nós dois.""",baixa,,corrigir,sim,data/npcs_3d.json › moradores[9] sacristao › falas[3]
npc.sacristao.falas.5,488,7 · A qualquer hora,"Desde o primeiro encontro, a qualquer hora.",Sacristão Zacarias,sacristao,Conversa (E),E no morador (alterna a cada conversa),,,,,,,,O pavão da igreja come mais milho que muito cristão. E ainda reclama quando atrasa.,The church peacock eats more corn than many a Christian. And complains when it's late.,El pavo real de la iglesia come más maíz que muchos cristianos. Y protesta cuando se atrasa.,教堂的孔雀吃的玉米，比不少教友还多。要是晚了点，它还要叫唤。,83,5.9,River · SAz9YHcvj6GT2YYXdXww · eleven_v3,assets/audio/vozes/sacristao_fala_5.mp3,sim,não,,(sem texto de TTS guardado),completas,3D,,,ok,ok,,,,,pendente,sim,data/npcs_3d.json › moradores[9] sacristao › falas[4]
npc.sacristao.falas.6,489,7 · A qualquer hora,"Desde o primeiro encontro, a qualquer hora.",Sacristão Zacarias,sacristao,Conversa (E),E no morador (alterna a cada conversa),,,,,,,,"Vela de cera é cara. Eu apago as que sobram, e o padre finge que não vê.","Wax candles are expensive. I snuff out the spare ones, and the priest pretends not to see.","Las velas de cera son caras. Apago las que sobran, y el cura finge que no ve.",蜡烛贵得很。我把用不完的吹灭，神父就装作没看见。,72,5.1,River · SAz9YHcvj6GT2YYXdXww · eleven_v3,assets/audio/vozes/sacristao_fala_6.mp3,sim,não,"[mischievously] Vela de cera é cara. Eu apago as que sobram, e o padre finge que não vê.",sim,completas,3D,,,ok,ok,,,,,pendente,sim,data/npcs_3d.json › moradores[9] sacristao › falas[5]
npc.sacristao.falas.7,490,7 · A qualquer hora,"Desde o primeiro encontro, a qualquer hora.",Sacristão Zacarias,sacristao,Conversa (E),E no morador (alterna a cada conversa),,,,,,,,Quando chove tem goteira bem em cima do padre. Ele diz que é bênção. Eu chamo de telha fora do lugar.,When it rains there's a leak right over the priest. He says it's a blessing. I call it a tile out of place.,Cuando llueve hay una gotera justo sobre el cura. Él dice que es bendición. Yo lo llamo teja fuera de lugar.,下雨的时候，漏水正好滴在神父头上。他说那是祝福，我管它叫瓦片掉了位。,101,7.2,River · SAz9YHcvj6GT2YYXdXww · eleven_v3,assets/audio/vozes/sacristao_fala_7.mp3,sim,não,[sarcastic] Quando chove tem goteira bem em cima do padre. Ele diz que é bênção. Eu chamo de telha fora do lugar.,sim,completas,3D,,,ok,ok,,,,,pendente,sim,data/npcs_3d.json › moradores[9] sacristao › falas[6]
npc.sacristao.falas.8,491,7 · A qualquer hora,"Desde o primeiro encontro, a qualquer hora.",Sacristão Zacarias,sacristao,Conversa (E),E no morador (alterna a cada conversa),,,,,,,,"Divido a casa com a Sá Joaquina. Quando eu acordo, ela já rezou o terço duas vezes.","I share the house with Sá Joaquina. By the time I wake, she has already prayed the rosary twice.","Comparto la casa con Sá Joaquina. Cuando despierto, ella ya rezó el rosario dos veces.",我和若阿金娜婆婆合住一间屋。我一睁眼，她已经念了两遍念珠了。,83,5.9,River · SAz9YHcvj6GT2YYXdXww · eleven_v3,assets/audio/vozes/sacristao_fala_8.mp3,sim,não,,(sem texto de TTS guardado),completas,3D,,,ok,ok,,,,,pendente,sim,data/npcs_3d.json › moradores[9] sacristao › falas[7]
npc.sacristao.falas_noite.1,492,7 · A qualquer hora,"À noite (das 18h48 à meia-noite), somada às de sempre.",Sacristão Zacarias,sacristao,Conversa da noite (E),"E no morador, de noite",,,,,,,,De noite a igreja respira diferente. Eu só vou tranquilo pra casa depois de conferir cada vela.,At night the church breathes differently. I only go home at ease after checking every candle.,De noche la iglesia respira distinto. Solo me voy tranquilo a casa después de revisar cada vela.,夜里的教堂，呼吸都不一样。我得把每一支蜡烛都查看一遍，才能放心回家。,95,6.8,River · SAz9YHcvj6GT2YYXdXww · eleven_v3,assets/audio/vozes/sacristao_fala_noite_1.mp3,sim,não,[whispers] De noite a igreja respira diferente. Eu só vou tranquilo pra casa depois de conferir cada vela.,sim,completas,3D,,,ok,ok,,,,,pendente,sim,data/npcs_3d.json › moradores[9] sacristao › falas_noite[0]
npc.beata.saudacoes.1,493,7 · A qualquer hora,"Desde o primeiro encontro, a qualquer hora.",Sá Joaquina,beata,Saudação (aproximação),Chegar perto (o balão inteiro; a fala no aviso),,,,,,,,Louvado seja Nosso Senhor Jesus Cristo!,Praised be Our Lord Jesus Christ!,¡Alabado sea Nuestro Señor Jesucristo!,赞美我们的主耶稣基督！,39,2.8,Katiuscia · wXwzHFLHnXex5h3JPBXA · eleven_v3,assets/audio/vozes/beata_saudacao_1.mp3,sim,não,,(sem texto de TTS guardado),completas,3D,,,ok,ok,,,,,pendente,sim,data/npcs_3d.json › moradores[10] beata › saudacoes[0]
npc.beata.saudacoes.2,494,7 · A qualquer hora,"Desde o primeiro encontro, a qualquer hora.",Sá Joaquina,beata,Saudação (aproximação),Chegar perto (o balão inteiro; a fala no aviso),,,,,,,,"Deus lhe dê juízo e saúde, meu filho.","God grant you sense and health, my son.","Dios te dé juicio y salud, hijo mío.",愿上帝赐你头脑清醒、身体健康，孩子。,37,2.6,Katiuscia · wXwzHFLHnXex5h3JPBXA · eleven_v3,assets/audio/vozes/beata_saudacao_2.mp3,sim,não,,(sem texto de TTS guardado),completas,3D,,,ok,ok,,,,,pendente,sim,data/npcs_3d.json › moradores[10] beata › saudacoes[1]
npc.beata.saudacoes.3,495,7 · A qualquer hora,"Desde o primeiro encontro, a qualquer hora.",Sá Joaquina,beata,Saudação (aproximação),Chegar perto (o balão inteiro; a fala no aviso),,,,,,,,"Eita, quem é vivo sempre aparece!","Well, well, the living always show up!","¡Vaya, el que está vivo siempre aparece!",哎哟，活着的人总有露面的时候！,33,2.4,Katiuscia · wXwzHFLHnXex5h3JPBXA · eleven_v3,assets/audio/vozes/beata_saudacao_3.mp3,sim,não,"[cheerfully] Eita, quem é vivo sempre aparece!",sim,completas,3D,,,ok,ok,,,,,pendente,sim,data/npcs_3d.json › moradores[10] beata › saudacoes[2]
npc.beata.saudacoes.4,496,7 · A qualquer hora,"Desde o primeiro encontro, a qualquer hora.",Sá Joaquina,beata,Saudação (aproximação),Chegar perto (o balão inteiro; a fala no aviso),,,,,,,,"Chegue aqui, moço, que o terço pode esperar.","Come here, young man, the rosary can wait.","Ven aquí, muchacho, que el rosario puede esperar.",过来，小伙子，念珠可以先等一等。,44,3.1,Katiuscia · wXwzHFLHnXex5h3JPBXA · eleven_v3,assets/audio/vozes/beata_saudacao_4.mp3,sim,não,,(sem texto de TTS guardado),completas,3D,,,ok,ok,,,,,pendente,sim,data/npcs_3d.json › moradores[10] beata › saudacoes[3]
npc.beata.falas.1,497,7 · A qualquer hora,"Desde o primeiro encontro, a qualquer hora.",Sá Joaquina,beata,Conversa (E),E no morador (alterna a cada conversa),,,,,,,,Rezo o terço três vezes ao dia e mesmo assim sei de tudo que acontece no arraial. Deus dá o ouvido que a gente merece.,I pray the rosary three times a day and still I know everything that happens in the village. God gives the ears we deserve.,Rezo el rosario tres veces al día y aun así sé todo lo que pasa en el caserío. Dios da los oídos que uno merece.,我一天念三遍念珠，村里发生的事我还是样样都知道。上帝给每个人什么样的耳朵，那是各人该得的。,118,8.4,Katiuscia · wXwzHFLHnXex5h3JPBXA · eleven_v3,assets/audio/vozes/beata_fala_1.mp3,sim,não,,(sem texto de TTS guardado),completas,3D,,,ok,ok,,,,,pendente,sim,data/npcs_3d.json › moradores[10] beata › falas[0]
npc.beata.falas.2,498,7 · A qualquer hora,"Desde o primeiro encontro, a qualquer hora.",Sá Joaquina,beata,Conversa (E),E no morador (alterna a cada conversa),,,,,,,,"Dona Candinha acha que a praça é dela. Mas o que passa pela praça passa primeiro por mim, na saída da missa.","Dona Candinha thinks the square is hers. But what passes through the square passes first through me, after Mass.","Doña Candinha cree que la plaza es suya. Pero lo que pasa por la plaza pasa primero por mí, a la salida de misa.",坎迪尼亚大妈以为广场是她的。可是广场上的消息，在弥撒散场时早就先经过我这儿了。,108,7.7,Katiuscia · wXwzHFLHnXex5h3JPBXA · eleven_v3,assets/audio/vozes/beata_fala_2.mp3,sim,não,,(sem texto de TTS guardado),completas,3D,,,ok,ok,,,,,pendente,sim,data/npcs_3d.json › moradores[10] beata › falas[1]
npc.beata.falas.3,499,7 · A qualquer hora,"Desde o primeiro encontro, a qualquer hora.",Sá Joaquina,beata,Conversa (E),E no morador (alterna a cada conversa),,,,,,,,"Luz parada no mato, de madrugada? É alma pedindo reza, meu filho. Eu rezo, mas não vou lá perguntar o nome.","A light standing still in the woods before dawn? A soul asking for prayer, my son. I pray, but I won't go ask its name.","¿Una luz quieta en el monte, de madrugada? Es un alma pidiendo rezo, hijo mío. Rezo, pero no voy a preguntarle el nombre.",凌晨林子里有一团不动的光？那是亡魂在求人为它祈祷，孩子。我会为它念经，可不会过去问它叫什么。,107,7.6,Katiuscia · wXwzHFLHnXex5h3JPBXA · eleven_v3,assets/audio/vozes/beata_fala_3.mp3,sim,não,"[whispers] Luz parada no mato, de madrugada? É alma pedindo reza, meu filho. Eu rezo, mas não vou lá perguntar o nome.",sim,completas,3D,,"(revisto: ""de madrugada"" fala da luz que os outros viram, não da hora em que ela fala) cita a hora do dia (""de madrugada""), e a fala toca a qualquer hora",ok,ok,,,,,pendente,sim,data/npcs_3d.json › moradores[10] beata › falas[2]
npc.beata.falas.4,500,7 · A qualquer hora,"Desde o primeiro encontro, a qualquer hora.",Sá Joaquina,beata,Conversa (E),E no morador (alterna a cada conversa),,,,,,,,"Olho o poço todo dia de manhã. Poço velho tem fundo que a gente não vê, e fundo sempre tem o que contar.","I look into the well every morning. An old well has a depth you can't see, and depths always have a story.","Miro el pozo todas las mañanas. Un pozo viejo tiene un fondo que no se ve, y los fondos siempre tienen algo que contar.",我每天早上都去看一眼那口井。老井有看不见的深处，而深处总有故事可讲。,104,7.4,Katiuscia · wXwzHFLHnXex5h3JPBXA · eleven_v3,assets/audio/vozes/beata_fala_4.mp3,sim,não,,(sem texto de TTS guardado),completas,3D,,,ok,ok,,,,,pendente,sim,data/npcs_3d.json › moradores[10] beata › falas[3]
npc.beata.falas.5,501,7 · A qualquer hora,"Desde o primeiro encontro, a qualquer hora.",Sá Joaquina,beata,Conversa (E),E no morador (alterna a cada conversa),,,,,,,,"O Padre Anselmo é um santo. Só fala baixo demais, e quem tem o ouvido cansado como o meu perde a metade do sermão.","Padre Anselmo is a saint. He just speaks too softly, and ears as tired as mine lose half the sermon.","El padre Anselmo es un santo. Solo habla demasiado bajo, y unos oídos cansados como los míos pierden la mitad del sermón.",安塞尔莫神父是个圣人，就是说话太轻了，像我这种耳朵不灵的，布道要漏掉一半。,114,8.1,Katiuscia · wXwzHFLHnXex5h3JPBXA · eleven_v3,assets/audio/vozes/beata_fala_5.mp3,sim,não,,(sem texto de TTS guardado),completas,3D,,,ok,ok,,,,,pendente,sim,data/npcs_3d.json › moradores[10] beata › falas[4]
npc.beata.falas.6,502,7 · A qualquer hora,"Desde o primeiro encontro, a qualquer hora.",Sá Joaquina,beata,Conversa (E),E no morador (alterna a cada conversa),,,,,,,,"Divido o teto com o Zacarias, que tem a chave de tudo e a paciência de nada.","I share a roof with Zacarias, who has the key to everything and the patience for nothing.","Comparto el techo con Zacarias, que tiene la llave de todo y la paciencia de nada.",我和扎卡里亚斯同住一个屋檐下，他什么钥匙都有，就是一点耐心都没有。,76,5.4,Katiuscia · wXwzHFLHnXex5h3JPBXA · eleven_v3,assets/audio/vozes/beata_fala_6.mp3,sim,não,"[sighs] Divido o teto com o Zacarias, que tem a chave de tudo e a paciência de nada.",sim,completas,3D,,,ok,ok,,,,,pendente,sim,data/npcs_3d.json › moradores[10] beata › falas[5]
npc.beata.falas.7,503,7 · A qualquer hora,"Desde o primeiro encontro, a qualquer hora.",Sá Joaquina,beata,Conversa (E),E no morador (alterna a cada conversa),,,,,,,,Quem vem de fora sempre acha que aqui não acontece nada. Mal sabe que a gente só conta o que acontece depois da missa.,Outsiders always think nothing happens here. They don't know we only tell what happens after Mass.,Los de afuera siempre creen que aquí no pasa nada. No saben que aquí solo se cuenta lo que pasa después de misa.,外乡人总觉得这儿什么事也不发生。他们哪知道，我们只是等弥撒结束后才把事情说出来。,118,8.4,Katiuscia · wXwzHFLHnXex5h3JPBXA · eleven_v3,assets/audio/vozes/beata_fala_7.mp3,sim,não,[mischievously] Quem vem de fora sempre acha que aqui não acontece nada. Mal sabe que a gente só conta o que acontece depois da missa.,sim,completas,3D,,,ok,ok,,,,,pendente,sim,data/npcs_3d.json › moradores[10] beata › falas[6]
npc.beata.falas.8,504,7 · A qualquer hora,"Desde o primeiro encontro, a qualquer hora.",Sá Joaquina,beata,Conversa (E),E no morador (alterna a cada conversa),,,,,,,,"No cruzeiro, ao fim da tarde, a gente reza por quem está no mar. Em Bom Jesus, todo mundo tem alguém lá.","At the wayside cross, at day's end, we pray for those at sea. In Bom Jesus, everyone has someone out there.","En el crucero, al final de la tarde, rezamos por quien está en el mar. En Bom Jesus todos tienen a alguien allá.",傍晚在十字架前，我们为海上的人祈祷。在邦热苏斯，家家户户都有人在海上。,104,7.4,Katiuscia · wXwzHFLHnXex5h3JPBXA · eleven_v3,assets/audio/vozes/beata_fala_8.mp3,sim,não,,(sem texto de TTS guardado),completas,3D,,,ok,ok,,,,,pendente,sim,data/npcs_3d.json › moradores[10] beata › falas[7]
npc.mercador.saudacoes.1,505,7 · A qualquer hora,"Desde o primeiro encontro, a qualquer hora.",Seu Nicolau,mercador,Saudação (aproximação),Chegar perto (o balão inteiro; a fala no aviso),,,,,,,,"Entre, freguês, que a venda está aberta.","Come in, customer, the shop is open.","Pase, cliente, que la venta está abierta.",进来吧，客人，铺子开着呢。,40,2.9,Chris · iP95p4xoKVk53GoZ742B · eleven_v3,assets/audio/vozes/mercador_saudacao_1.mp3,sim,não,,(sem texto de TTS guardado),completas,3D,,,ok,ok,,,,,pendente,sim,data/npcs_3d.json › moradores[11] mercador › saudacoes[0]
npc.mercador.saudacoes.2,506,7 · A qualquer hora,"Desde o primeiro encontro, a qualquer hora.",Seu Nicolau,mercador,Saudação (aproximação),Chegar perto (o balão inteiro; a fala no aviso),,,,,,,,"Precisando de alguma coisa, é só pedir.",Need something? Just ask.,¿Necesitas algo? Solo pide.,需要什么，开口就行。,39,2.8,Chris · iP95p4xoKVk53GoZ742B · eleven_v3,assets/audio/vozes/mercador_saudacao_2.mp3,sim,não,,(sem texto de TTS guardado),completas,3D,,,ok,ok,,,,,pendente,sim,data/npcs_3d.json › moradores[11] mercador › saudacoes[1]
npc.mercador.saudacoes.3,507,7 · A qualquer hora,"Desde o primeiro encontro, a qualquer hora.",Seu Nicolau,mercador,Saudação (aproximação),Chegar perto (o balão inteiro; a fala no aviso),,,,,,,,"Pode olhar à vontade, olhar não cobra.","Look all you like, looking is free.","Mira cuanto quieras, mirar no cuesta.",随便看，看是不要钱的。,38,2.7,Chris · iP95p4xoKVk53GoZ742B · eleven_v3,assets/audio/vozes/mercador_saudacao_3.mp3,sim,não,,(sem texto de TTS guardado),completas,3D,,,ok,ok,,,,,pendente,sim,data/npcs_3d.json › moradores[11] mercador › saudacoes[2]
npc.mercador.saudacoes.4,508,7 · A qualquer hora,"Desde o primeiro encontro, a qualquer hora.",Seu Nicolau,mercador,Saudação (aproximação),Chegar perto (o balão inteiro; a fala no aviso),,,,,,,,"Que Deus lhe dê bons negócios, freguês!","May God send you good business, customer!","¡Que Dios te dé buenos negocios, cliente!",愿上帝赐你生意兴隆，客人！,39,2.8,Chris · iP95p4xoKVk53GoZ742B · eleven_v3,assets/audio/vozes/mercador_saudacao_4.mp3,sim,não,"[cheerfully] Que Deus lhe dê bons negócios, freguês!",sim,completas,3D,,,ok,ok,,,,,pendente,sim,data/npcs_3d.json › moradores[11] mercador › saudacoes[3]
npc.mercador.saudacoes_noite.1,509,7 · A qualquer hora,"À noite (das 18h48 à meia-noite), somada às de sempre.",Seu Nicolau,mercador,Saudação da noite,"Chegar perto, de noite",,,,,,,,"Estou fechando, freguês, mas pra você abro um pouco.","I'm closing, customer, but I'll stay open a bit for you.","Estoy cerrando, cliente, pero por ti abro un poco más.",我正要打烊呢，客人，不过为你，我可以再开一会儿。,52,3.7,Chris · iP95p4xoKVk53GoZ742B · eleven_v3,assets/audio/vozes/mercador_saudacao_noite_1.mp3,sim,não,"[warmly] Estou fechando, freguês, mas pra você abro um pouco.",sim,completas,3D,,,ok,ok,,,,,pendente,sim,data/npcs_3d.json › moradores[11] mercador › saudacoes_noite[0]
npc.mercador.falas.1,510,7 · A qualquer hora,"Desde o primeiro encontro, a qualquer hora.",Seu Nicolau,mercador,Conversa (E),E no morador (alterna a cada conversa),,,,,,,,"Fiado eu dou, mas anoto no caderno. Caderno não tem memória ruim, e eu também não.","I give credit, but I write it in the notebook. A notebook has no bad memory, and neither do I.","Fío, pero lo anoto en el cuaderno. Un cuaderno no tiene mala memoria, ni yo tampoco.",赊账可以，不过我要记在账本上。账本不会忘事，我也不会。,82,5.9,Chris · iP95p4xoKVk53GoZ742B · eleven_v3,assets/audio/vozes/mercador_fala_1.mp3,sim,não,"[mischievously] Fiado eu dou, mas anoto no caderno. Caderno não tem memória ruim, e eu também não.",sim,completas,3D,,,ok,ok,,,,,pendente,sim,data/npcs_3d.json › moradores[11] mercador › falas[0]
npc.mercador.falas.2,511,7 · A qualquer hora,"Desde o primeiro encontro, a qualquer hora.",Seu Nicolau,mercador,Conversa (E),E no morador (alterna a cada conversa),,,,,,,,"Fiado de pescador é como maré: vai embora, mas volta. O Tonho que o diga.","A fisherman's credit is like the tide: it goes out, but it comes back. Ask Tonho.","El fiado de un pescador es como la marea: se va, pero vuelve. Pregúntale a Tonho.",渔夫的赊账就像潮水：退下去了，还会涨回来。不信问通尼奥。,73,5.2,Chris · iP95p4xoKVk53GoZ742B · eleven_v3,assets/audio/vozes/mercador_fala_2.mp3,sim,não,,(sem texto de TTS guardado),completas,3D,,,atenção,atenção,"""Fiado de pescador é como maré... O Tonho que o diga."" — continua depois de a dívida do Tonho zerar.","Fala com condição, ou sem o nome do Tonho.",baixa,,corrigir,sim,data/npcs_3d.json › moradores[11] mercador › falas[1]
npc.mercador.falas.3,512,7 · A qualquer hora,"Desde o primeiro encontro, a qualquer hora.",Seu Nicolau,mercador,Conversa (E),E no morador (alterna a cada conversa),,,,,,,,"O que o arraial não faz vem de Salvador no saveiro: ferro, corda, tábua serrada, sal. Por isso custa mais, moço.","What the village can't make comes from Salvador on the saveiro: iron, rope, sawn plank, salt. That's why it costs more, young man.","Lo que el caserío no hace llega de Salvador en el saveiro: hierro, soga, tabla aserrada, sal. Por eso cuesta más, muchacho.",村里造不出来的东西，都靠帆船从萨尔瓦多运来：铁器、绳索、锯好的木板、盐。所以才贵些，小伙子。,112,8,Chris · iP95p4xoKVk53GoZ742B · eleven_v3,assets/audio/vozes/mercador_fala_3.mp3,sim,não,,(sem texto de TTS guardado),completas,3D,,,ok,ok,,,,,pendente,sim,data/npcs_3d.json › moradores[11] mercador › falas[2]
npc.mercador.falas.4,513,7 · A qualquer hora,"Desde o primeiro encontro, a qualquer hora.",Seu Nicolau,mercador,Conversa (E),E no morador (alterna a cada conversa),,,,,,,,"Farinha, milho e lenha eu compro barato, porque o arraial tem de sobra. É assim em todo canto: quem tem demais, vende por pouco.","Flour, corn and firewood I buy cheap, because the village has plenty. It's the same everywhere: whoever has too much sells for little.","La harina, el maíz y la leña los compro baratos, porque el caserío tiene de sobra. Es igual en todas partes: quien tiene demasiado, vende barato.",木薯粉、玉米和柴火，我收得便宜，因为村里多得是。哪儿都这样：东西多得没处放的人，卖价就低。,128,9.1,Chris · iP95p4xoKVk53GoZ742B · eleven_v3,assets/audio/vozes/mercador_fala_4.mp3,sim,não,,(sem texto de TTS guardado),completas,3D,,,ok,ok,,,,,pendente,sim,data/npcs_3d.json › moradores[11] mercador › falas[3]
npc.mercador.falas.5,514,7 · A qualquer hora,"Desde o primeiro encontro, a qualquer hora.",Seu Nicolau,mercador,Conversa (E),E no morador (alterna a cada conversa),,,,,,,,"Em tempo de seca a farinha sobe de preço. Em tempo de chuva, é a lenha seca que vale ouro. Guarde um pouco de cada.",In dry spells flour gets pricey. In rainy spells dry firewood is worth gold. Keep a bit of each.,En tiempo de seca la harina sube de precio. En tiempo de lluvia la leña seca vale oro. Guarda un poco de cada una.,旱季木薯粉涨价，雨季干柴比金子还贵。两样你都囤一点。,115,8.2,Chris · iP95p4xoKVk53GoZ742B · eleven_v3,assets/audio/vozes/mercador_fala_5.mp3,sim,não,,(sem texto de TTS guardado),completas,3D,,,ok,ok,,,,,pendente,sim,data/npcs_3d.json › moradores[11] mercador › falas[4]
npc.mercador.falas.6,515,7 · A qualquer hora,"Desde o primeiro encontro, a qualquer hora.",Seu Nicolau,mercador,Conversa (E),E no morador (alterna a cada conversa),,,,,,,,"O jumento lá dos fundos é mais velho que eu na venda. Carrega saco, carrega freguês bêbado e nunca pede aumento.","The donkey out back has been here longer than I have. He carries sacks, he carries drunk customers, and never asks for a raise.","El burro del fondo lleva más años que yo en la venta. Carga sacos, carga clientes borrachos y nunca pide aumento.",后院那头驴，在铺子里的资格比我还老。它驮麻袋，也驮喝醉的客人，从来不要求加工钱。,112,8,Chris · iP95p4xoKVk53GoZ742B · eleven_v3,assets/audio/vozes/mercador_fala_6.mp3,sim,não,"[laughs] O jumento lá dos fundos é mais velho que eu na venda. Carrega saco, carrega freguês bêbado e nunca pede aumento.",sim,completas,3D,,,ok,ok,,,,,pendente,sim,data/npcs_3d.json › moradores[11] mercador › falas[5]
npc.mercador.falas.7,516,7 · A qualquer hora,"Desde o primeiro encontro, a qualquer hora.",Seu Nicolau,mercador,Conversa (E),E no morador (alterna a cada conversa),,,,,,,,"Esse gato amarelo é o único que cuida do estoque de verdade. Rato aqui tem medo dele, e eu, do prejuízo.","That yellow cat is the only one who truly minds the stock. Rats here fear him, and I fear the loss.","Ese gato amarillo es el único que cuida de verdad las existencias. Aquí las ratas le temen a él, y yo a la pérdida.",这只黄猫是唯一真正看管存货的家伙。老鼠怕它，而我怕亏本。,104,7.4,Chris · iP95p4xoKVk53GoZ742B · eleven_v3,assets/audio/vozes/mercador_fala_7.mp3,sim,não,,(sem texto de TTS guardado),completas,3D,,,ok,ok,,,,,pendente,sim,data/npcs_3d.json › moradores[11] mercador › falas[6]
npc.mercador.falas.8,517,7 · A qualquer hora,"Desde o primeiro encontro, a qualquer hora.",Seu Nicolau,mercador,Conversa (E),E no morador (alterna a cada conversa),,,,,,,,"A notícia chega na venda antes de chegar na praça. Quem compra sal conta o que viu, quem compra pinga conta o que ouviu.","News reaches the shop before the square. Whoever buys salt tells what they saw, whoever buys cachaça tells what they heard.","La noticia llega a la venta antes que a la plaza. Quien compra sal cuenta lo que vio, quien compra aguardiente cuenta lo que oyó.",消息总是先到铺子，再到广场。买盐的人讲他看见了什么，买烧酒的人讲他听说了什么。,120,8.6,Chris · iP95p4xoKVk53GoZ742B · eleven_v3,assets/audio/vozes/mercador_fala_8.mp3,sim,não,,(sem texto de TTS guardado),completas,3D,,,ok,ok,,,,,pendente,sim,data/npcs_3d.json › moradores[11] mercador › falas[7]
npc.mercador.falas_noite.1,518,7 · A qualquer hora,"À noite (das 18h48 à meia-noite), somada às de sempre.",Seu Nicolau,mercador,Conversa da noite (E),"E no morador, de noite",,,,,,,,"De noite eu confiro o caixa e o caderno. O caixa pesa pouco, o caderno pesa muito, e os dois me dão insônia.","At night I check the till and the notebook. The till weighs little, the notebook weighs a lot, and both give me insomnia.","De noche reviso la caja y el cuaderno. La caja pesa poco, el cuaderno pesa mucho, y los dos me quitan el sueño.",夜里我要对钱箱和账本。钱箱轻飘飘，账本沉甸甸，两样都让我睡不着。,108,7.7,Chris · iP95p4xoKVk53GoZ742B · eleven_v3,assets/audio/vozes/mercador_fala_noite_1.mp3,sim,não,"[sighs] De noite eu confiro o caixa e o caderno. O caixa pesa pouco, o caderno pesa muito, e os dois me dão insônia.",sim,completas,3D,,,ok,ok,,,,,pendente,sim,data/npcs_3d.json › moradores[11] mercador › falas_noite[0]
npc.guarda.saudacoes.1,519,7 · A qualquer hora,"Desde o primeiro encontro, a qualquer hora.",Guarda Aristides,guarda,Saudação (aproximação),Chegar perto (o balão inteiro; a fala no aviso),,,,,,,,"Tudo em ordem por aqui, moço.","All in order here, young man.","Todo en orden por aquí, muchacho.",这儿一切太平，小伙子。,29,2.1,Brian · nPczCjzI2devNBz1zQrb · eleven_v3,assets/audio/vozes/guarda_saudacao_1.mp3,sim,não,,(sem texto de TTS guardado),completas,3D,,,ok,ok,,,,,pendente,sim,data/npcs_3d.json › moradores[12] guarda › saudacoes[0]
npc.guarda.saudacoes.2,520,7 · A qualquer hora,"Desde o primeiro encontro, a qualquer hora.",Guarda Aristides,guarda,Saudação (aproximação),Chegar perto (o balão inteiro; a fala no aviso),,,,,,,,"Paz no arraial, graças a Deus.","Peace in the village, thank God.","Paz en el caserío, gracias a Dios.",村里平安无事，感谢上帝。,30,2.1,Brian · nPczCjzI2devNBz1zQrb · eleven_v3,assets/audio/vozes/guarda_saudacao_2.mp3,sim,não,,(sem texto de TTS guardado),completas,3D,,,ok,ok,,,,,pendente,sim,data/npcs_3d.json › moradores[12] guarda › saudacoes[1]
npc.guarda.saudacoes.3,521,7 · A qualquer hora,"Desde o primeiro encontro, a qualquer hora.",Guarda Aristides,guarda,Saudação (aproximação),Chegar perto (o balão inteiro; a fala no aviso),,,,,,,,"Aristides, guarda da vila, às ordens.","Aristides, village watchman, at your service.","Aristides, guardia de la villa, a sus órdenes.",阿里斯蒂德斯，村里的守卫，听候吩咐。,37,2.6,Brian · nPczCjzI2devNBz1zQrb · eleven_v3,assets/audio/vozes/guarda_saudacao_3.mp3,sim,não,,(sem texto de TTS guardado),completas,3D,,,ok,ok,,,,,pendente,sim,data/npcs_3d.json › moradores[12] guarda › saudacoes[2]
npc.guarda.saudacoes.4,522,7 · A qualquer hora,"Desde o primeiro encontro, a qualquer hora.",Guarda Aristides,guarda,Saudação (aproximação),Chegar perto (o balão inteiro; a fala no aviso),,,,,,,,"Com licença, moço: viu algo estranho?","Excuse me, young man: seen anything strange?","Con permiso, muchacho: ¿viste algo raro?",劳驾问一句，小伙子：你看到什么可疑的事没有？,37,2.6,Brian · nPczCjzI2devNBz1zQrb · eleven_v3,assets/audio/vozes/guarda_saudacao_4.mp3,sim,não,"[curious] Com licença, moço: viu algo estranho?",sim,completas,3D,,,ok,ok,,,,,pendente,sim,data/npcs_3d.json › moradores[12] guarda › saudacoes[3]
npc.guarda.saudacoes_noite.1,523,7 · A qualquer hora,"À noite (das 18h48 à meia-noite), somada às de sempre.",Guarda Aristides,guarda,Saudação da noite,"Chegar perto, de noite",,,,,,,,"Boa noite, moço, candeeiro aceso e arraial em paz.","Good night, young man, lantern lit and village at peace.","Buenas noches, muchacho, farol encendido y caserío en paz.",晚上好，小伙子，提灯亮着，村子平安。,50,3.6,Brian · nPczCjzI2devNBz1zQrb · eleven_v3,assets/audio/vozes/guarda_saudacao_noite_1.mp3,sim,não,"[calm] Boa noite, moço, candeeiro aceso e arraial em paz.",sim,completas,3D,,,ok,ok,,,,,pendente,sim,data/npcs_3d.json › moradores[12] guarda › saudacoes_noite[0]
npc.guarda.saudacoes_noite.2,524,7 · A qualquer hora,"À noite (das 18h48 à meia-noite), somada às de sempre.",Guarda Aristides,guarda,Saudação da noite,"Chegar perto, de noite",,,,,,,,"Anda tarde, moço? Eu faço a ronda. Vá com Deus.","Out late, young man? I'm on my rounds. Go with God.","¿Andas tarde, muchacho? Hago la ronda. Ve con Dios.",这么晚还在外头？我在巡逻。一路平安。,47,3.4,Brian · nPczCjzI2devNBz1zQrb · eleven_v3,assets/audio/vozes/guarda_saudacao_noite_2.mp3,sim,não,"[calm] Anda tarde, moço? Eu faço a ronda. Vá com Deus.",sim,completas,3D,,,ok,ok,,,,,pendente,sim,data/npcs_3d.json › moradores[12] guarda › saudacoes_noite[1]
npc.guarda.falas.1,525,7 · A qualquer hora,"Desde o primeiro encontro, a qualquer hora.",Guarda Aristides,guarda,Conversa (E),E no morador (alterna a cada conversa),,,,,,,,"Arma eu não carrego. O intendente diz que guarda de verdade vigia, não prende. Levo só o candeeiro e a cara de severo.","I carry no weapon. The intendant says a true watchman watches, he doesn't arrest. I carry only the lantern and a stern face.","Arma no cargo. El intendente dice que un guardia de verdad vigila, no arresta. Solo llevo el farol y una cara seria.",我不带武器。镇长说，真正的守卫是看着的，不是抓人的。我只提一盏提灯，再板着一张严肃的脸。,118,8.4,Brian · nPczCjzI2devNBz1zQrb · eleven_v3,assets/audio/vozes/guarda_fala_1.mp3,sim,não,,(sem texto de TTS guardado),completas,3D,,,ok,ok,,,,,pendente,sim,data/npcs_3d.json › moradores[12] guarda › falas[0]
npc.guarda.falas.2,526,7 · A qualquer hora,"Desde o primeiro encontro, a qualquer hora.",Guarda Aristides,guarda,Conversa (E),E no morador (alterna a cada conversa),,,,,,,,"De dia fico na praça, à tarde na igreja, e de noite rodo de candeeiro na mão. Quem me vê sabe que alguém está de olho.","By day I'm in the square, in the afternoon at the church, and at night I walk with the lantern in hand. Whoever sees me knows someone is watching.","De día estoy en la plaza, por la tarde en la iglesia, y de noche hago la ronda con el farol en la mano. Quien me ve sabe que alguien vigila.",白天我在广场，下午在教堂，夜里提着灯四处巡逻。谁看见我，就知道有人在盯着。,118,8.4,Brian · nPczCjzI2devNBz1zQrb · eleven_v3,assets/audio/vozes/guarda_fala_2.mp3,sim,não,,(sem texto de TTS guardado),completas,3D,,,ok,ok,,,,,pendente,sim,data/npcs_3d.json › moradores[12] guarda › falas[1]
npc.guarda.falas.3,527,7 · A qualquer hora,"Desde o primeiro encontro, a qualquer hora.",Guarda Aristides,guarda,Conversa (E),E no morador (alterna a cada conversa),,,,,,,,"Gente de madrugada na rua sem candeeiro eu paro e pergunto. Não é pra proibir, é pra saber quem vai se perder.","A person out at dawn without a lantern, I stop and ask. Not to forbid, but to know who might get lost.","A quien anda de madrugada sin farol, lo paro y le pregunto. No es para prohibir, es para saber quién se va a perder.",凌晨在街上走又不提灯的人，我都会拦下来问问。不是要禁止什么，是想知道谁可能会迷路。,110,7.9,Brian · nPczCjzI2devNBz1zQrb · eleven_v3,assets/audio/vozes/guarda_fala_3.mp3,sim,não,,(sem texto de TTS guardado),completas,3D,,"(revisto: ""de madrugada"" é um costume dele, não um cumprimento) cita a hora do dia (""de madrugada""), e a fala toca a qualquer hora",ok,ok,,,,,pendente,sim,data/npcs_3d.json › moradores[12] guarda › falas[2]
npc.guarda.falas.4,528,7 · A qualquer hora,"Desde o primeiro encontro, a qualquer hora.",Guarda Aristides,guarda,Conversa (E),E no morador (alterna a cada conversa),,,,,,,,"O convite da fazenda do outro lado do rio não traz nome de quem convida. Em trinta anos de guarda, nunca vi coisa boa sem assinatura.",The invitation from the farm across the river carries no name of who invites. In thirty years as watchman I've never seen anything good without a signature.,La invitación de la hacienda al otro lado del río no trae el nombre de quien invita. En treinta años de guardia nunca vi nada bueno sin firma.,河对岸庄园的请帖，上头没写邀请人的名字。我当了三十年守卫，没见过哪件好事是不署名的。,133,9.5,Brian · nPczCjzI2devNBz1zQrb · eleven_v3,assets/audio/vozes/guarda_fala_4.mp3,sim,não,,(sem texto de TTS guardado),completas,3D,,,problema,atenção,"""O convite da fazenda... não traz nome de quem convida."" — toca antes de o convite chegar e depois da fazenda.",Fala com condição.,média,,corrigir,sim,data/npcs_3d.json › moradores[12] guarda › falas[3]
npc.guarda.falas.5,529,7 · A qualquer hora,"Desde o primeiro encontro, a qualquer hora.",Guarda Aristides,guarda,Conversa (E),E no morador (alterna a cada conversa),,,,,,,,"O intendente me nomeou e esqueceu. Ordem eu tenho; salário, só a promessa. Mas o arraial dorme em paz, e isso paga.","The intendant appointed me and forgot me. Orders I have; wages, only the promise. But the village sleeps in peace, and that pays.","El intendente me nombró y se olvidó de mí. Órdenes tengo; sueldo, solo la promesa. Pero el caserío duerme en paz, y eso paga.",镇长任命了我，转头就把我忘了。命令我有，薪水只有一句承诺。可村子睡得安稳，这就算是报酬了。,115,8.2,Brian · nPczCjzI2devNBz1zQrb · eleven_v3,assets/audio/vozes/guarda_fala_5.mp3,sim,não,,(sem texto de TTS guardado),completas,3D,,,ok,ok,,,,,pendente,sim,data/npcs_3d.json › moradores[12] guarda › falas[4]
npc.guarda.falas.6,530,7 · A qualquer hora,"Desde o primeiro encontro, a qualquer hora.",Guarda Aristides,guarda,Conversa (E),E no morador (alterna a cada conversa),,,,,,,,A briga mais séria que apartei foi por causa de uma galinha. Os dois juravam que era deles. Era de um terceiro.,The most serious fight I ever broke up was over a hen. Both swore she was theirs. She belonged to a third.,La pelea más seria que aparté fue por una gallina. Los dos juraban que era suya. Era de un tercero.,我劝开过的最严重的一场架，是为了一只母鸡。两个人都发誓说是自家的，其实是第三个人的。,111,7.9,Brian · nPczCjzI2devNBz1zQrb · eleven_v3,assets/audio/vozes/guarda_fala_6.mp3,sim,não,,(sem texto de TTS guardado),completas,3D,,,ok,ok,,,,,pendente,sim,data/npcs_3d.json › moradores[12] guarda › falas[5]
npc.guarda.falas.7,531,7 · A qualquer hora,"Desde o primeiro encontro, a qualquer hora.",Guarda Aristides,guarda,Conversa (E),E no morador (alterna a cada conversa),,,,,,,,"Se vir fumaça perto do mato, avisa. Fogo aqui anda mais depressa que eu, e olha que eu corro bem.","If you see smoke near the woods, tell me. Fire here runs faster than I do, and I run well.","Si ves humo cerca del monte, avísame. El fuego aquí corre más que yo, y mira que yo corro bien.",要是看见林子边上冒烟，就告诉我。这儿的火比我跑得还快，要知道我跑得可不慢。,97,6.9,Brian · nPczCjzI2devNBz1zQrb · eleven_v3,assets/audio/vozes/guarda_fala_7.mp3,sim,não,,(sem texto de TTS guardado),completas,3D,,,ok,ok,,,,,pendente,sim,data/npcs_3d.json › moradores[12] guarda › falas[6]
npc.guarda.falas.8,532,7 · A qualquer hora,"Desde o primeiro encontro, a qualquer hora.",Guarda Aristides,guarda,Conversa (E),E no morador (alterna a cada conversa),,,,,,,,"O cachorro malhado lá de casa vigia melhor que eu. Late pra quem chega, e eu só pergunto o nome.","The spotted dog at my house watches better than I do. He barks at whoever arrives, and I only ask their name.","El perro manchado de mi casa vigila mejor que yo. Ladra a quien llega, y yo solo pregunto el nombre.",我家那条花狗，看守得比我还强。有人来它就叫，我只会问一声名字。,96,6.9,Brian · nPczCjzI2devNBz1zQrb · eleven_v3,assets/audio/vozes/guarda_fala_8.mp3,sim,não,,(sem texto de TTS guardado),completas,3D,,,ok,ok,,,,,pendente,sim,data/npcs_3d.json › moradores[12] guarda › falas[7]
npc.guarda.falas.9,533,7 · A qualquer hora,"Desde o primeiro encontro, a qualquer hora.",Guarda Aristides,guarda,Conversa (E),E no morador (alterna a cada conversa),,,,,,,,Quem anda de noite pela igreja ouve o vento nas telhas e jura que é gente. Já fui conferir mais de vinte vezes. Era vento.,Whoever walks by the church at night hears wind in the tiles and swears it's people. I've gone to check over twenty times. It was wind.,Quien anda de noche por la iglesia oye el viento en las tejas y jura que es gente. Fui a comprobar más de veinte veces. Era viento.,夜里走过教堂的人，听见风吹瓦片，就赌咒说有人。我去查看过二十多回，每回都是风。,122,8.7,Brian · nPczCjzI2devNBz1zQrb · eleven_v3,assets/audio/vozes/guarda_fala_9.mp3,sim,não,[calm] Quem anda de noite pela igreja ouve o vento nas telhas e jura que é gente. Já fui conferir mais de vinte vezes. Era vento.,sim,completas,3D,,,ok,ok,,,,,pendente,sim,data/npcs_3d.json › moradores[12] guarda › falas[8]
npc.guarda.falas_noite.1,534,7 · A qualquer hora,"À noite (das 18h48 à meia-noite), somada às de sempre.",Guarda Aristides,guarda,Conversa da noite (E),"E no morador, de noite",,,,,,,,"De noite o arraial fala baixo: o mar, os grilos, um cachorro longe. Quando tudo cala de repente, é aí que eu levanto o candeeiro.","At night the village speaks softly: the sea, the crickets, a dog far off. When everything goes quiet all at once, that's when I raise the lantern.","De noche el caserío habla bajo: el mar, los grillos, un perro lejos. Cuando todo calla de repente, ahí levanto el farol.",夜里的村子说话很轻：海浪声、蟋蟀声、远处的一声狗叫。等一切突然安静下来，我就举起提灯。,129,9.2,Brian · nPczCjzI2devNBz1zQrb · eleven_v3,assets/audio/vozes/guarda_fala_noite_1.mp3,sim,não,"[calm] De noite o arraial fala baixo: o mar, os grilos, um cachorro longe. Quando tudo cala de repente, é aí que eu levanto o candeeiro.",sim,completas,3D,,,ok,ok,,,,,pendente,sim,data/npcs_3d.json › moradores[12] guarda › falas_noite[0]
npc.guarda.falas_noite.2,535,7 · A qualquer hora,"À noite (das 18h48 à meia-noite), somada às de sempre.",Guarda Aristides,guarda,Conversa da noite (E),"E no morador, de noite",,,,,,,,"Dizem que tem luz parada no mato, na altura do peito. Minha ronda vai só até a última casa. Dali pra frente, é com Deus.","They say there's a light standing in the woods, at chest height. My round goes only to the last house. Beyond that, it's up to God.","Dicen que hay una luz quieta en el monte, a la altura del pecho. Mi ronda llega solo hasta la última casa. De ahí en adelante, es cosa de Dios.",听说林子里有一团不动的光，就在齐胸的高度。我巡逻只到最后一户人家。再往前，就交给上帝了。,120,8.6,Brian · nPczCjzI2devNBz1zQrb · eleven_v3,assets/audio/vozes/guarda_fala_noite_2.mp3,sim,não,"[whispers] Dizem que tem luz parada no mato, na altura do peito. Minha ronda vai só até a última casa. Dali pra frente, é com Deus.",sim,completas,3D,,,ok,ok,,,,,pendente,sim,data/npcs_3d.json › moradores[12] guarda › falas_noite[1]
npc.pescador.saudacoes.1,536,7 · A qualquer hora,"Desde o primeiro encontro, a qualquer hora.",Seu Jerônimo,pescador,Saudação (aproximação),Chegar perto (o balão inteiro; a fala no aviso),,,,,,,,"Que a maré lhe seja boa, moço.","May the tide be kind to you, young man.","Que la marea te sea buena, muchacho.",愿潮水待你好，小伙子。,30,2.1,Will · bIHbv24MWmeRgasZH58o · eleven_v3,assets/audio/vozes/pescador_saudacao_1.mp3,sim,não,,(sem texto de TTS guardado),completas,3D,,,ok,ok,,,,,pendente,sim,data/npcs_3d.json › moradores[13] pescador › saudacoes[0]
npc.pescador.saudacoes.2,537,7 · A qualquer hora,"Desde o primeiro encontro, a qualquer hora.",Seu Jerônimo,pescador,Saudação (aproximação),Chegar perto (o balão inteiro; a fala no aviso),,,,,,,,"Shh... fale baixo, que o peixe escuta.","Shh... speak low, fish can hear.","Shh... habla bajo, que el pez escucha.",嘘……小声点，鱼听得见。,38,2.7,Will · bIHbv24MWmeRgasZH58o · eleven_v3,assets/audio/vozes/pescador_saudacao_2.mp3,sim,não,"[whispers] Shh... fale baixo, que o peixe escuta.",sim,completas,3D,,,ok,ok,,,,,pendente,sim,data/npcs_3d.json › moradores[13] pescador › saudacoes[1]
npc.pescador.saudacoes.3,538,7 · A qualquer hora,"Desde o primeiro encontro, a qualquer hora.",Seu Jerônimo,pescador,Saudação (aproximação),Chegar perto (o balão inteiro; a fala no aviso),,,,,,,,"Aí, moço! Já pescou hoje?",Hey there! Caught anything today?,"Eh, muchacho, ¿ya pescaste hoy?",嘿，小伙子！今天钓过鱼了吗？,25,1.8,Will · bIHbv24MWmeRgasZH58o · eleven_v3,assets/audio/vozes/pescador_saudacao_3.mp3,sim,não,,(sem texto de TTS guardado),completas,3D,,,ok,ok,,,,,pendente,sim,data/npcs_3d.json › moradores[13] pescador › saudacoes[2]
npc.pescador.saudacoes.4,539,7 · A qualquer hora,"Desde o primeiro encontro, a qualquer hora.",Seu Jerônimo,pescador,Saudação (aproximação),Chegar perto (o balão inteiro; a fala no aviso),,,,,,,,"Vá com calma, que quem corre assusta o peixe.","Take it easy, a rushing man scares the fish.","Con calma, que quien corre asusta al pez.",慢着点走，跑动的人会把鱼吓跑。,45,3.2,Will · bIHbv24MWmeRgasZH58o · eleven_v3,assets/audio/vozes/pescador_saudacao_4.mp3,sim,não,,(sem texto de TTS guardado),completas,3D,,,ok,ok,,,,,pendente,sim,data/npcs_3d.json › moradores[13] pescador › saudacoes[3]
npc.pescador.falas.1,540,7 · A qualquer hora,"Desde o primeiro encontro, a qualquer hora.",Seu Jerônimo,pescador,Conversa (E),E no morador (alterna a cada conversa),,,,,,,,"Pesco de linha, de um anzol só. Rede pega muito, mas linha pega o que a gente quer, e com paciência.","I fish with a line, a single hook. A net catches a lot, but a line catches what you want, with patience.","Pesco con línea, con un solo anzuelo. La red atrapa mucho, pero la línea atrapa lo que uno quiere, con paciencia.",我用钓线钓鱼，只用一只鱼钩。渔网捞得多，可钓线能钓到你想要的那条，靠的是耐心。,100,7.1,Will · bIHbv24MWmeRgasZH58o · eleven_v3,assets/audio/vozes/pescador_fala_1.mp3,sim,não,,(sem texto de TTS guardado),completas,3D,,,ok,ok,,,,,pendente,sim,data/npcs_3d.json › moradores[13] pescador › falas[0]
npc.pescador.falas.2,541,7 · A qualquer hora,"Desde o primeiro encontro, a qualquer hora.",Seu Jerônimo,pescador,Conversa (E),E no morador (alterna a cada conversa),,,,,,,,"Robalo gosta de boca de rio, onde a água doce encontra a salgada. Traíra mora em água parada e não perdoa isca ruim.","Snook likes the river mouth, where fresh water meets salt. Trahira lives in still water and forgives no bad bait.","El robalo gusta de la boca del río, donde el agua dulce se encuentra con la salada. La traíra vive en agua quieta y no perdona mala carnada.",海鲈爱待在河口，淡水和咸水交汇的地方。狼鱼住在死水里，饵不好它可不饶你。,116,8.3,Will · bIHbv24MWmeRgasZH58o · eleven_v3,assets/audio/vozes/pescador_fala_2.mp3,sim,não,,(sem texto de TTS guardado),completas,3D,,,ok,ok,,,,,pendente,sim,data/npcs_3d.json › moradores[13] pescador › falas[1]
npc.pescador.falas.3,542,7 · A qualquer hora,"Desde o primeiro encontro, a qualquer hora.",Seu Jerônimo,pescador,Conversa (E),E no morador (alterna a cada conversa),,,,,,,,"Maré de lua cheia puxa o peixe pra beira. Mas lua cheia clareia a água, e peixe esperto vê o anzol.","A full-moon tide pulls the fish to the shore. But a full moon lights the water, and a clever fish sees the hook.","La marea de luna llena empuja el pez a la orilla. Pero la luna llena aclara el agua, y el pez listo ve el anzuelo.",满月的潮水会把鱼带到岸边。可满月也把水照亮了，机灵的鱼能看见鱼钩。,99,7.1,Will · bIHbv24MWmeRgasZH58o · eleven_v3,assets/audio/vozes/pescador_fala_3.mp3,sim,não,,(sem texto de TTS guardado),completas,3D,,,ok,ok,,,,,pendente,sim,data/npcs_3d.json › moradores[13] pescador › falas[2]
npc.pescador.falas.4,543,7 · A qualquer hora,"Desde o primeiro encontro, a qualquer hora.",Seu Jerônimo,pescador,Conversa (E),E no morador (alterna a cada conversa),,,,,,,,"O Tonho puxa rede no pontal, o Pedro joga vara no píer. Peixe grande sabe de quem desviar.","Tonho hauls the net at the point, Pedro casts a rod from the pier. A big fish knows who to dodge.","Tonho jala la red en la punta, Pedro lanza la caña desde el muelle. El pez grande sabe de quién esquivarse.",通尼奥在岬角拉网，佩德罗在码头甩竿。大鱼知道该躲着谁。,90,6.4,Will · bIHbv24MWmeRgasZH58o · eleven_v3,assets/audio/vozes/pescador_fala_4.mp3,sim,não,,(sem texto de TTS guardado),completas,3D,,,problema,ok,"""O Tonho puxa rede no pontal"" — sem rede até a fila dele.","""O Tonho pesca no pontal, o Pedro joga vara no píer.""",baixa,,corrigir,sim,data/npcs_3d.json › moradores[13] pescador › falas[3]
npc.pescador.falas.5,544,7 · A qualquer hora,"Desde o primeiro encontro, a qualquer hora.",Seu Jerônimo,pescador,Conversa (E),E no morador (alterna a cada conversa),,,,,,,,"Semana passada vi barbatana na boca da barra. Tubarão entra atrás do cardume. Quando o mar escurece, eu volto pra terra.","Last week I saw a fin at the mouth of the bar. Sharks follow the shoals in. When the sea darkens, I head back to land.","La semana pasada vi una aleta en la boca de la barra. El tiburón entra detrás del cardumen. Cuando el mar se oscurece, vuelvo a tierra.",上星期我在海口看见了鱼鳍。鲨鱼是追着鱼群进来的。海水一发暗，我就回岸上去。,120,8.6,Will · bIHbv24MWmeRgasZH58o · eleven_v3,assets/audio/vozes/pescador_fala_5.mp3,sim,não,,(sem texto de TTS guardado),completas,3D,,,ok,ok,,,,,pendente,sim,data/npcs_3d.json › moradores[13] pescador › falas[4]
npc.pescador.falas.6,545,7 · A qualquer hora,"Desde o primeiro encontro, a qualquer hora.",Seu Jerônimo,pescador,Conversa (E),E no morador (alterna a cada conversa),,,,,,,,"De tarde remendo anzol e linha em casa. Linha velha parte na hora errada, e a hora errada é sempre a do peixe grande.","In the afternoon I mend hooks and line at home. Old line snaps at the wrong time, and the wrong time is always the big fish's.","Por la tarde remiendo anzuelos y línea en casa. La línea vieja se corta a la hora equivocada, y la hora equivocada es siempre la del pez grande.",下午我在家补鱼钩和钓线。旧线总在不该断的时候断，而不该断的时候，永远是大鱼上钩的时候。,117,8.4,Will · bIHbv24MWmeRgasZH58o · eleven_v3,assets/audio/vozes/pescador_fala_6.mp3,sim,não,,(sem texto de TTS guardado),completas,3D,,,ok,ok,,,,,pendente,sim,data/npcs_3d.json › moradores[13] pescador › falas[5]
npc.pescador.falas.7,546,7 · A qualquer hora,"Desde o primeiro encontro, a qualquer hora.",Seu Jerônimo,pescador,Conversa (E),E no morador (alterna a cada conversa),,,,,,,,"O céu avisa o tempo: vermelho de manhã, chuva de tarde. E vento sul traz frio e mar picado. Aprendi com meu pai, de olhar.","The sky warns of the weather: red in the morning, rain by afternoon. A south wind brings cold and a choppy sea. I learned from my father, by looking.","El cielo avisa el tiempo: rojo por la mañana, lluvia por la tarde. Y el viento sur trae frío y mar picado. Lo aprendí de mi padre, mirando.",天会预告天气：早上发红，下午就下雨。南风带来寒意和碎浪。这些是我爹教我的，看着看着就学会了。,122,8.7,Will · bIHbv24MWmeRgasZH58o · eleven_v3,assets/audio/vozes/pescador_fala_7.mp3,sim,não,,(sem texto de TTS guardado),completas,3D,,,ok,ok,,,,,pendente,sim,data/npcs_3d.json › moradores[13] pescador › falas[6]
npc.pescador.falas.8,547,7 · A qualquer hora,"Desde o primeiro encontro, a qualquer hora.",Seu Jerônimo,pescador,Conversa (E),E no morador (alterna a cada conversa),,,,,,,,"Na praça, de tardinha, eu conto vantagem de peixe que não pesquei. Todo pescador faz isso. Quem diz que não, mente mais ainda.","In the square, late afternoon, I brag about fish I never caught. Every fisherman does. Whoever says he doesn't lies even more.","En la plaza, al caer la tarde, presumo de peces que no pesqué. Todo pescador lo hace. Quien dice que no, miente aún más.",傍晚在广场上，我吹嘘没钓到过的鱼。哪个渔夫都这样。说自己不这样的，撒的谎更大。,126,9,Will · bIHbv24MWmeRgasZH58o · eleven_v3,assets/audio/vozes/pescador_fala_8.mp3,sim,não,"[mischievously] Na praça, de tardinha, eu conto vantagem de peixe que não pesquei. Todo pescador faz isso. Quem diz que não, mente mais ainda.",sim,completas,3D,,,ok,ok,,,,,pendente,sim,data/npcs_3d.json › moradores[13] pescador › falas[7]
npc.marisqueira.saudacoes.1,548,7 · A qualquer hora,"Desde o primeiro encontro, a qualquer hora.",Dona Rosa,marisqueira,Saudação (aproximação),Chegar perto (o balão inteiro; a fala no aviso),,,,,,,,"Olha a ostra fresquinha, freguês!","Fresh oysters, customer!","¡Ostras frescas, cliente!",新鲜的牡蛎，快来看呀，客人！,33,2.4,Ana Dias · MZxV5lN3cv7hi1376O0m · eleven_v3,assets/audio/vozes/marisqueira_saudacao_1.mp3,sim,não,"[cheerfully] Olha a ostra fresquinha, freguês!",sim,completas,3D,,,ok,ok,,,,,pendente,sim,data/npcs_3d.json › moradores[14] marisqueira › saudacoes[0]
npc.marisqueira.saudacoes.2,549,7 · A qualquer hora,"Desde o primeiro encontro, a qualquer hora.",Dona Rosa,marisqueira,Saudação (aproximação),Chegar perto (o balão inteiro; a fala no aviso),,,,,,,,"Chega mais, moço, que o cesto é farto.","Come closer, young man, the basket is full.","Acércate, muchacho, que el cesto está lleno.",再靠近些，小伙子，我的篮子满得很。,38,2.7,Ana Dias · MZxV5lN3cv7hi1376O0m · eleven_v3,assets/audio/vozes/marisqueira_saudacao_2.mp3,sim,não,,(sem texto de TTS guardado),completas,3D,,,ok,ok,,,,,pendente,sim,data/npcs_3d.json › moradores[14] marisqueira › saudacoes[1]
npc.marisqueira.saudacoes.3,550,7 · A qualquer hora,"Desde o primeiro encontro, a qualquer hora.",Dona Rosa,marisqueira,Saudação (aproximação),Chegar perto (o balão inteiro; a fala no aviso),,,,,,,,"Deus lhe guie, meu filho.","God guide you, my son.","Dios te guíe, hijo mío.",愿上帝指引你，孩子。,25,1.8,Ana Dias · MZxV5lN3cv7hi1376O0m · eleven_v3,assets/audio/vozes/marisqueira_saudacao_3.mp3,sim,não,,(sem texto de TTS guardado),completas,3D,,,ok,ok,,,,,pendente,sim,data/npcs_3d.json › moradores[14] marisqueira › saudacoes[2]
npc.marisqueira.saudacoes.4,551,7 · A qualquer hora,"Desde o primeiro encontro, a qualquer hora.",Dona Rosa,marisqueira,Saudação (aproximação),Chegar perto (o balão inteiro; a fala no aviso),,,,,,,,"Cuidado com o pé, que o mangue morde.","Mind your feet, the mangrove bites.","Cuidado con los pies, que el manglar muerde.",当心脚下，红树林泥滩会咬人。,37,2.6,Ana Dias · MZxV5lN3cv7hi1376O0m · eleven_v3,assets/audio/vozes/marisqueira_saudacao_4.mp3,sim,não,,(sem texto de TTS guardado),completas,3D,,,ok,ok,,,,,pendente,sim,data/npcs_3d.json › moradores[14] marisqueira › saudacoes[3]
npc.marisqueira.falas.1,552,7 · A qualquer hora,"Desde o primeiro encontro, a qualquer hora.",Dona Rosa,marisqueira,Conversa (E),E no morador (alterna a cada conversa),,,,,,,,"Mariscar é com a maré. Quando a água baixa, o mangue abre a mesa: ostra, siri, sururu. Quando sobe, a gente sai e agradece.","Gathering follows the tide. When the water drops, the mangrove sets the table: oysters, crab, mussels. When it rises, we leave and give thanks.","Mariscar es con la marea. Cuando el agua baja, el manglar pone la mesa: ostras, cangrejos, mejillones. Cuando sube, nos vamos y agradecemos.",拾海货要看潮水。水退下去，红树林就摆开了餐桌：牡蛎、螃蟹、贻贝。水涨上来，我们就上岸，道一声谢。,123,8.8,Ana Dias · MZxV5lN3cv7hi1376O0m · eleven_v3,assets/audio/vozes/marisqueira_fala_1.mp3,sim,não,,(sem texto de TTS guardado),completas,3D,,,ok,ok,,,,,pendente,sim,data/npcs_3d.json › moradores[14] marisqueira › falas[0]
npc.marisqueira.falas.2,553,7 · A qualquer hora,"Desde o primeiro encontro, a qualquer hora.",Dona Rosa,marisqueira,Conversa (E),E no morador (alterna a cada conversa),,,,,,,,"A ostra gruda na pedra e na raiz do mangue. Tem que bater com cuidado, que a concha corta mais que faca.",Oysters cling to the rocks and mangrove roots. You have to tap carefully; the shell cuts worse than a knife.,"La ostra se pega a la piedra y a la raíz del manglar. Hay que golpear con cuidado, que la concha corta más que un cuchillo.",牡蛎黏在石头和红树的根上。得小心地敲，贝壳比刀还割人。,104,7.4,Ana Dias · MZxV5lN3cv7hi1376O0m · eleven_v3,assets/audio/vozes/marisqueira_fala_2.mp3,sim,não,,(sem texto de TTS guardado),completas,3D,,,ok,ok,,,,,pendente,sim,data/npcs_3d.json › moradores[14] marisqueira › falas[1]
npc.marisqueira.falas.3,554,7 · A qualquer hora,"Desde o primeiro encontro, a qualquer hora.",Dona Rosa,marisqueira,Conversa (E),E no morador (alterna a cada conversa),,,,,,,,Minhas mãos são todas cicatriz. Cada risco é uma ostra que me ensinou a não ter pressa.,My hands are all scars. Each line is an oyster that taught me not to hurry.,Mis manos son todas cicatrices. Cada raya es una ostra que me enseñó a no tener prisa.,我的手上满是伤疤。每一道，都是一只教我别着急的牡蛎。,87,6.2,Ana Dias · MZxV5lN3cv7hi1376O0m · eleven_v3,assets/audio/vozes/marisqueira_fala_3.mp3,sim,não,,(sem texto de TTS guardado),completas,3D,,,ok,ok,,,,,pendente,sim,data/npcs_3d.json › moradores[14] marisqueira › falas[2]
npc.marisqueira.falas.4,555,7 · A qualquer hora,"Desde o primeiro encontro, a qualquer hora.",Dona Rosa,marisqueira,Conversa (E),E no morador (alterna a cada conversa),,,,,,,,Maré de lua nova é a melhor: a água vai longe e mostra pedra que ninguém viu o mês inteiro.,A new-moon tide is the best: the water goes far out and shows rocks nobody saw all month.,La marea de luna nueva es la mejor: el agua se va lejos y muestra piedras que nadie vio en todo el mes.,新月的潮水最好：水退得很远，露出整个月都没人见过的石头。,91,6.5,Ana Dias · MZxV5lN3cv7hi1376O0m · eleven_v3,assets/audio/vozes/marisqueira_fala_4.mp3,sim,não,,(sem texto de TTS guardado),completas,3D,,,ok,ok,,,,,pendente,sim,data/npcs_3d.json › moradores[14] marisqueira › falas[3]
npc.marisqueira.falas.5,556,7 · A qualquer hora,"Desde o primeiro encontro, a qualquer hora.",Dona Rosa,marisqueira,Conversa (E),E no morador (alterna a cada conversa),,,,,,,,"Vendo na praça de cesto na cabeça. O peso não é nada, o difícil é aguentar freguês que quer pechinchar.",I sell in the square with the basket on my head. The weight is nothing; the hard part is putting up with customers who want to haggle.,Vendo en la plaza con el cesto en la cabeza. El peso no es nada; lo difícil es aguantar al cliente que quiere regatear.,我顶着篮子去广场卖。重量不算什么，难的是应付那些爱讨价还价的客人。,103,7.4,Ana Dias · MZxV5lN3cv7hi1376O0m · eleven_v3,assets/audio/vozes/marisqueira_fala_5.mp3,sim,não,,(sem texto de TTS guardado),completas,3D,,,ok,ok,,,,,pendente,sim,data/npcs_3d.json › moradores[14] marisqueira › falas[4]
npc.marisqueira.falas.6,557,7 · A qualquer hora,"Desde o primeiro encontro, a qualquer hora.",Dona Rosa,marisqueira,Conversa (E),E no morador (alterna a cada conversa),,,,,,,,"Meu avô dizia que o mangue é a barriga da terra. Quem cuida dele não passa fome, e quem estraga, passa.","My grandfather said the mangrove is the belly of the land. Whoever tends it doesn't go hungry, and whoever ruins it does.","Mi abuelo decía que el manglar es la barriga de la tierra. Quien lo cuida no pasa hambre, y quien lo daña, sí.",我爷爷说，红树林是大地的肚子。照顾它的人不会挨饿，糟蹋它的人会。,103,7.4,Ana Dias · MZxV5lN3cv7hi1376O0m · eleven_v3,assets/audio/vozes/marisqueira_fala_6.mp3,sim,não,,(sem texto de TTS guardado),completas,3D,,,ok,ok,,,,,pendente,sim,data/npcs_3d.json › moradores[14] marisqueira › falas[5]
npc.marisqueira.falas.7,558,7 · A qualquer hora,"Desde o primeiro encontro, a qualquer hora.",Dona Rosa,marisqueira,Conversa (E),E no morador (alterna a cada conversa),,,,,,,,"De tarde descanso em casa e deixo o gato preto vigiar minhas mãos. Dói tudo, mas é dor de quem trabalhou.","In the afternoon I rest at home and let the black cat watch over my hands. Everything aches, but it's the ache of honest work.","Por la tarde descanso en casa y dejo que el gato negro vigile mis manos. Todo duele, pero es dolor de quien trabajó.",下午我在家歇着，让黑猫替我看着这双手。浑身都疼，可这是干过活的人的疼。,105,7.5,Ana Dias · MZxV5lN3cv7hi1376O0m · eleven_v3,assets/audio/vozes/marisqueira_fala_7.mp3,sim,não,"[sighs] De tarde descanso em casa e deixo o gato preto vigiar minhas mãos. Dói tudo, mas é dor de quem trabalhou.",sim,completas,3D,,,ok,ok,,,,,pendente,sim,data/npcs_3d.json › moradores[14] marisqueira › falas[6]
npc.marisqueira.falas.8,559,7 · A qualquer hora,"Desde o primeiro encontro, a qualquer hora.",Dona Rosa,marisqueira,Conversa (E),E no morador (alterna a cada conversa),,,,,,,,"Siri bom a gente reconhece pelo peso. Leve é velho, pesado é cheio de carne. Fruta e bicho se parecem nisso.","A good crab you know by its weight. Light is old, heavy is full of meat. Fruit and creatures are alike in that.","Un buen cangrejo se reconoce por el peso. Liviano es viejo, pesado está lleno de carne. La fruta y los bichos se parecen en eso.",好螃蟹掂一掂分量就知道。轻的是老蟹，沉的才满是肉。水果和活物在这点上很像。,108,7.7,Ana Dias · MZxV5lN3cv7hi1376O0m · eleven_v3,assets/audio/vozes/marisqueira_fala_8.mp3,sim,não,,(sem texto de TTS guardado),completas,3D,,,ok,ok,,,,,pendente,sim,data/npcs_3d.json › moradores[14] marisqueira › falas[7]
npc.lavadeira.saudacoes.1,560,7 · A qualquer hora,"Desde o primeiro encontro, a qualquer hora.",Sá Rita,lavadeira,Saudação (aproximação),Chegar perto (o balão inteiro; a fala no aviso),,,,,,,,"Cuidado com a roupa no varal, moço!","Mind the wash on the line, young man!","¡Cuidado con la ropa en el tendedero, muchacho!",当心晾衣绳上的衣裳，小伙子！,35,2.5,Ana Alice · ORgG8rwdAiMYRug8RJwR · eleven_v3,assets/audio/vozes/lavadeira_saudacao_1.mp3,sim,não,,(sem texto de TTS guardado),completas,3D,,,ok,ok,,,,,pendente,sim,data/npcs_3d.json › moradores[15] lavadeira › saudacoes[0]
npc.lavadeira.saudacoes.2,561,7 · A qualquer hora,"Desde o primeiro encontro, a qualquer hora.",Sá Rita,lavadeira,Saudação (aproximação),Chegar perto (o balão inteiro; a fala no aviso),,,,,,,,Falando de você agorinha mesmo!,We were just talking about you!,¡Justo hablábamos de ti!,我们刚好在说你呢！,31,2.2,Ana Alice · ORgG8rwdAiMYRug8RJwR · eleven_v3,assets/audio/vozes/lavadeira_saudacao_2.mp3,sim,não,[mischievously] Falando de você agorinha mesmo!,sim,completas,3D,,,ok,ok,,,,,pendente,sim,data/npcs_3d.json › moradores[15] lavadeira › saudacoes[1]
npc.lavadeira.saudacoes.3,562,7 · A qualquer hora,"Desde o primeiro encontro, a qualquer hora.",Sá Rita,lavadeira,Saudação (aproximação),Chegar perto (o balão inteiro; a fala no aviso),,,,,,,,"Deus mande sol, que reza não seca roupa.","God send sun, prayer doesn't dry laundry.","Que Dios mande sol, que el rezo no seca la ropa.",求上帝送个好太阳吧，光念经可晒不干衣裳。,40,2.9,Ana Alice · ORgG8rwdAiMYRug8RJwR · eleven_v3,assets/audio/vozes/lavadeira_saudacao_3.mp3,sim,não,,(sem texto de TTS guardado),completas,3D,,,ok,ok,,,,,pendente,sim,data/npcs_3d.json › moradores[15] lavadeira › saudacoes[2]
npc.lavadeira.saudacoes.4,563,7 · A qualquer hora,"Desde o primeiro encontro, a qualquer hora.",Sá Rita,lavadeira,Saudação (aproximação),Chegar perto (o balão inteiro; a fala no aviso),,,,,,,,"Venha, sente, que a prosa é de graça.","Come, sit, the chat is free.","Ven, siéntate, que la charla es gratis.",来，坐下，聊天不要钱。,37,2.6,Ana Alice · ORgG8rwdAiMYRug8RJwR · eleven_v3,assets/audio/vozes/lavadeira_saudacao_4.mp3,sim,não,,(sem texto de TTS guardado),completas,3D,,,ok,ok,,,,,pendente,sim,data/npcs_3d.json › moradores[15] lavadeira › saudacoes[3]
npc.lavadeira.falas.1,564,7 · A qualquer hora,"Desde o primeiro encontro, a qualquer hora.",Sá Rita,lavadeira,Conversa (E),E no morador (alterna a cada conversa),,,,,,,,"Lavo na pedra, perto da ponte, onde o rio corre limpo. Sabão de coco e muito braço: não tem segredo.","I wash on the rock by the bridge, where the river runs clean. Coconut soap and plenty of elbow grease: no secret.","Lavo en la piedra, junto al puente, donde el río corre limpio. Jabón de coco y mucho brazo: no hay secreto.",我在桥边的石头上洗衣裳，那儿的河水清亮。椰子皂，加上一把好力气，没什么秘诀。,100,7.1,Ana Alice · ORgG8rwdAiMYRug8RJwR · eleven_v3,assets/audio/vozes/lavadeira_fala_1.mp3,sim,não,,(sem texto de TTS guardado),completas,3D,,,ok,ok,,,,,pendente,sim,data/npcs_3d.json › moradores[15] lavadeira › falas[0]
npc.lavadeira.falas.2,565,7 · A qualquer hora,"Desde o primeiro encontro, a qualquer hora.",Sá Rita,lavadeira,Conversa (E),E no morador (alterna a cada conversa),,,,,,,,"Roupa conta a vida de quem veste. A camisa do Cosme vem sempre com terra de roça, a toalha da igreja, com cheiro de vela.","Clothes tell the life of who wears them. Cosme's shirt always comes with field dirt, the church cloth with a smell of candle.","La ropa cuenta la vida de quien la viste. La camisa de Cosme siempre trae tierra de sembrado, el paño de la iglesia, olor a vela.",衣裳会讲穿它的人过的日子。科斯梅的衬衫总沾着田里的泥，教堂的桌布总带着蜡烛的味道。,121,8.6,Ana Alice · ORgG8rwdAiMYRug8RJwR · eleven_v3,assets/audio/vozes/lavadeira_fala_2.mp3,sim,não,,(sem texto de TTS guardado),completas,3D,,,ok,ok,,,,,pendente,sim,data/npcs_3d.json › moradores[15] lavadeira › falas[1]
npc.lavadeira.falas.3,566,7 · A qualquer hora,"Desde o primeiro encontro, a qualquer hora.",Sá Rita,lavadeira,Conversa (E),E no morador (alterna a cada conversa),,,,,,,,Os lençóis da Dona Zefa cheiram a arruda. Cheiram tão bem que a gente quase adoece só pra ser tratado por ela.,Dona Zefa's sheets smell of rue. So sweet that you almost fall ill just to be tended by her.,Las sábanas de doña Zefa huelen a ruda. Huelen tan bien que uno casi se enferma solo para que ella lo cuide.,泽法大妈的床单有芸香味。香得叫人差点想生场病，好让她来治。,110,7.9,Ana Alice · ORgG8rwdAiMYRug8RJwR · eleven_v3,assets/audio/vozes/lavadeira_fala_3.mp3,sim,não,,(sem texto de TTS guardado),completas,3D,,,ok,ok,,,,,pendente,sim,data/npcs_3d.json › moradores[15] lavadeira › falas[2]
npc.lavadeira.falas.4,567,7 · A qualquer hora,"Desde o primeiro encontro, a qualquer hora.",Sá Rita,lavadeira,Conversa (E),E no morador (alterna a cada conversa),,,,,,,,Quarar é estender o linho na grama ao sol e molhar de novo. Fica branco que dói na vista. Branco de verdade só assim.,To bleach is to spread linen on the grass in the sun and wet it again. It turns white enough to hurt the eyes. Real white comes no other way.,Blanquear es tender el lino sobre el pasto al sol y mojarlo otra vez. Queda tan blanco que duele a la vista. El blanco de verdad sale solo así.,“晒白”就是把亚麻布摊在草地上晒太阳，再洒水，再晒。白得晃眼。真正的白，只能这么来。,117,8.4,Ana Alice · ORgG8rwdAiMYRug8RJwR · eleven_v3,assets/audio/vozes/lavadeira_fala_4.mp3,sim,não,,(sem texto de TTS guardado),completas,3D,,,ok,ok,,,,,pendente,sim,data/npcs_3d.json › moradores[15] lavadeira › falas[3]
npc.lavadeira.falas.5,568,7 · A qualquer hora,"Desde o primeiro encontro, a qualquer hora.",Sá Rita,lavadeira,Conversa (E),E no morador (alterna a cada conversa),,,,,,,,Os patos da ponte já me conhecem. Comem o pão que sobra da minha merenda e não me deixam sozinha nem pra rezar.,"The ducks by the bridge know me by now. They eat the bread left from my snack and won't leave me alone, not even to pray.",Los patos del puente ya me conocen. Comen el pan que sobra de mi merienda y no me dejan sola ni para rezar.,桥边的鸭子都认得我了。它们吃我午饭剩下的面包，连我祷告的时候都不肯让我清静。,111,7.9,Ana Alice · ORgG8rwdAiMYRug8RJwR · eleven_v3,assets/audio/vozes/lavadeira_fala_5.mp3,sim,não,,(sem texto de TTS guardado),completas,3D,,,ok,ok,,,,,pendente,sim,data/npcs_3d.json › moradores[15] lavadeira › falas[4]
npc.lavadeira.falas.6,569,7 · A qualquer hora,"Desde o primeiro encontro, a qualquer hora.",Sá Rita,lavadeira,Conversa (E),E no morador (alterna a cada conversa),,,,,,,,"Bato roupa na pedra e o vento traz a conversa de todo mundo. Eu não conto, mas escuto de graça.","I beat clothes on the stone and the wind brings everybody's talk. I don't tell, but I listen for free.","Golpeo la ropa en la piedra y el viento trae la charla de todos. Yo no cuento, pero escucho gratis.",我在石头上捶衣裳，风把大家的闲话都送了过来。我不说出去，可白听一听嘛。,95,6.8,Ana Alice · ORgG8rwdAiMYRug8RJwR · eleven_v3,assets/audio/vozes/lavadeira_fala_6.mp3,sim,não,"[mischievously] Bato roupa na pedra e o vento traz a conversa de todo mundo. Eu não conto, mas escuto de graça.",sim,completas,3D,,,ok,ok,,,,,pendente,sim,data/npcs_3d.json › moradores[15] lavadeira › falas[5]
npc.lavadeira.falas.7,570,7 · A qualquer hora,"Desde o primeiro encontro, a qualquer hora.",Sá Rita,lavadeira,Conversa (E),E no morador (alterna a cada conversa),,,,,,,,"De tarde, no poço, a gente troca novidade. O poço anda cansado, moço: a corda gasta, o balde pesa. Um mutirão resolvia.","In the afternoon at the well we swap news. The well is tired, young man: the rope is worn, the bucket heavy. A work party would fix it.","Por la tarde, en el pozo, intercambiamos novedades. El pozo anda cansado, muchacho: la soga gastada, el balde pesado. Una faena de vecinos lo arreglaría.",下午在井边，我们互相交换新鲜事。可这口井也累了，小伙子：绳子磨损了，水桶也沉。大伙儿一起动手就能解决。,119,8.5,Ana Alice · ORgG8rwdAiMYRug8RJwR · eleven_v3,assets/audio/vozes/lavadeira_fala_7.mp3,sim,não,,(sem texto de TTS guardado),completas,3D,,,problema,problema,"""O poço anda cansado... Um mutirão resolvia."" — o mutirão do poço é do dia 1 da chegada, antes de o jogador conhecer a Sá Rita: a fala nasce velha.","""De tarde, no poço, a gente troca novidade. Desde o mutirão a corda é nova e o balde sobe leve — a gente agradece ao senhor.""",média,,corrigir,sim,data/npcs_3d.json › moradores[15] lavadeira › falas[6]
npc.lavadeira.falas.8,571,7 · A qualquer hora,"Desde o primeiro encontro, a qualquer hora.",Sá Rita,lavadeira,Conversa (E),E no morador (alterna a cada conversa),,,,,,,,Barra de vestido manchada de massapê é de quem andou na estrada depois da chuva. Massapê é teimoso: pede três lavadas.,A dress hem stained with black massapê clay belongs to someone who walked the road after rain. Massapê is stubborn: it takes three washes.,El borde de un vestido manchado de masapé es de quien anduvo el camino después de la lluvia. El masapé es terco: pide tres lavadas.,裙摆上沾了黏土渍的，就是雨后走过大路的人。这种黏土可倔了，得洗上三遍。,118,8.4,Ana Alice · ORgG8rwdAiMYRug8RJwR · eleven_v3,assets/audio/vozes/lavadeira_fala_8.mp3,sim,não,,(sem texto de TTS guardado),completas,3D,,,ok,ok,,,,,pendente,sim,data/npcs_3d.json › moradores[15] lavadeira › falas[7]
npc.rendeira.saudacoes.1,572,7 · A qualquer hora,"Desde o primeiro encontro, a qualquer hora.",Dona Estefânia,rendeira,Saudação (aproximação),Chegar perto (o balão inteiro; a fala no aviso),,,,,,,,"Fale baixinho, moço, que eu conto os bilros.","Speak softly, young man, I'm counting bobbins.","Habla bajito, muchacho, que estoy contando bolillos.",小声点说话，小伙子，我正数着线梭呢。,44,3.1,Lily · pFZP5JQG7iQjIQuC4Bku · eleven_v3,assets/audio/vozes/rendeira_saudacao_1.mp3,sim,não,"[whispers] Fale baixinho, moço, que eu conto os bilros.",sim,completas,3D,,,ok,ok,,,,,pendente,sim,data/npcs_3d.json › moradores[16] rendeira › saudacoes[0]
npc.rendeira.saudacoes.2,573,7 · A qualquer hora,"Desde o primeiro encontro, a qualquer hora.",Dona Estefânia,rendeira,Saudação (aproximação),Chegar perto (o balão inteiro; a fala no aviso),,,,,,,,"Que Deus lhe dê vista boa, meu filho.","May God give you good eyesight, my son.","Que Dios te dé buena vista, hijo mío.",愿上帝赐你一双好眼睛，孩子。,37,2.6,Lily · pFZP5JQG7iQjIQuC4Bku · eleven_v3,assets/audio/vozes/rendeira_saudacao_2.mp3,sim,não,,(sem texto de TTS guardado),completas,3D,,,ok,ok,,,,,pendente,sim,data/npcs_3d.json › moradores[16] rendeira › saudacoes[1]
npc.rendeira.saudacoes.3,574,7 · A qualquer hora,"Desde o primeiro encontro, a qualquer hora.",Dona Estefânia,rendeira,Saudação (aproximação),Chegar perto (o balão inteiro; a fala no aviso),,,,,,,,"Sente aí um minuto, a linha não foge.","Sit a minute, the thread won't run away.","Siéntate un minuto, el hilo no se escapa.",坐一会儿吧，线又不会跑。,37,2.6,Lily · pFZP5JQG7iQjIQuC4Bku · eleven_v3,assets/audio/vozes/rendeira_saudacao_3.mp3,sim,não,,(sem texto de TTS guardado),completas,3D,,,ok,ok,,,,,pendente,sim,data/npcs_3d.json › moradores[16] rendeira › saudacoes[2]
npc.rendeira.saudacoes.4,575,7 · A qualquer hora,"Desde o primeiro encontro, a qualquer hora.",Dona Estefânia,rendeira,Saudação (aproximação),Chegar perto (o balão inteiro; a fala no aviso),,,,,,,,"Olha só quem apareceu, e eu aqui no ponto!","Look who showed up, and me mid-stitch!","¡Mira quién apareció, y yo a medio punto!",瞧瞧是谁来了，我这儿正织到关键处！,42,3,Lily · pFZP5JQG7iQjIQuC4Bku · eleven_v3,assets/audio/vozes/rendeira_saudacao_4.mp3,sim,não,,(sem texto de TTS guardado),completas,3D,,,ok,ok,,,,,pendente,sim,data/npcs_3d.json › moradores[16] rendeira › saudacoes[3]
npc.rendeira.falas.1,576,7 · A qualquer hora,"Desde o primeiro encontro, a qualquer hora.",Dona Estefânia,rendeira,Conversa (E),E no morador (alterna a cada conversa),,,,,,,,"Renda de bilro é paciência com música: o estalo dos bilros marca o ritmo. Um palmo leva dias, e eu rezo enquanto faço.","Bobbin lace is patience with music: the clicking of the bobbins keeps the rhythm. A span takes days, and I pray while I work.","El encaje de bolillos es paciencia con música: el chasquido de los bolillos marca el ritmo. Un palmo lleva días, y yo rezo mientras lo hago.",梭编花边是带着音乐的耐心：线梭的啪嗒声打着拍子。一拃长的花边要织好几天，我边织边祈祷。,118,8.4,Lily · pFZP5JQG7iQjIQuC4Bku · eleven_v3,assets/audio/vozes/rendeira_fala_1.mp3,sim,não,,(sem texto de TTS guardado),completas,3D,,,ok,ok,,,,,pendente,sim,data/npcs_3d.json › moradores[16] rendeira › falas[0]
npc.rendeira.falas.2,577,7 · A qualquer hora,"Desde o primeiro encontro, a qualquer hora.",Dona Estefânia,rendeira,Conversa (E),E no morador (alterna a cada conversa),,,,,,,,"O desenho vem do pique, um papel furado que a gente prende com alfinete. O pique da minha avó eu uso até hoje.","The pattern comes from the pricking, a pierced paper we pin down. I still use my grandmother's pricking today.","El dibujo viene del picado, un papel perforado que se prende con alfileres. El picado de mi abuela lo uso hasta hoy.",花样来自“花样纸”，一张扎了孔的纸，用别针固定。我奶奶那张花样纸，我到今天还在用。,110,7.9,Lily · pFZP5JQG7iQjIQuC4Bku · eleven_v3,assets/audio/vozes/rendeira_fala_2.mp3,sim,não,,(sem texto de TTS guardado),completas,3D,,,ok,ok,,,,,pendente,sim,data/npcs_3d.json › moradores[16] rendeira › falas[1]
npc.rendeira.falas.3,578,7 · A qualquer hora,"Desde o primeiro encontro, a qualquer hora.",Dona Estefânia,rendeira,Conversa (E),E no morador (alterna a cada conversa),,,,,,,,"A vista já não é a de antes, moço. Faço renda mais pelo dedo que pelo olho. O dedo não cansa.","My eyesight isn't what it was, young man. I make lace more by finger than by eye. Fingers don't tire.","La vista ya no es la de antes, muchacho. Hago encaje más con el dedo que con el ojo. El dedo no se cansa.",我的眼力大不如前了，小伙子。现在织花边靠手指多过靠眼睛。手指可不会累。,93,6.6,Lily · pFZP5JQG7iQjIQuC4Bku · eleven_v3,assets/audio/vozes/rendeira_fala_3.mp3,sim,não,,(sem texto de TTS guardado),completas,3D,,,ok,ok,,,,,pendente,sim,data/npcs_3d.json › moradores[16] rendeira › falas[2]
npc.rendeira.falas.4,579,7 · A qualquer hora,"Desde o primeiro encontro, a qualquer hora.",Dona Estefânia,rendeira,Conversa (E),E no morador (alterna a cada conversa),,,,,,,,Renda boa vai pra Salvador. Tem moça rica que paga caro e nem imagina quantos dias cabem num palmo.,Good lace goes to Salvador. Rich ladies pay dearly and never imagine how many days fit in a span.,El buen encaje va a Salvador. Hay señoritas ricas que pagan caro y no imaginan cuántos días caben en un palmo.,好花边都送去萨尔瓦多。有些富家小姐肯出高价，却想不到一拃长的花边里装着多少个日子。,99,7.1,Lily · pFZP5JQG7iQjIQuC4Bku · eleven_v3,assets/audio/vozes/rendeira_fala_4.mp3,sim,não,,(sem texto de TTS guardado),completas,3D,,,ok,ok,,,,,pendente,sim,data/npcs_3d.json › moradores[16] rendeira › falas[3]
npc.rendeira.falas.5,580,7 · A qualquer hora,"Desde o primeiro encontro, a qualquer hora.",Dona Estefânia,rendeira,Conversa (E),E no morador (alterna a cada conversa),,,,,,,,"Todo dia, perto do meio-dia, vou ao poço com o balde. Ali descanso a vista e ouço as novidades que as outras trazem.",Every day near noon I go to the well with the bucket. There I rest my eyes and hear the news the others bring.,"Todos los días, cerca del mediodía, voy al pozo con el balde. Allí descanso la vista y oigo las novedades que traen las otras.",每天临近中午，我提着水桶去井边。在那儿让眼睛歇一歇，听别人带来的新鲜事。,116,8.3,Lily · pFZP5JQG7iQjIQuC4Bku · eleven_v3,assets/audio/vozes/rendeira_fala_5.mp3,sim,não,,(sem texto de TTS guardado),completas,3D,,,ok,ok,,,,,pendente,sim,data/npcs_3d.json › moradores[16] rendeira › falas[4]
npc.rendeira.falas.6,581,7 · A qualquer hora,"Desde o primeiro encontro, a qualquer hora.",Dona Estefânia,rendeira,Conversa (E),E no morador (alterna a cada conversa),,,,,,,,"Na praça eu conto os pontos da conversa: um aqui, um ali. Fofoca bem tecida vale mais que renda mal feita.","In the square I count the stitches of the talk: one here, one there. Well-woven gossip beats badly made lace.","En la plaza cuento los puntos de la charla: uno aquí, otro allá. El chisme bien tejido vale más que un encaje mal hecho.",在广场上，我数着话里的针脚：这儿一针，那儿一针。织得漂亮的闲话，比织坏的花边更值钱。,106,7.6,Lily · pFZP5JQG7iQjIQuC4Bku · eleven_v3,assets/audio/vozes/rendeira_fala_6.mp3,sim,não,,(sem texto de TTS guardado),completas,3D,,,ok,ok,,,,,pendente,sim,data/npcs_3d.json › moradores[16] rendeira › falas[5]
npc.rendeira.falas.7,582,7 · A qualquer hora,"Desde o primeiro encontro, a qualquer hora.",Dona Estefânia,rendeira,Conversa (E),E no morador (alterna a cada conversa),,,,,,,,Meu gato malhado dorme em cima da almofada. Já derrubou três bilros e nunca pediu desculpa.,My spotted cat sleeps on top of the pillow. He's knocked over three bobbins and never apologized.,Mi gato manchado duerme encima de la almohadilla. Ya tiró tres bolillos y nunca pidió disculpas.,我的花斑猫睡在绣垫上。它已经碰掉了三只线梭，从来没道过歉。,91,6.5,Lily · pFZP5JQG7iQjIQuC4Bku · eleven_v3,assets/audio/vozes/rendeira_fala_7.mp3,sim,não,[sarcastic] Meu gato malhado dorme em cima da almofada. Já derrubou três bilros e nunca pediu desculpa.,sim,completas,3D,,,ok,ok,,,,,pendente,sim,data/npcs_3d.json › moradores[16] rendeira › falas[6]
npc.rendeira.falas.8,583,7 · A qualquer hora,"Desde o primeiro encontro, a qualquer hora.",Dona Estefânia,rendeira,Conversa (E),E no morador (alterna a cada conversa),,,,,,,,"A toalha de renda do altar fui eu que fiz. Levou um ano. O padre diz que Deus vê cada ponto, e eu torço pra Ele não ver o torto.","I made the lace cloth for the altar. It took a year. The priest says God sees every stitch, and I hope He doesn't see the crooked one.","El mantel de encaje del altar lo hice yo. Llevó un año. El cura dice que Dios ve cada punto, y yo espero que no vea el torcido.",祭坛上的花边桌布是我织的，花了整整一年。神父说上帝能看见每一针，我只盼着祂别看见那歪的一针。,128,9.1,Lily · pFZP5JQG7iQjIQuC4Bku · eleven_v3,assets/audio/vozes/rendeira_fala_8.mp3,sim,não,"[mischievously] A toalha de renda do altar fui eu que fiz. Levou um ano. O padre diz que Deus vê cada ponto, e eu torço pra Ele não ver o torto.",sim,completas,3D,,,ok,ok,,,,,pendente,sim,data/npcs_3d.json › moradores[16] rendeira › falas[7]
npc.quituteira.saudacoes.1,584,7 · A qualquer hora,"Desde o primeiro encontro, a qualquer hora.",Dona Ambrósia,quituteira,Saudação (aproximação),Chegar perto (o balão inteiro; a fala no aviso),,,,,,,,"Olha o acarajé quentinho, freguês!","Hot acarajé, customer!","¡Acarajé calentito, cliente!",热乎乎的阿卡拉杰，来一份吧，客人！,34,2.4,Jessica · cgSgspJ2msm6clMCkdW9 · eleven_v3,assets/audio/vozes/quituteira_saudacao_1.mp3,sim,não,"[excited] Olha o acarajé quentinho, freguês!",sim,completas,3D,,,ok,ok,,,,,pendente,sim,data/npcs_3d.json › moradores[17] quituteira › saudacoes[0]
npc.quituteira.saudacoes.2,585,7 · A qualquer hora,"Desde o primeiro encontro, a qualquer hora.",Dona Ambrósia,quituteira,Saudação (aproximação),Chegar perto (o balão inteiro; a fala no aviso),,,,,,,,"Beiju fresquinho, tapioca na hora!","Fresh beiju, tapioca made on the spot!","¡Beiju fresquito, tapioca al momento!",刚出锅的木薯饼，现做现卖！,34,2.4,Jessica · cgSgspJ2msm6clMCkdW9 · eleven_v3,assets/audio/vozes/quituteira_saudacao_2.mp3,sim,não,"[cheerfully] Beiju fresquinho, tapioca na hora!",sim,completas,3D,,,ok,ok,,,,,pendente,sim,data/npcs_3d.json › moradores[17] quituteira › saudacoes[1]
npc.quituteira.saudacoes.3,586,7 · A qualquer hora,"Desde o primeiro encontro, a qualquer hora.",Dona Ambrósia,quituteira,Saudação (aproximação),Chegar perto (o balão inteiro; a fala no aviso),,,,,,,,"Chega, meu rei, que o dendê tá no ponto!","Come on, dear, the palm oil is just right!","¡Ven, mi rey, que el dendé está en su punto!",快来，亲爱的，红棕榈油烧得正好！,40,2.9,Jessica · cgSgspJ2msm6clMCkdW9 · eleven_v3,assets/audio/vozes/quituteira_saudacao_3.mp3,sim,não,"[cheerfully] Chega, meu rei, que o dendê tá no ponto!",sim,completas,3D,,,ok,ok,,,,,pendente,sim,data/npcs_3d.json › moradores[17] quituteira › saudacoes[2]
npc.quituteira.saudacoes.4,587,7 · A qualquer hora,"Desde o primeiro encontro, a qualquer hora.",Dona Ambrósia,quituteira,Saudação (aproximação),Chegar perto (o balão inteiro; a fala no aviso),,,,,,,,"Experimenta, moço, e depois me diz se eu minto.","Try it, young man, then tell me if I'm lying.","Pruébalo, muchacho, y luego dime si miento.",尝尝看，小伙子，然后告诉我我有没有吹牛。,47,3.4,Jessica · cgSgspJ2msm6clMCkdW9 · eleven_v3,assets/audio/vozes/quituteira_saudacao_4.mp3,sim,não,,(sem texto de TTS guardado),completas,3D,,,ok,ok,,,,,pendente,sim,data/npcs_3d.json › moradores[17] quituteira › saudacoes[3]
npc.quituteira.falas.1,588,7 · A qualquer hora,"Desde o primeiro encontro, a qualquer hora.",Dona Ambrósia,quituteira,Conversa (E),E no morador (alterna a cada conversa),,,,,,,,"O acarajé nasce do feijão-fradinho ralado e batido, frito em dendê bem quente. Feijão batido com raiva, moço, não cresce.","Acarajé is born of grated and beaten black-eyed peas, fried in very hot palm oil. Beans beaten in anger don't rise, young man.","El acarajé nace del frijol de ojo negro rallado y batido, frito en aceite de dendé bien caliente. El frijol batido con rabia, muchacho, no sube.",阿卡拉杰是用磨碎打匀的黑眼豆，放进滚烫的红棕榈油里炸出来的。豆糊要是带着火气去打，小伙子，是发不起来的。,121,8.6,Jessica · cgSgspJ2msm6clMCkdW9 · eleven_v3,assets/audio/vozes/quituteira_fala_1.mp3,sim,não,,(sem texto de TTS guardado),completas,3D,,,ok,ok,,,,,pendente,sim,data/npcs_3d.json › moradores[17] quituteira › falas[0]
npc.quituteira.falas.2,589,7 · A qualquer hora,"Desde o primeiro encontro, a qualquer hora.",Dona Ambrósia,quituteira,Conversa (E),E no morador (alterna a cada conversa),,,,,,,,"Acarajé é comida de santo antes de ser comida de rua. Quem faz com respeito vende melhor, e eu faço pelos dois.","Acarajé is food for the saints before it is street food. Whoever makes it with respect sells better, and I make it for both.","El acarajé es comida de santo antes de ser comida de calle. Quien lo hace con respeto vende mejor, y yo lo hago por los dos.",阿卡拉杰先是敬神的食物，然后才是街头小吃。带着敬意做的人，生意也更好，我两样都为。,111,7.9,Jessica · cgSgspJ2msm6clMCkdW9 · eleven_v3,assets/audio/vozes/quituteira_fala_2.mp3,sim,não,,(sem texto de TTS guardado),completas,3D,,,ok,ok,,,,,pendente,sim,data/npcs_3d.json › moradores[17] quituteira › falas[1]
npc.quituteira.falas.3,590,7 · A qualquer hora,"Desde o primeiro encontro, a qualquer hora.",Dona Ambrósia,quituteira,Conversa (E),E no morador (alterna a cada conversa),,,,,,,,"Vendo na praça de manhã e na porta da igreja depois do meio-dia. A fome não escolhe santo, e o freguês nem pergunta o meu.","I sell in the square in the morning and at the church door after noon. Hunger doesn't pick a saint, and the customer never asks about mine.","Vendo en la plaza por la mañana y en la puerta de la iglesia después del mediodía. El hambre no elige santo, y el cliente ni pregunta por el mío.",早上我在广场卖，中午过后在教堂门口卖。饿起来不挑神，客人也从不问我拜的是哪位。,122,8.7,Jessica · cgSgspJ2msm6clMCkdW9 · eleven_v3,assets/audio/vozes/quituteira_fala_3.mp3,sim,não,,(sem texto de TTS guardado),completas,3D,,,ok,ok,,,,,pendente,sim,data/npcs_3d.json › moradores[17] quituteira › falas[2]
npc.quituteira.falas.4,591,7 · A qualquer hora,"Desde o primeiro encontro, a qualquer hora.",Dona Ambrósia,quituteira,Conversa (E),E no morador (alterna a cada conversa),,,,,,,,"A Candinha vende garapa gelada, eu vendo comida quente. Brigamos pela esquina da praça, mas é ela que me guarda o tabuleiro.","Candinha sells cold cane juice, I sell hot food. We fight over the corner of the square, but she's the one who watches my tray.","Candinha vende guarapo helado, yo vendo comida caliente. Peleamos por la esquina de la plaza, pero es ella quien me cuida la bandeja.",坎迪尼亚卖冰甘蔗汁，我卖热食。我们为广场的拐角吵过架，可替我看摊子的还是她。,124,8.9,Jessica · cgSgspJ2msm6clMCkdW9 · eleven_v3,assets/audio/vozes/quituteira_fala_4.mp3,sim,não,,(sem texto de TTS guardado),completas,3D,,,atenção,ok,"""A Candinha vende garapa gelada"" — sem gelo em 1887 no arraial.","""A Candinha vende garapa, eu vendo comida quente.""",baixa,,corrigir,sim,data/npcs_3d.json › moradores[17] quituteira › falas[3]
npc.quituteira.falas.5,592,7 · A qualquer hora,"Desde o primeiro encontro, a qualquer hora.",Dona Ambrósia,quituteira,Conversa (E),E no morador (alterna a cada conversa),,,,,,,,"Beiju é farinha de tapioca na chapa quente, enrolada com coco. Barato, e enche barriga de criança, que é o que importa.","Beiju is tapioca flour on a hot griddle, rolled with coconut. Cheap, and it fills a child's belly, which is what matters.","El beiju es harina de tapioca en plancha caliente, enrollada con coco. Barato, y llena la barriga de un niño, que es lo que importa.",木薯饼就是把木薯粉倒在热铁板上烙熟，再卷上椰丝。便宜，还能填饱孩子的肚子，这才是要紧的。,119,8.5,Jessica · cgSgspJ2msm6clMCkdW9 · eleven_v3,assets/audio/vozes/quituteira_fala_5.mp3,sim,não,,(sem texto de TTS guardado),completas,3D,,,ok,ok,,,,,pendente,sim,data/npcs_3d.json › moradores[17] quituteira › falas[4]
npc.quituteira.falas.6,593,7 · A qualquer hora,"Desde o primeiro encontro, a qualquer hora.",Dona Ambrósia,quituteira,Conversa (E),E no morador (alterna a cada conversa),,,,,,,,"Dendê vem de longe e sobe de preço toda estação. Se o azeite sobe, o acarajé sobe, e freguês resmunga como se a culpa fosse minha.","Palm oil comes from afar and gets dearer every season. If the oil goes up, the acarajé goes up, and customers grumble as if it were my fault.","El aceite de dendé viene de lejos y sube de precio cada estación. Si sube el aceite, sube el acarajé, y el cliente refunfuña como si fuera culpa mía.",红棕榈油从远处运来，每个季节都涨价。油一涨，阿卡拉杰也得涨，客人就嘟嘟囔囔，好像怪我似的。,130,9.3,Jessica · cgSgspJ2msm6clMCkdW9 · eleven_v3,assets/audio/vozes/quituteira_fala_6.mp3,sim,não,,(sem texto de TTS guardado),completas,3D,,,ok,ok,,,,,pendente,sim,data/npcs_3d.json › moradores[17] quituteira › falas[5]
npc.quituteira.falas.7,594,7 · A qualquer hora,"Desde o primeiro encontro, a qualquer hora.",Dona Ambrósia,quituteira,Conversa (E),E no morador (alterna a cada conversa),,,,,,,,Minha Mariinha só quer saber de brincar. Saiu a mim: tem fogo no pé e boca que não para.,My Mariinha only wants to play. She takes after me: fire in her feet and a mouth that never stops.,Mi Mariinha solo quiere jugar. Salió a mí: fuego en los pies y una boca que no para.,我家玛丽妮亚就知道玩。随我：脚底生风，嘴巴不停。,88,6.3,Jessica · cgSgspJ2msm6clMCkdW9 · eleven_v3,assets/audio/vozes/quituteira_fala_7.mp3,sim,não,[laughs] Minha Mariinha só quer saber de brincar. Saiu a mim: tem fogo no pé e boca que não para.,sim,completas,3D,,,ok,ok,,,,,pendente,sim,data/npcs_3d.json › moradores[17] quituteira › falas[6]
npc.quituteira.falas.8,595,7 · A qualquer hora,"Desde o primeiro encontro, a qualquer hora.",Dona Ambrósia,quituteira,Conversa (E),E no morador (alterna a cada conversa),,,,,,,,"Meu tabuleiro leva duas horas pra arrumar e dez minutos pra esvaziar. Quando esvazia cedo, a praça sabe que o dia foi bom.","My tray takes two hours to set up and ten minutes to empty. When it empties early, the square knows the day was good.","Mi bandeja tarda dos horas en armarse y diez minutos en vaciarse. Cuando se vacía temprano, la plaza sabe que el día fue bueno.",我的摊子要花两个钟头摆好，十分钟就卖空。要是早早卖完，整个广场就知道今天是个好日子。,122,8.7,Jessica · cgSgspJ2msm6clMCkdW9 · eleven_v3,assets/audio/vozes/quituteira_fala_8.mp3,sim,não,,(sem texto de TTS guardado),completas,3D,,,ok,ok,,,,,pendente,sim,data/npcs_3d.json › moradores[17] quituteira › falas[7]
npc.carpinteiro.saudacoes.1,596,7 · A qualquer hora,"Desde o primeiro encontro, a qualquer hora.",Seu Epifânio,carpinteiro,Saudação (aproximação),Chegar perto (o balão inteiro; a fala no aviso),,,,,,,,"Cuidado com o cavaco, moço, que voa.","Mind the wood chips, young man, they fly.","Cuidado con las astillas, muchacho, que vuelan.",小心木屑，小伙子，它会飞溅。,36,2.6,Eric · cjVigY5qzO86Huf0OWal · eleven_v3,assets/audio/vozes/carpinteiro_saudacao_1.mp3,sim,não,,(sem texto de TTS guardado),completas,3D,,,ok,ok,,,,,pendente,sim,data/npcs_3d.json › moradores[18] carpinteiro › saudacoes[0]
npc.carpinteiro.saudacoes.2,597,7 · A qualquer hora,"Desde o primeiro encontro, a qualquer hora.",Seu Epifânio,carpinteiro,Saudação (aproximação),Chegar perto (o balão inteiro; a fala no aviso),,,,,,,,"Chegue sem medo, o machado só corta pau.","Come without fear, the axe only cuts wood.","Acércate sin miedo, el hacha solo corta madera.",放心过来，斧头只砍木头。,40,2.9,Eric · cjVigY5qzO86Huf0OWal · eleven_v3,assets/audio/vozes/carpinteiro_saudacao_2.mp3,sim,não,,(sem texto de TTS guardado),completas,3D,,,ok,ok,,,,,pendente,sim,data/npcs_3d.json › moradores[18] carpinteiro › saudacoes[1]
npc.carpinteiro.saudacoes.3,598,7 · A qualquer hora,"Desde o primeiro encontro, a qualquer hora.",Seu Epifânio,carpinteiro,Saudação (aproximação),Chegar perto (o balão inteiro; a fala no aviso),,,,,,,,"Boa canoa começa em boa conversa, moço.","A good canoe starts with a good chat, young man.","Una buena canoa empieza con una buena charla, muchacho.",好独木舟，是从一场好聊天开始的，小伙子。,39,2.8,Eric · cjVigY5qzO86Huf0OWal · eleven_v3,assets/audio/vozes/carpinteiro_saudacao_3.mp3,sim,não,,(sem texto de TTS guardado),completas,3D,,,ok,ok,,,,,pendente,sim,data/npcs_3d.json › moradores[18] carpinteiro › saudacoes[2]
npc.carpinteiro.saudacoes.4,599,7 · A qualquer hora,"Desde o primeiro encontro, a qualquer hora.",Seu Epifânio,carpinteiro,Saudação (aproximação),Chegar perto (o balão inteiro; a fala no aviso),,,,,,,,Deus lhe dê braço forte e pau de lei.,May God give you a strong arm and hardwood.,Que Dios te dé brazo fuerte y madera de ley.,愿上帝赐你一双有力的胳膊和上好的硬木。,37,2.6,Eric · cjVigY5qzO86Huf0OWal · eleven_v3,assets/audio/vozes/carpinteiro_saudacao_4.mp3,sim,não,,(sem texto de TTS guardado),completas,3D,,,ok,ok,,,,,pendente,sim,data/npcs_3d.json › moradores[18] carpinteiro › saudacoes[3]
npc.carpinteiro.falas.1,600,7 · A qualquer hora,"Desde o primeiro encontro, a qualquer hora.",Seu Epifânio,carpinteiro,Conversa (E),E no morador (alterna a cada conversa),,,,,,,,"Canoa boa sai de um tronco só, sem emenda. A gente escolhe o pau pela casca, pelo som e até pelo cheiro.","A good canoe comes from a single trunk, no joint. You pick the log by its bark, its sound, even its smell.","Una buena canoa sale de un solo tronco, sin empalme. Se elige el palo por la corteza, por el sonido y hasta por el olor.",好独木舟出自一整根树干，没有接缝。挑木头要看树皮、听声音，连气味也得闻。,104,7.4,Eric · cjVigY5qzO86Huf0OWal · eleven_v3,assets/audio/vozes/carpinteiro_fala_1.mp3,sim,não,,(sem texto de TTS guardado),completas,3D,,,ok,ok,,,,,pendente,sim,data/npcs_3d.json › moradores[18] carpinteiro › falas[0]
npc.carpinteiro.falas.2,601,7 · A qualquer hora,"Desde o primeiro encontro, a qualquer hora.",Seu Epifânio,carpinteiro,Conversa (E),E no morador (alterna a cada conversa),,,,,,,,"Primeiro eu racho o pau no machado, depois afino com a enxó, e por fim o fogo ajuda a abrir o bojo. Canoa é paciência.","First I split the log with the axe, then trim with the adze, and in the end fire helps open the belly. A canoe is patience.","Primero hiendo el palo con el hacha, luego afino con la azuela, y al final el fuego ayuda a abrir el vientre. Una canoa es paciencia.",先用斧头把木头劈开，再用锛子削薄，最后借火力把船腹撑开。造独木舟靠的是耐心。,118,8.4,Eric · cjVigY5qzO86Huf0OWal · eleven_v3,assets/audio/vozes/carpinteiro_fala_2.mp3,sim,não,,(sem texto de TTS guardado),completas,3D,,,ok,ok,,,,,pendente,sim,data/npcs_3d.json › moradores[18] carpinteiro › falas[1]
npc.carpinteiro.falas.3,602,7 · A qualquer hora,"Desde o primeiro encontro, a qualquer hora.",Seu Epifânio,carpinteiro,Conversa (E),E no morador (alterna a cada conversa),,,,,,,,"Madeira de lei é dura de cortar, mas dura a vida inteira. Madeira mole corta fácil e apodrece no primeiro inverno.",Hardwood is hard to cut but lasts a lifetime. Softwood cuts easy and rots by the first winter.,La madera de ley es dura de cortar pero dura toda la vida. La madera blanda se corta fácil y se pudre en el primer invierno.,硬木难砍，可是能用一辈子。软木好砍，头一个雨季就烂了。,114,8.1,Eric · cjVigY5qzO86Huf0OWal · eleven_v3,assets/audio/vozes/carpinteiro_fala_3.mp3,sim,não,,(sem texto de TTS guardado),completas,3D,,,ok,ok,,,,,pendente,sim,data/npcs_3d.json › moradores[18] carpinteiro › falas[2]
npc.carpinteiro.falas.4,603,7 · A qualquer hora,"Desde o primeiro encontro, a qualquer hora.",Seu Epifânio,carpinteiro,Conversa (E),E no morador (alterna a cada conversa),,,,,,,,"O avô do Seu Benedito tirava madeira boa do outro lado do rio. Parou, e ninguém me conta por quê. Quem sabe, cala.","Seu Benedito's grandfather used to bring fine timber from across the river. He stopped, and nobody tells me why. Whoever knows, keeps quiet.","El abuelo de Seu Benedito sacaba buena madera del otro lado del río. Dejó de hacerlo, y nadie me dice por qué. Quien sabe, calla.",贝内迪托大叔的爷爷以前从河对岸取好木料。后来不去了，也没人肯告诉我为什么。知道的人，都不吭声。,114,8.1,Eric · cjVigY5qzO86Huf0OWal · eleven_v3,assets/audio/vozes/carpinteiro_fala_4.mp3,sim,não,,(sem texto de TTS guardado),completas,3D,,,ok,ok,,,,,pendente,sim,data/npcs_3d.json › moradores[18] carpinteiro › falas[3]
npc.carpinteiro.falas.5,604,7 · A qualquer hora,"Desde o primeiro encontro, a qualquer hora.",Seu Epifânio,carpinteiro,Conversa (E),E no morador (alterna a cada conversa),,,,,,,,"Estou fazendo uma canoa pra aguentar a baía grossa. Ela fica nos fundos de casa, esperando a maré e o resto da minha paciência.","I'm building a canoe to handle the rough bay. She sits behind my house, waiting for the tide and the rest of my patience.","Estoy haciendo una canoa para aguantar la bahía brava. Está en el fondo de mi casa, esperando la marea y lo que me queda de paciencia.",我正造一条能经得住海湾大浪的独木舟。它停在屋后，等着潮水，也等着我最后那点耐心。,127,9.1,Eric · cjVigY5qzO86Huf0OWal · eleven_v3,assets/audio/vozes/carpinteiro_fala_5.mp3,sim,não,,(sem texto de TTS guardado),completas,3D,,,ok,ok,,,,,pendente,sim,data/npcs_3d.json › moradores[18] carpinteiro › falas[4]
npc.carpinteiro.falas.6,605,7 · A qualquer hora,"Desde o primeiro encontro, a qualquer hora.",Seu Epifânio,carpinteiro,Conversa (E),E no morador (alterna a cada conversa),,,,,,,,"Meu Tonico quer ser mestre de canoa antes de saber segurar a enxó. Eu deixo ele tentar, mas fico de olho nos dedos.","My Tonico wants to be a canoe master before he can hold the adze. I let him try, but I watch his fingers.","Mi Tonico quiere ser maestro de canoas antes de saber sostener la azuela. Lo dejo intentar, pero vigilo sus dedos.",我家托尼科还没学会握锛子，就想当造船师傅。我让他试，但眼睛一直盯着他的手指。,115,8.2,Eric · cjVigY5qzO86Huf0OWal · eleven_v3,assets/audio/vozes/carpinteiro_fala_6.mp3,sim,não,,(sem texto de TTS guardado),completas,3D,,,ok,ok,,,,,pendente,sim,data/npcs_3d.json › moradores[18] carpinteiro › falas[5]
npc.carpinteiro.falas.7,606,7 · A qualquer hora,"Desde o primeiro encontro, a qualquer hora.",Seu Epifânio,carpinteiro,Conversa (E),E no morador (alterna a cada conversa),,,,,,,,Canoa de pescador é leve e rápida. Canoa de carga é pesada e teimosa. Cada uma tem o seu tamanho de mar.,A fisherman's canoe is light and quick. A cargo canoe is heavy and stubborn. Each has its own size of sea.,La canoa de pescador es ligera y rápida. La de carga es pesada y terca. Cada una tiene su tamaño de mar.,渔夫的独木舟轻快。载货的独木舟沉重又倔。各有各的海面可走。,104,7.4,Eric · cjVigY5qzO86Huf0OWal · eleven_v3,assets/audio/vozes/carpinteiro_fala_7.mp3,sim,não,,(sem texto de TTS guardado),completas,3D,,,ok,ok,,,,,pendente,sim,data/npcs_3d.json › moradores[18] carpinteiro › falas[6]
npc.carpinteiro.falas.8,607,7 · A qualquer hora,"Desde o primeiro encontro, a qualquer hora.",Seu Epifânio,carpinteiro,Conversa (E),E no morador (alterna a cada conversa),,,,,,,,"Madeira verde empena, madeira seca racha. O segredo é saber o ponto, e o pau diz quando a gente aprende a escutar.","Green wood warps, dry wood cracks. The secret is knowing the point, and the log tells you when you learn to listen.","La madera verde se alabea, la seca se raja. El secreto es saber el punto, y el palo lo dice cuando uno aprende a escuchar.",湿木头会翘，干木头会裂。诀窍是知道那个火候，而木头会在你学会倾听的时候告诉你。,114,8.1,Eric · cjVigY5qzO86Huf0OWal · eleven_v3,assets/audio/vozes/carpinteiro_fala_8.mp3,sim,não,,(sem texto de TTS guardado),completas,3D,,,ok,ok,,,,,pendente,sim,data/npcs_3d.json › moradores[18] carpinteiro › falas[7]
npc.menino.saudacoes.1,608,7 · A qualquer hora,"Desde o primeiro encontro, a qualquer hora.",Tonico,menino,Saudação (aproximação),Chegar perto (o balão inteiro; a fala no aviso),,,,,,,,"Oi, moço! Quer brincar de pega-pega?","Hi, mister! Wanna play tag?",¡Hola! ¿Quieres jugar a la lleva?,你好呀，大哥哥！要不要玩捉人游戏？,36,2.6,Liam · TX3LPaxmHKxFdv7VOQHJ · eleven_v3,assets/audio/vozes/menino_saudacao_1.mp3,sim,não,"[excited] Oi, moço! Quer brincar de pega-pega?",sim,completas,3D,,,ok,ok,,,,,pendente,sim,data/npcs_3d.json › moradores[19] menino › saudacoes[0]
npc.menino.saudacoes.2,609,7 · A qualquer hora,"Desde o primeiro encontro, a qualquer hora.",Tonico,menino,Saudação (aproximação),Chegar perto (o balão inteiro; a fala no aviso),,,,,,,,"Ei, moço! Adivinha o que eu sei!","Hey! Guess what I know, mister!","¡Eh, señor! ¡Adivina qué sé!",喂，大哥哥！猜猜我知道什么！,32,2.3,Liam · TX3LPaxmHKxFdv7VOQHJ · eleven_v3,assets/audio/vozes/menino_saudacao_2.mp3,sim,não,"[excited] Ei, moço! Adivinha o que eu sei!",sim,completas,3D,,,ok,ok,,,,,pendente,sim,data/npcs_3d.json › moradores[19] menino › saudacoes[1]
npc.menino.saudacoes.3,610,7 · A qualquer hora,"Desde o primeiro encontro, a qualquer hora.",Tonico,menino,Saudação (aproximação),Chegar perto (o balão inteiro; a fala no aviso),,,,,,,,"Moço! Vem cá, vem ver!","Mister! Come here, come see!","¡Señor! ¡Ven, ven a ver!",大哥哥！快过来，快来看！,22,1.6,Liam · TX3LPaxmHKxFdv7VOQHJ · eleven_v3,assets/audio/vozes/menino_saudacao_3.mp3,sim,não,"[excited] Moço! Vem cá, vem ver!",sim,completas,3D,,,ok,ok,,,,,pendente,sim,data/npcs_3d.json › moradores[19] menino › saudacoes[2]
npc.menino.saudacoes.4,611,7 · A qualquer hora,"Desde o primeiro encontro, a qualquer hora.",Tonico,menino,Saudação (aproximação),Chegar perto (o balão inteiro; a fala no aviso),,,,,,,,Já viu a onça? Eu ainda não!,Seen the jaguar yet? I haven't!,¿Ya viste al jaguar? ¡Yo todavía no!,你见过美洲豹吗？我还没见过呢！,28,2,Liam · TX3LPaxmHKxFdv7VOQHJ · eleven_v3,assets/audio/vozes/menino_saudacao_4.mp3,sim,não,[curious] Já viu a onça? Eu ainda não!,sim,completas,3D,,,ok,ok,,,,,pendente,sim,data/npcs_3d.json › moradores[19] menino › saudacoes[3]
npc.menino.falas.1,612,7 · A qualquer hora,"Desde o primeiro encontro, a qualquer hora.",Tonico,menino,Conversa (E),E no morador (alterna a cada conversa),,,,,,,,"Painho tá fazendo uma canoa de um pau só, a maior do mundo! Ele diz que é pra pescar baleia.","Daddy's making a canoe from a single log, the biggest in the world! He says it's for catching whales.","¡Papi está haciendo una canoa de un solo palo, la más grande del mundo! Dice que es para pescar ballenas.",爸爸在造一条用一整根木头做的独木舟，世界上最大的！他说是用来捕鲸鱼的。,92,6.6,Liam · TX3LPaxmHKxFdv7VOQHJ · eleven_v3,assets/audio/vozes/menino_fala_1.mp3,sim,não,"[excited] Painho tá fazendo uma canoa de um pau só, a maior do mundo! Ele diz que é pra pescar baleia.",sim,completas,3D,,,ok,ok,,,,,pendente,sim,data/npcs_3d.json › moradores[19] menino › falas[0]
npc.menino.falas.2,613,7 · A qualquer hora,"Desde o primeiro encontro, a qualquer hora.",Tonico,menino,Conversa (E),E no morador (alterna a cada conversa),,,,,,,,"Mainha disse que na mata tem onça. Eu não tenho medo, não. Só tenho um pouquinho. Só quando escurece.","Mommy says there's a jaguar in the woods. I'm not scared, no. Just a little. Only when it gets dark.","Mamá dice que en el monte hay un jaguar. Yo no tengo miedo, no. Solo un poquito. Solo cuando oscurece.",妈妈说林子里有美洲豹。我才不怕呢。就怕一点点。只有天黑的时候才怕。,101,7.2,Liam · TX3LPaxmHKxFdv7VOQHJ · eleven_v3,assets/audio/vozes/menino_fala_2.mp3,sim,não,"[nervous] Mainha disse que na mata tem onça. Eu não tenho medo, não. Só tenho um pouquinho. Só quando escurece.",sim,completas,3D,,,ok,ok,,,,,pendente,sim,data/npcs_3d.json › moradores[19] menino › falas[1]
npc.menino.falas.3,614,7 · A qualquer hora,"Desde o primeiro encontro, a qualquer hora.",Tonico,menino,Conversa (E),E no morador (alterna a cada conversa),,,,,,,,No cemitério eu não vou nem pagando. Dizem que lá em cima os mortos escutam tudo.,I wouldn't go to the cemetery even if you paid me. They say the dead up there hear everything.,Al cementerio no voy ni pagando. Dicen que allá arriba los muertos lo oyen todo.,给我钱我也不去墓地。人家说山上的死人什么都听得见。,81,5.8,Liam · TX3LPaxmHKxFdv7VOQHJ · eleven_v3,assets/audio/vozes/menino_fala_3.mp3,sim,não,[whispers] No cemitério eu não vou nem pagando. Dizem que lá em cima os mortos escutam tudo.,sim,completas,3D,,,ok,ok,,,,,pendente,sim,data/npcs_3d.json › moradores[19] menino › falas[2]
npc.menino.falas.4,615,7 · A qualquer hora,"Desde o primeiro encontro, a qualquer hora.",Tonico,menino,Conversa (E),E no morador (alterna a cada conversa),,,,,,,,"Uma noite vi uma luz parada no mato, lá longe. Fechei a janela e fingi que dormia.","One night I saw a light standing still in the woods, far away. I shut the window and pretended to sleep.","Una noche vi una luz quieta en el monte, allá lejos. Cerré la ventana y fingí que dormía.",有天晚上，我看见远处的林子里有一团不动的光。我关上窗，假装睡着了。,82,5.9,Liam · TX3LPaxmHKxFdv7VOQHJ · eleven_v3,assets/audio/vozes/menino_fala_4.mp3,sim,não,"[whispers] Uma noite vi uma luz parada no mato, lá longe. Fechei a janela e fingi que dormia.",sim,completas,3D,,,ok,ok,,,,,pendente,sim,data/npcs_3d.json › moradores[19] menino › falas[3]
npc.menino.falas.5,616,7 · A qualquer hora,"Desde o primeiro encontro, a qualquer hora.",Tonico,menino,Conversa (E),E no morador (alterna a cada conversa),,,,,,,,"Eu corro mais que a Mariinha, mais que o cachorro e quase mais que o Pedro. Só não corro mais que mainha com a chinela.","I run faster than Mariinha, faster than the dog, and almost faster than Pedro. I just can't outrun Mommy with her sandal.","Corro más que Mariinha, más que el perro y casi más que Pedro. Solo no corro más que mamá con la chancla.",我跑得比玛丽妮亚快，比狗快，差不多比佩德罗还快。就是跑不过拿着拖鞋的妈妈。,119,8.5,Liam · TX3LPaxmHKxFdv7VOQHJ · eleven_v3,assets/audio/vozes/menino_fala_5.mp3,sim,não,"[excited] Eu corro mais que a Mariinha, mais que o cachorro e quase mais que o Pedro. Só não corro mais que mainha com a chinela.",sim,completas,3D,,,ok,ok,,,,,pendente,sim,data/npcs_3d.json › moradores[19] menino › falas[4]
npc.menino.falas.6,617,7 · A qualquer hora,"Desde o primeiro encontro, a qualquer hora.",Tonico,menino,Conversa (E),E no morador (alterna a cada conversa),,,,,,,,"O poço tem eco. Se você gritar o seu nome lá dentro, ele responde. Mas responde diferente, e isso dá arrepio.","The well has an echo. If you shout your name inside, it answers. But it answers different, and that gives me chills.","El pozo tiene eco. Si gritas tu nombre adentro, responde. Pero responde distinto, y eso da escalofríos.",井里有回声。你要是对着里面喊自己的名字，它会回答。可它回答得不一样，让人起鸡皮疙瘩。,109,7.8,Liam · TX3LPaxmHKxFdv7VOQHJ · eleven_v3,assets/audio/vozes/menino_fala_6.mp3,sim,não,"[whispers] O poço tem eco. Se você gritar o seu nome lá dentro, ele responde. Mas responde diferente, e isso dá arrepio.",sim,completas,3D,,,ok,ok,,,,,pendente,sim,data/npcs_3d.json › moradores[19] menino › falas[5]
npc.menino.falas.7,618,7 · A qualquer hora,"Desde o primeiro encontro, a qualquer hora.",Tonico,menino,Conversa (E),E no morador (alterna a cada conversa),,,,,,,,"Eu vou ser pescador, não, mestre de canoa, não, vou ser guarda! Aí eu mando todo mundo dormir cedo.","I'm gonna be a fisherman, no, a canoe master, no, a watchman! Then I'll send everybody to bed early.","¡Voy a ser pescador, no, maestro de canoas, no, guardia! Y así mando a todos a dormir temprano.",我要当渔夫——不对，当造船师傅——也不对，我要当守卫！那样我就能让大家都早点睡觉。,99,7.1,Liam · TX3LPaxmHKxFdv7VOQHJ · eleven_v3,assets/audio/vozes/menino_fala_7.mp3,sim,não,"[excited] Eu vou ser pescador, não, mestre de canoa, não, vou ser guarda! Aí eu mando todo mundo dormir cedo.",sim,completas,3D,,,ok,ok,,,,,pendente,sim,data/npcs_3d.json › moradores[19] menino › falas[6]
npc.menina.saudacoes.1,619,7 · A qualquer hora,"Desde o primeiro encontro, a qualquer hora.",Mariinha,menina,Saudação (aproximação),Chegar perto (o balão inteiro; a fala no aviso),,,,,,,,"Oi, moço! Quer ver um segredo?","Hi, mister! Wanna see a secret?",¡Hola! ¿Quieres ver un secreto?,你好呀，大哥哥！想看一个秘密吗？,30,2.1,Laura · FGY2WhTYpPnrIDTdsKH5 · eleven_v3,assets/audio/vozes/menina_saudacao_1.mp3,sim,não,"[whispers] Oi, moço! Quer ver um segredo?",sim,completas,3D,,,ok,ok,,,,,pendente,sim,data/npcs_3d.json › moradores[20] menina › saudacoes[0]
npc.menina.saudacoes.2,620,7 · A qualquer hora,"Desde o primeiro encontro, a qualquer hora.",Mariinha,menina,Saudação (aproximação),Chegar perto (o balão inteiro; a fala no aviso),,,,,,,,"Psiu! Vem cá, mas não conta pra ninguém.","Psst! Come here, but don't tell anyone.","¡Psst! Ven acá, pero no le cuentes a nadie.",嘘！过来，可别告诉任何人。,40,2.9,Laura · FGY2WhTYpPnrIDTdsKH5 · eleven_v3,assets/audio/vozes/menina_saudacao_2.mp3,sim,não,"[whispers] Psiu! Vem cá, mas não conta pra ninguém.",sim,completas,3D,,,ok,ok,,,,,pendente,sim,data/npcs_3d.json › moradores[20] menina › saudacoes[1]
npc.menina.saudacoes.3,621,7 · A qualquer hora,"Desde o primeiro encontro, a qualquer hora.",Mariinha,menina,Saudação (aproximação),Chegar perto (o balão inteiro; a fala no aviso),,,,,,,,Mainha faz o acarajé mais gostoso do mundo!,Mommy makes the tastiest acarajé in the world!,¡Mamá hace el acarajé más rico del mundo!,我妈妈做的阿卡拉杰，是全世界最好吃的！,43,3.1,Laura · FGY2WhTYpPnrIDTdsKH5 · eleven_v3,assets/audio/vozes/menina_saudacao_3.mp3,sim,não,[excited] Mainha faz o acarajé mais gostoso do mundo!,sim,completas,3D,,,ok,ok,,,,,pendente,sim,data/npcs_3d.json › moradores[20] menina › saudacoes[2]
npc.menina.saudacoes.4,622,7 · A qualquer hora,"Desde o primeiro encontro, a qualquer hora.",Mariinha,menina,Saudação (aproximação),Chegar perto (o balão inteiro; a fala no aviso),,,,,,,,"Eu sou Mariinha, e você é o moço novo!","I'm Mariinha, and you're the new mister!","¡Yo soy Mariinha, y tú eres el señor nuevo!",我是玛丽妮亚，你就是新来的大哥哥！,38,2.7,Laura · FGY2WhTYpPnrIDTdsKH5 · eleven_v3,assets/audio/vozes/menina_saudacao_4.mp3,sim,não,"[cheerfully] Eu sou Mariinha, e você é o moço novo!",sim,completas,3D,,"fala de quem acabou de chegar, e ela toca o jogo todo",atenção,ok,"""Eu sou Mariinha, e você é o moço novo!"" — repete o jogo todo.","""Eu sou Mariinha! Lembra de mim?""",baixa,,corrigir,sim,data/npcs_3d.json › moradores[20] menina › saudacoes[3]
npc.menina.falas.1,623,7 · A qualquer hora,"Desde o primeiro encontro, a qualquer hora.",Mariinha,menina,Conversa (E),E no morador (alterna a cada conversa),,,,,,,,"Mainha vende acarajé na praça. Eu ajudo a contar o troco, mas só até dez, que depois eu me perco.","Mommy sells acarajé in the square. I help count the change, but only up to ten, then I get lost.","Mamá vende acarajé en la plaza. Yo ayudo a contar el cambio, pero solo hasta diez, que después me pierdo.",妈妈在广场上卖阿卡拉杰。我帮着数找的零钱，可是只会数到十，再往后就乱了。,97,6.9,Laura · FGY2WhTYpPnrIDTdsKH5 · eleven_v3,assets/audio/vozes/menina_fala_1.mp3,sim,não,"[cheerfully] Mainha vende acarajé na praça. Eu ajudo a contar o troco, mas só até dez, que depois eu me perco.",sim,completas,3D,,,ok,ok,,,,,pendente,sim,data/npcs_3d.json › moradores[20] menina › falas[0]
npc.menina.falas.2,624,7 · A qualquer hora,"Desde o primeiro encontro, a qualquer hora.",Mariinha,menina,Conversa (E),E no morador (alterna a cada conversa),,,,,,,,"O pavão da igreja abre o rabo quando eu passo. Acho que ele gosta de mim, mas o sacristão diz que é só mau humor.","The church peacock spreads his tail when I pass. I think he likes me, but the sexton says it's just bad temper.","El pavo real de la iglesia abre la cola cuando paso. Creo que le gusto, pero el sacristán dice que es solo mal humor.",我走过的时候，教堂的孔雀就开屏。我觉得它喜欢我，可是司事说那只是它在发脾气。,113,8.1,Laura · FGY2WhTYpPnrIDTdsKH5 · eleven_v3,assets/audio/vozes/menina_fala_2.mp3,sim,não,,(sem texto de TTS guardado),completas,3D,,,ok,ok,,,,,pendente,sim,data/npcs_3d.json › moradores[20] menina › falas[1]
npc.menina.falas.3,625,7 · A qualquer hora,"Desde o primeiro encontro, a qualquer hora.",Mariinha,menina,Conversa (E),E no morador (alterna a cada conversa),,,,,,,,"Nosso gato amarelo se chama Beiju. Come mais que eu e dorme mais que eu, e ninguém dá bronca nele.","Our yellow cat is named Beiju. He eats more than me and sleeps more than me, and nobody scolds him.","Nuestro gato amarillo se llama Beiju. Come más que yo y duerme más que yo, y nadie lo regaña.",我们家的黄猫叫贝茹。它比我吃得多，也比我睡得多，却没人骂它。,98,7,Laura · FGY2WhTYpPnrIDTdsKH5 · eleven_v3,assets/audio/vozes/menina_fala_3.mp3,sim,não,,(sem texto de TTS guardado),completas,3D,,,ok,ok,,,,,pendente,sim,data/npcs_3d.json › moradores[20] menina › falas[2]
npc.menina.falas.4,626,7 · A qualquer hora,"Desde o primeiro encontro, a qualquer hora.",Mariinha,menina,Conversa (E),E no morador (alterna a cada conversa),,,,,,,,"No poço eu jogo uma pedrinha e escuto: plim. Fico imaginando quem mora lá no fundo, esperando a gente.","At the well I drop a little stone and listen: plink. I imagine who lives down at the bottom, waiting for us.","En el pozo tiro una piedrita y escucho: plin. Me imagino quién vive allá en el fondo, esperándonos.",我往井里丢一颗小石子，听见“叮咚”一声。我就想，井底住着谁，在等着我们呢。,102,7.3,Laura · FGY2WhTYpPnrIDTdsKH5 · eleven_v3,assets/audio/vozes/menina_fala_4.mp3,sim,não,"[curious] No poço eu jogo uma pedrinha e escuto: plim. Fico imaginando quem mora lá no fundo, esperando a gente.",sim,completas,3D,,,ok,ok,,,,,pendente,sim,data/npcs_3d.json › moradores[20] menina › falas[3]
npc.menina.falas.5,627,7 · A qualquer hora,"Desde o primeiro encontro, a qualquer hora.",Mariinha,menina,Conversa (E),E no morador (alterna a cada conversa),,,,,,,,Eu e o Tonico juramos segredo de mindinho. Mas ele é fraco: já me contou o dele duas vezes.,Tonico and I swore a pinky secret. But he's weak: he's told me his twice already.,Tonico y yo juramos un secreto con el meñique. Pero él es débil: ya me contó el suyo dos veces.,我和托尼科拉钩发誓保守秘密。可他靠不住：他自己的秘密已经跟我说过两遍了。,91,6.5,Laura · FGY2WhTYpPnrIDTdsKH5 · eleven_v3,assets/audio/vozes/menina_fala_5.mp3,sim,não,[mischievously] Eu e o Tonico juramos segredo de mindinho. Mas ele é fraco: já me contou o dele duas vezes.,sim,completas,3D,,,ok,ok,,,,,pendente,sim,data/npcs_3d.json › moradores[20] menina › falas[4]
npc.menina.falas.6,628,7 · A qualquer hora,"Desde o primeiro encontro, a qualquer hora.",Mariinha,menina,Conversa (E),E no morador (alterna a cada conversa),,,,,,,,"Mainha disse que, se eu for boazinha, ganho um beiju com coco no domingo. Estou sendo boazinha desde ontem.",Mommy said if I'm good I'll get a beiju with coconut on Sunday. I've been good since yesterday.,Mamá dijo que si me porto bien me da un beiju con coco el domingo. Me estoy portando bien desde ayer.,妈妈说，只要我乖，礼拜天就有椰丝木薯饼吃。我从昨天起就一直很乖了。,107,7.6,Laura · FGY2WhTYpPnrIDTdsKH5 · eleven_v3,assets/audio/vozes/menina_fala_6.mp3,sim,não,,(sem texto de TTS guardado),completas,3D,,,ok,ok,,,,,pendente,sim,data/npcs_3d.json › moradores[20] menina › falas[5]
npc.menina.falas.7,629,7 · A qualquer hora,"Desde o primeiro encontro, a qualquer hora.",Mariinha,menina,Conversa (E),E no morador (alterna a cada conversa),,,,,,,,"Quando a Sá Rita estende lençol, eu me escondo atrás e finjo que sou fantasma. Ela finge que se assusta.","When Sá Rita hangs sheets, I hide behind them and pretend to be a ghost. She pretends to be scared.","Cuando Sá Rita tiende las sábanas, me escondo detrás y finjo que soy un fantasma. Ella finge que se asusta.",丽塔婶晾床单的时候，我就躲在后面装鬼。她假装被吓一跳。,104,7.4,Laura · FGY2WhTYpPnrIDTdsKH5 · eleven_v3,assets/audio/vozes/menina_fala_7.mp3,sim,não,"[mischievously] Quando a Sá Rita estende lençol, eu me escondo atrás e finjo que sou fantasma. Ela finge que se assusta.",sim,completas,3D,,,ok,ok,,,,,pendente,sim,data/npcs_3d.json › moradores[20] menina › falas[6]
npc.mestre_saveiro.saudacoes.1,630,7 · A qualquer hora,"Desde o primeiro encontro, a qualquer hora.",Seu Ladislau,mestre_saveiro,Saudação (aproximação),Chegar perto (o balão inteiro; a fala no aviso),,,,,,,,"Boa viagem, moço, por terra ou por mar.","Safe journey, young man, by land or sea.","Buen viaje, muchacho, por tierra o por mar.",一路顺风，小伙子，不管走陆路还是走水路。,39,2.8,Charlie · IKne3meq5aSn9XLyUdCD · eleven_v3,assets/audio/vozes/mestre_saveiro_saudacao_1.mp3,sim,não,,(sem texto de TTS guardado),completas,3D,,,ok,ok,,,,,pendente,sim,data/npcs_3d.json › moradores[21] mestre_saveiro › saudacoes[0]
npc.mestre_saveiro.saudacoes.2,631,7 · A qualquer hora,"Desde o primeiro encontro, a qualquer hora.",Seu Ladislau,mestre_saveiro,Saudação (aproximação),Chegar perto (o balão inteiro; a fala no aviso),,,,,,,,"Vento bom, maré boa e Deus no leme!","Fair wind, good tide, and God at the helm!","¡Buen viento, buena marea y Dios al timón!",好风、好潮，还有上帝掌舵！,35,2.5,Charlie · IKne3meq5aSn9XLyUdCD · eleven_v3,assets/audio/vozes/mestre_saveiro_saudacao_2.mp3,sim,não,"[excited] Vento bom, maré boa e Deus no leme!",sim,completas,3D,,,ok,ok,,,,,pendente,sim,data/npcs_3d.json › moradores[21] mestre_saveiro › saudacoes[1]
npc.mestre_saveiro.saudacoes.3,632,7 · A qualquer hora,"Desde o primeiro encontro, a qualquer hora.",Seu Ladislau,mestre_saveiro,Saudação (aproximação),Chegar perto (o balão inteiro; a fala no aviso),,,,,,,,"Ô de casa! Ou melhor, ô de terra firme!","Ahoy! Or rather, ahoy, firm land!","¡Ah de la casa, o mejor, de tierra firme!",喂，屋里有人吗！哦不，该说，陆地上有人吗！,39,2.8,Charlie · IKne3meq5aSn9XLyUdCD · eleven_v3,assets/audio/vozes/mestre_saveiro_saudacao_3.mp3,sim,não,"[cheerfully] Ô de casa! Ou melhor, ô de terra firme!",sim,completas,3D,,,ok,ok,,,,,pendente,sim,data/npcs_3d.json › moradores[21] mestre_saveiro › saudacoes[2]
npc.mestre_saveiro.saudacoes.4,633,7 · A qualquer hora,"Desde o primeiro encontro, a qualquer hora.",Seu Ladislau,mestre_saveiro,Saudação (aproximação),Chegar perto (o balão inteiro; a fala no aviso),,,,,,,,"Chegou na hora, moço: a maré tá virando.","Right on time, young man: the tide is turning.","Llegaste a tiempo, muchacho: la marea está cambiando.",你来得正是时候，小伙子：潮水要转向了。,40,2.9,Charlie · IKne3meq5aSn9XLyUdCD · eleven_v3,assets/audio/vozes/mestre_saveiro_saudacao_4.mp3,sim,não,,(sem texto de TTS guardado),completas,3D,,,ok,ok,,,,,pendente,sim,data/npcs_3d.json › moradores[21] mestre_saveiro › saudacoes[3]
npc.mestre_saveiro.saudacoes_noite.1,634,7 · A qualquer hora,"À noite (das 18h48 à meia-noite), somada às de sempre.",Seu Ladislau,mestre_saveiro,Saudação da noite,"Chegar perto, de noite",,,,,,,,"Boa noite, moço: a maré dorme, eu ainda não.","Good night, young man: the tide sleeps, I don't yet.","Buenas noches, muchacho: la marea duerme, yo todavía no.",晚上好，小伙子：潮水睡了，我还没睡。,44,3.1,Charlie · IKne3meq5aSn9XLyUdCD · eleven_v3,assets/audio/vozes/mestre_saveiro_saudacao_noite_1.mp3,sim,não,"[calm] Boa noite, moço: a maré dorme, eu ainda não.",sim,completas,3D,,,ok,ok,,,,,pendente,sim,data/npcs_3d.json › moradores[21] mestre_saveiro › saudacoes_noite[0]
npc.mestre_saveiro.falas.1,635,7 · A qualquer hora,"Desde o primeiro encontro, a qualquer hora.",Seu Ladislau,mestre_saveiro,Conversa (E),E no morador (alterna a cada conversa),,,,,,,,"Sou da tripulação do Mestre Quirino. Ele manda no saveiro, eu mando nas cordas, e o vento manda em nós dois.","I'm on Master Quirino's crew. He commands the saveiro, I command the ropes, and the wind commands us both.","Soy de la tripulación del maestro Quirino. Él manda en el saveiro, yo mando en las sogas, y el viento manda en los dos.",我是基里诺船长手下的水手。他管帆船，我管缆绳，而风管着我们两个。,108,7.7,Charlie · IKne3meq5aSn9XLyUdCD · eleven_v3,assets/audio/vozes/mestre_saveiro_fala_1.mp3,sim,não,,(sem texto de TTS guardado),completas,3D,,,ok,ok,,,,,pendente,sim,data/npcs_3d.json › moradores[21] mestre_saveiro › falas[0]
npc.mestre_saveiro.falas.2,636,7 · A qualquer hora,"Desde o primeiro encontro, a qualquer hora.",Seu Ladislau,mestre_saveiro,Conversa (E),E no morador (alterna a cada conversa),,,,,,,,"A travessia até Salvador leva meio dia, com vento bom. Com vento ruim, leva o dia inteiro e mais uma reza.","The crossing to Salvador takes half a day with a fair wind. With a bad wind, it takes all day and one more prayer.","La travesía hasta Salvador lleva medio día con buen viento. Con mal viento, lleva todo el día y un rezo más.",到萨尔瓦多的航程，顺风要半天。遇上逆风，就得一整天，外加一遍祈祷。,106,7.6,Charlie · IKne3meq5aSn9XLyUdCD · eleven_v3,assets/audio/vozes/mestre_saveiro_fala_2.mp3,sim,não,,(sem texto de TTS guardado),completas,3D,,,ok,ok,,,,,pendente,sim,data/npcs_3d.json › moradores[21] mestre_saveiro › falas[1]
npc.mestre_saveiro.falas.3,637,7 · A qualquer hora,"Desde o primeiro encontro, a qualquer hora.",Seu Ladislau,mestre_saveiro,Conversa (E),E no morador (alterna a cada conversa),,,,,,,,"Saveiro bom carrega farinha, piaçava, peixe seco e gente com pressa. Só não carrega gente de má vontade: vira lastro.","A good saveiro carries flour, piassava, dried fish and people in a hurry. It just won't carry ill-willed folk: they turn to ballast.","Un buen saveiro carga harina, piasava, pescado seco y gente con prisa. Solo no carga gente de mala voluntad: se vuelve lastre.",好帆船能装木薯粉、棕榈纤维、咸鱼干，还有赶时间的人。唯独装不了心不甘情不愿的人：那种人只能当压舱物。,117,8.4,Charlie · IKne3meq5aSn9XLyUdCD · eleven_v3,assets/audio/vozes/mestre_saveiro_fala_3.mp3,sim,não,,(sem texto de TTS guardado),completas,3D,,,ok,ok,,,,,pendente,sim,data/npcs_3d.json › moradores[21] mestre_saveiro › falas[2]
npc.mestre_saveiro.falas.4,638,7 · A qualquer hora,"Desde o primeiro encontro, a qualquer hora.",Seu Ladislau,mestre_saveiro,Conversa (E),E no morador (alterna a cada conversa),,,,,,,,"Dia catorze de cada estação a gente encosta no píer. Quem tem carga pronta, eu levo. Quem perde a hora, espera a estação seguinte.","On the fourteenth of each season we dock at the pier. Whoever has cargo ready, I take it. Whoever misses the hour waits for the next season.","El día catorce de cada estación atracamos en el muelle. Quien tiene carga lista, la llevo. Quien pierde la hora, espera la estación siguiente.",每个季节的十四号，我们会靠上码头。货备好的人，我就运走。错过时辰的人，就等下个季节。,130,9.3,Charlie · IKne3meq5aSn9XLyUdCD · eleven_v3,assets/audio/vozes/mestre_saveiro_fala_4.mp3,sim,não,,(sem texto de TTS guardado),completas,3D,,,ok,ok,,,,,pendente,sim,data/npcs_3d.json › moradores[21] mestre_saveiro › falas[3]
npc.mestre_saveiro.falas.5,639,7 · A qualquer hora,"Desde o primeiro encontro, a qualquer hora.",Seu Ladislau,mestre_saveiro,Conversa (E),E no morador (alterna a cada conversa),,,,,,,,"A boca da barra tem banco de areia que muda de lugar. Quem não conhece, encalha. Eu conheço cada um pelo nome.",The mouth of the bar has sandbanks that shift. Whoever doesn't know them runs aground. I know each one by name.,"La boca de la barra tiene bancos de arena que cambian de lugar. Quien no los conoce, encalla. Yo conozco cada uno por su nombre.",海口有会挪地方的沙洲。不熟的人就会搁浅。每一道沙洲我都叫得出名字。,110,7.9,Charlie · IKne3meq5aSn9XLyUdCD · eleven_v3,assets/audio/vozes/mestre_saveiro_fala_5.mp3,sim,não,,(sem texto de TTS guardado),completas,3D,,,ok,ok,,,,,pendente,sim,data/npcs_3d.json › moradores[21] mestre_saveiro › falas[4]
npc.mestre_saveiro.falas.6,640,7 · A qualquer hora,"Desde o primeiro encontro, a qualquer hora.",Seu Ladislau,mestre_saveiro,Conversa (E),E no morador (alterna a cada conversa),,,,,,,,"Já vi o Recôncavo todo da água: Santo Amaro, São Félix, Cachoeira. De longe tudo parece perto, até a saudade.","I've seen the whole Recôncavo from the water: Santo Amaro, São Félix, Cachoeira. From afar everything seems near, even longing.","He visto todo el Recôncavo desde el agua: Santo Amaro, São Félix, Cachoeira. De lejos todo parece cerca, hasta la añoranza.",整个雷孔卡沃，我都从水上看过：圣阿马罗、圣费利克斯、卡舒埃拉。从远处看，什么都显得近，连思念也是。,109,7.8,Charlie · IKne3meq5aSn9XLyUdCD · eleven_v3,assets/audio/vozes/mestre_saveiro_fala_6.mp3,sim,não,,(sem texto de TTS guardado),completas,3D,,,ok,ok,,,,,pendente,sim,data/npcs_3d.json › moradores[21] mestre_saveiro › falas[5]
npc.mestre_saveiro.falas.7,641,7 · A qualquer hora,"Desde o primeiro encontro, a qualquer hora.",Seu Ladislau,mestre_saveiro,Conversa (E),E no morador (alterna a cada conversa),,,,,,,,"Espero o dia catorze no rio, de linha na mão, só pra ninguém dizer que estou parado. Peixe pego, vendo; peixe perdido, culpo o vento.","I wait for the fourteenth by the river, line in hand, so nobody can say I'm idle. Fish caught, I sell; fish lost, I blame the wind.","Espero el día catorce junto al río, con la línea en la mano, para que nadie diga que estoy parado. Pez pescado, lo vendo; pez perdido, culpo al viento.",我在河上等十四号，手里握着钓线，免得有人说我闲着。钓到的鱼，我就卖；跑掉的鱼，我就怪风。,133,9.5,Charlie · IKne3meq5aSn9XLyUdCD · eleven_v3,assets/audio/vozes/mestre_saveiro_fala_7.mp3,sim,não,"[mischievously] Espero o dia catorze no rio, de linha na mão, só pra ninguém dizer que estou parado. Peixe pego, vendo; peixe perdido, culpo o vento.",sim,completas,3D,,,ok,ok,,,,,pendente,sim,data/npcs_3d.json › moradores[21] mestre_saveiro › falas[6]
npc.mestre_saveiro.falas.8,642,7 · A qualquer hora,"Desde o primeiro encontro, a qualquer hora.",Seu Ladislau,mestre_saveiro,Conversa (E),E no morador (alterna a cada conversa),,,,,,,,"No Bar, de tardinha, a prosa é de cachaça e de mar. Quem conta história de naufrágio sempre naufragou mais longe do que diz.","At the Bar, late afternoon, the talk is of cachaça and the sea. Whoever tells shipwreck stories always wrecked farther away than he says.","En el Bar, al caer la tarde, la charla es de aguardiente y de mar. Quien cuenta historias de naufragio siempre naufragó más lejos de lo que dice.",傍晚在酒馆里，聊的是烧酒和大海。讲沉船故事的人，沉船的地方总比他说的更远。,124,8.9,Charlie · IKne3meq5aSn9XLyUdCD · eleven_v3,assets/audio/vozes/mestre_saveiro_fala_8.mp3,sim,não,,(sem texto de TTS guardado),completas,3D,,,ok,ok,,,,,pendente,sim,data/npcs_3d.json › moradores[21] mestre_saveiro › falas[7]
npc.mestre_saveiro.falas_noite.1,643,7 · A qualquer hora,"À noite (das 18h48 à meia-noite), somada às de sempre.",Seu Ladislau,mestre_saveiro,Conversa da noite (E),"E no morador, de noite",,,,,,,,"De noite o mar tem outra voz. Quem navega aprende a ouvir, e quem ouve aprende a ter respeito.","At night the sea has another voice. Whoever sails learns to listen, and whoever listens learns respect.","De noche el mar tiene otra voz. Quien navega aprende a escuchar, y quien escucha aprende a respetar.",夜里的大海是另一种声音。行船的人学会了倾听，倾听的人学会了敬畏。,94,6.7,Charlie · IKne3meq5aSn9XLyUdCD · eleven_v3,assets/audio/vozes/mestre_saveiro_fala_noite_1.mp3,sim,não,"[calm] De noite o mar tem outra voz. Quem navega aprende a ouvir, e quem ouve aprende a ter respeito.",sim,completas,3D,,,ok,ok,,,,,pendente,sim,data/npcs_3d.json › moradores[21] mestre_saveiro › falas_noite[0]
lapides.bronca.1,644,7 · A qualquer hora,Quando o jogador sobe num túmulo com o Damião por perto (1 → 2 → 3; a 3 se repete).,Damião,damiao,Bronca (subir no túmulo),"Balão, aviso e voz; na terceira ele derruba o jogador da laje",,,,,,,,"Ô, moço! Desce daí, que aí embaixo tem gente descansando.","Hey, mister! Get down from there, there are people resting down below.","¡Eh, joven! Bájese de ahí, que ahí abajo hay gente descansando.",,57,4.1,Matheus (Clear) · oArP4WehPe3qjqvCwHNo · eleven_v3,assets/audio/vozes/damiao_bronca_1.mp3,sim,não,,(sem texto de TTS guardado),completas,3D,,,ok,atenção,"As três broncas moram no código (lapides.gd, BRONCAS) e só em português: quem joga em inglês ou espanhol lê em português.","Levar as broncas a um JSON com texto_en e texto_es, como as outras falas.",média,,corrigir,sim,data/lapides_3d.json › broncas[0]
lapides.bronca.2,645,7 · A qualquer hora,Quando o jogador sobe num túmulo com o Damião por perto (1 → 2 → 3; a 3 se repete).,Damião,damiao,Bronca (subir no túmulo),"Balão, aviso e voz; na terceira ele derruba o jogador da laje",,,,,,,,"Moço, eu já pedi! Em cima da cova, não! Respeite quem já foi!","Mister, I already asked! Not on top of the grave! Respect those who are gone!","¡Joven, ya se lo pedí! ¡Encima de la tumba, no! ¡Respete a los que ya se fueron!",,61,4.4,Matheus (Clear) · oArP4WehPe3qjqvCwHNo · eleven_v3,assets/audio/vozes/damiao_bronca_2.mp3,sim,não,,(sem texto de TTS guardado),completas,3D,,,ok,atenção,"Só português, no código (ver a bronca 1).",Ver a bronca 1.,média,,corrigir,sim,data/lapides_3d.json › broncas[1]
lapides.bronca.3,646,7 · A qualquer hora,Quando o jogador sobe num túmulo com o Damião por perto (1 → 2 → 3; a 3 se repete).,Damião,damiao,Bronca (subir no túmulo),"Balão, aviso e voz; na terceira ele derruba o jogador da laje",,,,,,,,Chega! Falei duas vezes! Desce daí agora!,Enough! I said it twice! Get down from there now!,¡Basta! ¡Lo dije dos veces! ¡Bájese de ahí ahora!,,41,2.9,Matheus (Clear) · oArP4WehPe3qjqvCwHNo · eleven_v3,assets/audio/vozes/damiao_bronca_3.mp3,sim,não,,(sem texto de TTS guardado),completas,3D,,,ok,atenção,"Só português, no código (ver a bronca 1).",Ver a bronca 1.,média,,corrigir,sim,data/lapides_3d.json › broncas[2]
casa.desmaio.1,647,7 · A qualquer hora,Ao acordar depois de apagar sem fôlego (o desmaio).,(sem nome: o que o jogador vê e sente),voce,Narração do desmaio (sem voz),Caixa de fala sem nome,,,,,,,,O cansaço venceu antes de você chegar na cama.,Exhaustion won before you made it to bed.,El cansancio te venció antes de llegar a la cama.,,46,3.3,—,,—,—,,—,completas,3D,,,ok,ok,,,,,pendente,sim,data/casa.json › desmaio[0]
casa.desmaio.2,648,7 · A qualquer hora,Ao acordar depois de apagar sem fôlego (o desmaio).,(sem nome: o que o jogador vê e sente),voce,Narração do desmaio (sem voz),Caixa de fala sem nome,,,,,,,,Alguém — ou alguma coisa — te deitou aqui antes do sol nascer.,Someone — or something — laid you here before sunrise.,Alguien —o algo— te acostó aquí antes de que saliera el sol.,,62,4.4,—,,—,—,,—,completas,3D,,,ok,ok,,,,,pendente,sim,data/casa.json › desmaio[1]
casa.desmaio.3,649,7 · A qualquer hora,Ao acordar depois de apagar sem fôlego (o desmaio).,(sem nome: o que o jogador vê e sente),voce,Narração do desmaio (sem voz),Caixa de fala sem nome,,,,,,,,O corpo dói. Dormir no chão não descansa igual.,Your body aches. Sleeping on the floor doesn't rest you the same.,Te duele el cuerpo. Dormir en el suelo no descansa igual.,,47,3.4,—,,—,—,,—,completas,3D,,,ok,ok,,,,,pendente,sim,data/casa.json › desmaio[2]
documento.convite.1,650,7 · A qualquer hora,Ao ler o papel (Convite da fazenda) na mochila.,(papel lido),documento,Leitura de documento (sem voz),Caixa de fala com o nome do papel,Convite da fazenda,,,,,,,"""Aos moradores de Bom Jesus e redondezas: compareçam à fazenda no dia marcado. Haverá um grande evento, com fartura para todos.""","""To the residents of Bom Jesus and its surroundings: come to the farm on the appointed day. There will be a great event, with plenty for all.""","""A los vecinos de Bom Jesus y sus alrededores: acudan a la hacienda el día señalado. Habrá un gran evento, con abundancia para todos.""",,128,9.1,—,,—,—,,—,completas,igual ao 2D (2d.pedro.convite_texto.0),,,ok,ok,,,,,pendente,"sim (texto lido, sem voz)",data/documentos.json › convite.linhas[0]
documento.papel_dos_nomes.1,651,7 · A qualquer hora,Ao ler o papel (Papel com nomes) na mochila.,(papel lido),documento,Leitura de documento (sem voz),Caixa de fala com o nome do papel,Papel com nomes,,,,,,,"Um papel enrolado, amarelo, com a dobra da pedra ainda marcada. Uma lista, em letra miúda:","A rolled-up paper, yellowed, still creased from the stone. A list, in tiny handwriting:","Un papel enrollado, amarillento, con el pliegue de la piedra aún marcado. Una lista, en letra menuda:",,90,6.4,—,,—,—,,—,completas,3D,,,ok,ok,,,,,pendente,"sim (texto lido, sem voz)",data/documentos.json › papel_dos_nomes.linhas[0]
documento.tabua_lavrada.1,652,7 · A qualquer hora,Ao ler o papel (Madeira lavrada) na mochila.,(papel lido),documento,Leitura de documento (sem voz),Caixa de fala com o nome do papel,Madeira lavrada,,,,,,,"Um pedaço de proa, lavrado a formão, comido de sal. As letras fundas que sobraram: ""...S. DA BOA VIAG...""","A piece of prow, chisel-carved, eaten by salt. The deep letters that remain: ""...S. DA BOA VIAG...""","Un pedazo de proa, labrado a formón, comido por la sal. Las letras hondas que quedaron: ""...S. DA BOA VIAG...""",,105,7.5,—,,—,—,,—,completas,3D,,,ok,ok,,,,,pendente,"sim (texto lido, sem voz)",data/documentos.json › tabua_lavrada.linhas[0]
documento.carta_da_rosa.1,653,7 · A qualquer hora,Ao ler o papel (Carta da filha da Dona Rosa) na mochila.,(papel lido),documento,Leitura de documento (sem voz),Caixa de fala com o nome do papel,Carta da filha da Dona Rosa,,,,,,,"Letra redonda, de quem aprendeu a escrever depois de grande. Salvador, sem data.","Round handwriting, of someone who learned to write as an adult. Salvador, undated.","Letra redonda, de quien aprendió a escribir de grande. Salvador, sin fecha.",,80,5.7,—,,—,—,,—,completas,3D,,,ok,ok,,,,,pendente,"sim (texto lido, sem voz)",data/documentos.json › carta_da_rosa.linhas[0]
documento.convite.2,654,7 · A qualquer hora,Ao ler o papel (Convite da fazenda) na mochila.,(papel lido),documento,Leitura de documento (sem voz),Caixa de fala com o nome do papel,Convite da fazenda,,,,,,,"""Todos são convidados. Venham.""","""Everyone is invited. Come.""","""Todos están invitados. Vengan.""",,31,2.2,—,,—,—,,—,completas,igual ao 2D (2d.pedro.convite_texto.1),,,ok,ok,,,,,pendente,"sim (texto lido, sem voz)",data/documentos.json › convite.linhas[1]
documento.papel_dos_nomes.2,655,7 · A qualquer hora,Ao ler o papel (Papel com nomes) na mochila.,(papel lido),documento,Leitura de documento (sem voz),Caixa de fala com o nome do papel,Papel com nomes,,,,,,,Anselmo. Zacarias. Joaquina. Benedito. Zefa. Nicolau. Cosme. Rosa. Jerônimo. Candinha. Rita. Estefânia. Ambrósia. Epifânio. Aristides. Ladislau. Filó. Damião. Tonho.,Anselmo. Zacarias. Joaquina. Benedito. Zefa. Nicolau. Cosme. Rosa. Jerônimo. Candinha. Rita. Estefânia. Ambrósia. Epifânio. Aristides. Ladislau. Filó. Damião. Tonho.,Anselmo. Zacarias. Joaquina. Benedito. Zefa. Nicolau. Cosme. Rosa. Jerônimo. Candinha. Rita. Estefânia. Ambrósia. Epifânio. Aristides. Ladislau. Filó. Damião. Tonho.,,165,11.8,—,,—,—,,—,en e es igual ao português,3D,,(revisto: nomes próprios não se traduzem) tradução: en e es igual ao português,ok,ok,,,,A lista não tem o Pedro nem as crianças; ver a observação do arremate da pedra atrás do altar.,pendente,"sim (texto lido, sem voz)",data/documentos.json › papel_dos_nomes.linhas[1]
documento.tabua_lavrada.2,656,7 · A qualquer hora,Ao ler o papel (Madeira lavrada) na mochila.,(papel lido),documento,Leitura de documento (sem voz),Caixa de fala com o nome do papel,Madeira lavrada,,,,,,,"Embaixo, um brasão que a água apagou pela metade: uma roda de engenho e, por cima, algo que já não se lê.","Below, a coat of arms the water half erased: a mill wheel and, above it, something no longer legible.","Debajo, un escudo que el agua borró a medias: una rueda de ingenio y, encima, algo que ya no se lee.",,105,7.5,—,,—,—,,—,completas,3D,,,ok,ok,,,,,pendente,"sim (texto lido, sem voz)",data/documentos.json › tabua_lavrada.linhas[1]
documento.carta_da_rosa.2,657,7 · A qualquer hora,Ao ler o papel (Carta da filha da Dona Rosa) na mochila.,(papel lido),documento,Leitura de documento (sem voz),Caixa de fala com o nome do papel,Carta da filha da Dona Rosa,,,,,,,"""Minha mãe, estou bem. A casa é boa, a família é boa, a comida não falta. Não se preocupe comigo. Reze pelo padre, que lê isto pra senhora.""","""Mother, I am well. The house is good, the family is good, there is no lack of food. Don't worry about me. Pray for the priest, who reads this to you.""","""Madre mía, estoy bien. La casa es buena, la familia es buena, la comida no falta. No se preocupe por mí. Rece por el cura, que le lee esto.""",,140,10,—,,—,—,,—,completas,3D,,,ok,ok,,,,,pendente,"sim (texto lido, sem voz)",data/documentos.json › carta_da_rosa.linhas[1]
documento.convite.3,658,7 · A qualquer hora,Ao ler o papel (Convite da fazenda) na mochila.,(papel lido),documento,Leitura de documento (sem voz),Caixa de fala com o nome do papel,Convite da fazenda,,,,,,,"Não há assinatura. Só o selo — vermelho, sem brasão.","There is no signature. Only the seal — red, with no coat of arms.","No hay firma. Solo el sello: rojo, sin escudo.",,52,3.7,—,,—,—,,—,completas,igual ao 2D (2d.pedro.convite_texto.2),,,ok,ok,,,,,pendente,"sim (texto lido, sem voz)",data/documentos.json › convite.linhas[2]
documento.papel_dos_nomes.3,659,7 · A qualquer hora,Ao ler o papel (Papel com nomes) na mochila.,(papel lido),documento,Leitura de documento (sem voz),Caixa de fala com o nome do papel,Papel com nomes,,,,,,,"No fim, um nome a mais, com um risco por cima — o do seu tio. Embaixo do risco, uma data: o dia do grande evento do convite.","At the end, one more name, with a line struck through it — your uncle's. Below the line, a date: the day of the great event in the invitation.","Al final, un nombre más, con una raya encima — el de tu tío. Debajo de la raya, una fecha: el día del gran evento de la invitación.",,124,8.9,—,,—,—,,—,completas,3D,,,ok,ok,,,,,pendente,"sim (texto lido, sem voz)",data/documentos.json › papel_dos_nomes.linhas[2]
documento.tabua_lavrada.3,660,7 · A qualquer hora,Ao ler o papel (Madeira lavrada) na mochila.,(papel lido),documento,Leitura de documento (sem voz),Caixa de fala com o nome do papel,Madeira lavrada,,,,,,,O desenho lembra alguma coisa. O selo vermelho do convite — o que não tem brasão nenhum.,The design rings a bell. The red seal of the invitation — the one with no coat of arms at all.,El dibujo recuerda algo. El sello rojo de la invitación — el que no tiene escudo alguno.,,88,6.3,—,,—,—,,—,completas,3D,,,ok,ok,,,,,pendente,"sim (texto lido, sem voz)",data/documentos.json › tabua_lavrada.linhas[2]
documento.carta_da_rosa.3,661,7 · A qualquer hora,Ao ler o papel (Carta da filha da Dona Rosa) na mochila.,(papel lido),documento,Leitura de documento (sem voz),Caixa de fala com o nome do papel,Carta da filha da Dona Rosa,,,,,,,Nada sobre o domingo. Nada sobre o bonde.,Nothing about Sunday. Nothing about the streetcar.,Nada sobre el domingo. Nada sobre el tranvía.,,41,2.9,—,,—,—,,—,completas,3D,,,ok,ok,,,,,pendente,"sim (texto lido, sem voz)",data/documentos.json › carta_da_rosa.linhas[2]
2d.aldeoes.benedito.gostou.1,662,8 · Herdadas do 2D (não tocam no 3D),Não toca: no 3D o presente só lê o gosto (gosta / desgosta).,Seu Benedito,benedito,Reação a presente que gosta (2D),—,,,,,,,,Farinha da sua? Deixa eu ver a granulação... Ó. Isso aqui tá bom.,,,,65,4.6,Manoel Lopes · zoe2cQFqDDW4DteHDEWI · eleven_v3,,—,—,,—,só português (2D),2D,,,não toca,não toca,,,,,pendente,não (herdada do 2D),data/dialogos/aldeoes.json › benedito.gostou[0]
2d.aldeoes.benedito.gostou.2,663,8 · Herdadas do 2D (não tocam no 3D),Não toca: no 3D o presente só lê o gosto (gosta / desgosta).,Seu Benedito,benedito,Reação a presente que gosta (2D),—,,,,,,,,Meu pai dizia que farinha boa é a que range no dente e não empapa. Essa range.,,,,78,5.6,Manoel Lopes · zoe2cQFqDDW4DteHDEWI · eleven_v3,,—,—,,—,só português (2D),2D,,,não toca,não toca,,,,,pendente,não (herdada do 2D),data/dialogos/aldeoes.json › benedito.gostou[1]
2d.aldeoes.benedito.nao_gostou.1,664,8 · Herdadas do 2D (não tocam no 3D),Não toca: no 3D o presente só lê o gosto (gosta / desgosta).,Seu Benedito,benedito,Reação a presente que não aceita (2D),—,,,,,,,,Cana.,,,,5,1.5,Manoel Lopes · zoe2cQFqDDW4DteHDEWI · eleven_v3,,—,—,,—,só português (2D),2D,,,não toca,não toca,,,,,pendente,não (herdada do 2D),data/dialogos/aldeoes.json › benedito.nao_gostou[0]
2d.aldeoes.benedito.nao_gostou.2,665,8 · Herdadas do 2D (não tocam no 3D),Não toca: no 3D o presente só lê o gosto (gosta / desgosta).,Seu Benedito,benedito,Reação a presente que não aceita (2D),—,,,,,,,,"Meu filho, você não sabe, e eu não vou fazer cara feia. Mas cana aqui não é planta: é o engenho, e o engenho comeu doze famílias desta beira.",,,,141,10.1,Manoel Lopes · zoe2cQFqDDW4DteHDEWI · eleven_v3,,—,—,,—,só português (2D),2D,,,não toca,não toca,,,,,pendente,não (herdada do 2D),data/dialogos/aldeoes.json › benedito.nao_gostou[1]
2d.aldeoes.benedito.nao_gostou.3,666,8 · Herdadas do 2D (não tocam no 3D),Não toca: no 3D o presente só lê o gosto (gosta / desgosta).,Seu Benedito,benedito,Reação a presente que não aceita (2D),—,,,,,,,,Guarde essa. Me traga outra coisa qualquer dia.,,,,47,3.4,Manoel Lopes · zoe2cQFqDDW4DteHDEWI · eleven_v3,,—,—,,—,só português (2D),2D,,,não toca,não toca,,,,,pendente,não (herdada do 2D),data/dialogos/aldeoes.json › benedito.nao_gostou[2]
2d.aldeoes.benedito.agradeceu.1,667,8 · Herdadas do 2D (não tocam no 3D),Não toca: no 3D o presente só lê o gosto (gosta / desgosta).,Seu Benedito,benedito,Agradece um presente (2D),—,,,,,,,,Obrigado. Eu ponho na cozinha.,,,,30,2.1,Manoel Lopes · zoe2cQFqDDW4DteHDEWI · eleven_v3,,—,—,,—,só português (2D),2D,,,não toca,não toca,,,,,pendente,não (herdada do 2D),data/dialogos/aldeoes.json › benedito.agradeceu[0]
2d.aldeoes.benedito.ja_ganhou.1,668,8 · Herdadas do 2D (não tocam no 3D),Não toca: no 3D o presente só lê o gosto (gosta / desgosta).,Seu Benedito,benedito,Já ganhou presente hoje (2D),—,,,,,,,,"Você já me deu uma coisa hoje, rapaz. Eu não sou pote sem fundo.",,,,64,4.6,Manoel Lopes · zoe2cQFqDDW4DteHDEWI · eleven_v3,,—,—,,—,só português (2D),2D,,,não toca,não toca,,,,,pendente,não (herdada do 2D),data/dialogos/aldeoes.json › benedito.ja_ganhou[0]
2d.aldeoes.benedito.assunto.apresentacao.1,669,8 · Herdadas do 2D (não tocam no 3D),"Não toca: o 3D não mostra os assuntos (no 2D, 'quando': terra_dele).",Seu Benedito,benedito,Assunto de conversa (2D: apresentacao),—,,,,,,,,"Benedito. Benedito de Assis, mas aqui todo mundo diz só Seu Benedito.",,,,69,4.9,Manoel Lopes · zoe2cQFqDDW4DteHDEWI · eleven_v3,,—,—,,—,só português (2D),2D,,,não toca,não toca,,,,,pendente,não (herdada do 2D),data/dialogos/aldeoes.json › benedito.assuntos[0] apresentacao.fala[0]
2d.aldeoes.benedito.assunto.apresentacao.2,670,8 · Herdadas do 2D (não tocam no 3D),"Não toca: o 3D não mostra os assuntos (no 2D, 'quando': terra_dele).",Seu Benedito,benedito,Assunto de conversa (2D: apresentacao),—,,,,,,,,"Esse chão daqui até a beira é meu desde antes de você nascer. Meu pai abriu no machado, e eu plantei nele quarenta e duas safras.",,,,129,9.2,Manoel Lopes · zoe2cQFqDDW4DteHDEWI · eleven_v3,,—,—,,—,só português (2D),2D,,,não toca,não toca,,,,,pendente,não (herdada do 2D),data/dialogos/aldeoes.json › benedito.assuntos[0] apresentacao.fala[1]
2d.aldeoes.benedito.assunto.apresentacao.3,671,8 · Herdadas do 2D (não tocam no 3D),"Não toca: o 3D não mostra os assuntos (no 2D, 'quando': terra_dele).",Seu Benedito,benedito,Assunto de conversa (2D: apresentacao),—,,,,,,,,Agora eu conto: quarenta e duas. Antes eu nem contava.,,,,54,3.9,Manoel Lopes · zoe2cQFqDDW4DteHDEWI · eleven_v3,,—,—,,—,só português (2D),2D,,,não toca,não toca,,,,,pendente,não (herdada do 2D),data/dialogos/aldeoes.json › benedito.assuntos[0] apresentacao.fala[2]
2d.aldeoes.benedito.assunto.venda.1,672,8 · Herdadas do 2D (não tocam no 3D),"Não toca: o 3D não mostra os assuntos (no 2D, 'quando': terra_dele).",Seu Benedito,benedito,Assunto de conversa (2D: venda),—,,,,,,,,"Meus dois foram pra Salvador. Um trabalha em armazém, o outro eu não sei bem o que faz e não pergunto.",,,,102,7.3,Manoel Lopes · zoe2cQFqDDW4DteHDEWI · eleven_v3,,—,—,,—,só português (2D),2D,,,não toca,não toca,,,,,pendente,não (herdada do 2D),data/dialogos/aldeoes.json › benedito.assuntos[1] venda.fala[0]
2d.aldeoes.benedito.assunto.venda.2,673,8 · Herdadas do 2D (não tocam no 3D),"Não toca: o 3D não mostra os assuntos (no 2D, 'quando': terra_dele).",Seu Benedito,benedito,Assunto de conversa (2D: venda),—,,,,,,,,"Nenhum dos dois volta pra enxada. Disseram na cara, e eu não guardo mágoa: enxada não é destino de ninguém, é escolha.",,,,118,8.4,Manoel Lopes · zoe2cQFqDDW4DteHDEWI · eleven_v3,,—,—,,—,só português (2D),2D,,,não toca,não toca,,,,,pendente,não (herdada do 2D),data/dialogos/aldeoes.json › benedito.assuntos[1] venda.fala[1]
2d.aldeoes.benedito.assunto.venda.3,674,8 · Herdadas do 2D (não tocam no 3D),"Não toca: o 3D não mostra os assuntos (no 2D, 'quando': terra_dele).",Seu Benedito,benedito,Assunto de conversa (2D: venda),—,,,,,,,,"Então eu vendo. Dois mil e seiscentos réis, e eu não choro no preço — mas também não abaixo.",,,,92,6.6,Manoel Lopes · zoe2cQFqDDW4DteHDEWI · eleven_v3,,—,—,,—,só português (2D),2D,,,não toca,não toca,,,,,pendente,não (herdada do 2D),data/dialogos/aldeoes.json › benedito.assuntos[1] venda.fala[2]
2d.aldeoes.benedito.assunto.venda.4,675,8 · Herdadas do 2D (não tocam no 3D),"Não toca: o 3D não mostra os assuntos (no 2D, 'quando': terra_dele).",Seu Benedito,benedito,Assunto de conversa (2D: venda),—,,,,,,,,"Duas coisas, antes de você sonhar. A primeira: minha divisa não encosta na sua. Entre nós tem a terra da Zefa, e é com ela que você tem que resolver primeiro.",,,,158,11.3,Manoel Lopes · zoe2cQFqDDW4DteHDEWI · eleven_v3,,—,—,,—,só português (2D),2D,,,não toca,não toca,,,,,pendente,não (herdada do 2D),data/dialogos/aldeoes.json › benedito.assuntos[1] venda.fala[3]
2d.aldeoes.benedito.assunto.venda.5,676,8 · Herdadas do 2D (não tocam no 3D),"Não toca: o 3D não mostra os assuntos (no 2D, 'quando': terra_dele).",Seu Benedito,benedito,Assunto de conversa (2D: venda),—,,,,,,,,"A segunda: eu vendo a terra, não a casa. Eu morro aqui neste terreno, e quem comprar me herda junto. Se isso te incomoda, a gente nem conversa.",,,,143,10.2,Manoel Lopes · zoe2cQFqDDW4DteHDEWI · eleven_v3,,—,—,,—,só português (2D),2D,,,não toca,não toca,,,,,pendente,não (herdada do 2D),data/dialogos/aldeoes.json › benedito.assuntos[1] venda.fala[4]
2d.aldeoes.benedito.assunto.venda.6,677,8 · Herdadas do 2D (não tocam no 3D),"Não toca: o 3D não mostra os assuntos (no 2D, 'quando': terra_dele).",Seu Benedito,benedito,Assunto de conversa (2D: venda),—,,,,,,,,Olha a beira antes de decidir. A água corre ali o ano todo. Terra com água aceita quase tudo.,,,,93,6.6,Manoel Lopes · zoe2cQFqDDW4DteHDEWI · eleven_v3,,—,—,,—,só português (2D),2D,,,não toca,não toca,,,,,pendente,não (herdada do 2D),data/dialogos/aldeoes.json › benedito.assuntos[1] venda.fala[5]
2d.aldeoes.benedito.assunto.ponte.1,678,8 · Herdadas do 2D (não tocam no 3D),"Não toca: o 3D não mostra os assuntos (no 2D, 'quando': ponte_caida).",Seu Benedito,benedito,Assunto de conversa (2D: ponte),—,,,,,,,,"A cheia levou a ponte em fevereiro. Eu vi da varanda: primeiro foi o meio, depois o resto foi atrás.",,,,100,7.1,Manoel Lopes · zoe2cQFqDDW4DteHDEWI · eleven_v3,,—,—,,—,só português (2D),2D,,,não toca,não toca,,,,,pendente,não (herdada do 2D),data/dialogos/aldeoes.json › benedito.assuntos[2] ponte.fala[0]
2d.aldeoes.benedito.assunto.ponte.2,679,8 · Herdadas do 2D (não tocam no 3D),"Não toca: o 3D não mostra os assuntos (no 2D, 'quando': ponte_caida).",Seu Benedito,benedito,Assunto de conversa (2D: ponte),—,,,,,,,,O povo falou em consertar por um mês. Depois parou de falar.,,,,60,4.3,Manoel Lopes · zoe2cQFqDDW4DteHDEWI · eleven_v3,,—,—,,—,só português (2D),2D,,,não toca,não toca,,,,,pendente,não (herdada do 2D),data/dialogos/aldeoes.json › benedito.assuntos[2] ponte.fala[1]
2d.aldeoes.benedito.assunto.ponte.3,680,8 · Herdadas do 2D (não tocam no 3D),"Não toca: o 3D não mostra os assuntos (no 2D, 'quando': ponte_caida).",Seu Benedito,benedito,Assunto de conversa (2D: ponte),—,,,,,,,,"Aqui é assim, meu filho. A gente espera cair, e depois espera alguém.",,,,69,4.9,Manoel Lopes · zoe2cQFqDDW4DteHDEWI · eleven_v3,,—,—,,—,só português (2D),2D,,,não toca,não toca,,,,,pendente,não (herdada do 2D),data/dialogos/aldeoes.json › benedito.assuntos[2] ponte.fala[2]
2d.aldeoes.benedito.assunto.convite.1,681,8 · Herdadas do 2D (não tocam no 3D),"Não toca: o 3D não mostra os assuntos (no 2D, 'quando': tem_convite).",Seu Benedito,benedito,Assunto de conversa (2D: convite),—,,,,,,,,"Vi você com aquele papel na mão. O convite da fazenda, né?",,,,58,4.1,Manoel Lopes · zoe2cQFqDDW4DteHDEWI · eleven_v3,,—,—,,—,só português (2D),2D,,,não toca,não toca,,,,,pendente,não (herdada do 2D),data/dialogos/aldeoes.json › benedito.assuntos[3] convite.fala[0]
2d.aldeoes.benedito.assunto.convite.2,682,8 · Herdadas do 2D (não tocam no 3D),"Não toca: o 3D não mostra os assuntos (no 2D, 'quando': tem_convite).",Seu Benedito,benedito,Assunto de conversa (2D: convite),—,,,,,,,,Escuta o velho: aquela terra do outro lado nunca deu nada pra ninguém. Não é por falta de chuva.,,,,96,6.9,Manoel Lopes · zoe2cQFqDDW4DteHDEWI · eleven_v3,,—,—,,—,só português (2D),2D,,,não toca,não toca,,,,,pendente,não (herdada do 2D),data/dialogos/aldeoes.json › benedito.assuntos[3] convite.fala[1]
2d.aldeoes.benedito.assunto.convite.3,683,8 · Herdadas do 2D (não tocam no 3D),"Não toca: o 3D não mostra os assuntos (no 2D, 'quando': tem_convite).",Seu Benedito,benedito,Assunto de conversa (2D: convite),—,,,,,,,,"Meu avô cortava pau lá quando era rapaz. Parou de ir, e nunca disse por quê — e meu avô era homem de dizer as coisas.",,,,117,8.4,Manoel Lopes · zoe2cQFqDDW4DteHDEWI · eleven_v3,,—,—,,—,só português (2D),2D,,,não toca,não toca,,,,,pendente,não (herdada do 2D),data/dialogos/aldeoes.json › benedito.assuntos[3] convite.fala[2]
2d.aldeoes.benedito.assunto.convite.4,684,8 · Herdadas do 2D (não tocam no 3D),"Não toca: o 3D não mostra os assuntos (no 2D, 'quando': tem_convite).",Seu Benedito,benedito,Assunto de conversa (2D: convite),—,,,,,,,,"Vá se quiser. Mas vá de dia, e volte antes de escurecer.",,,,56,4,Manoel Lopes · zoe2cQFqDDW4DteHDEWI · eleven_v3,,—,—,,—,só português (2D),2D,,,não toca,não toca,,,,,pendente,não (herdada do 2D),data/dialogos/aldeoes.json › benedito.assuntos[3] convite.fala[3]
2d.aldeoes.benedito.assunto.vendida.1,685,8 · Herdadas do 2D (não tocam no 3D),"Não toca: o 3D não mostra os assuntos (no 2D, 'quando': terra_minha).",Seu Benedito,benedito,Assunto de conversa (2D: vendida),—,,,,,,,,"Pronto. O papel tá no seu nome e eu continuo na minha casa, como a gente combinou.",,,,82,5.9,Manoel Lopes · zoe2cQFqDDW4DteHDEWI · eleven_v3,,—,—,,—,só português (2D),2D,,,não toca,não toca,,,,,pendente,não (herdada do 2D),data/dialogos/aldeoes.json › benedito.assuntos[4] vendida.fala[0]
2d.aldeoes.benedito.assunto.vendida.2,686,8 · Herdadas do 2D (não tocam no 3D),"Não toca: o 3D não mostra os assuntos (no 2D, 'quando': terra_minha).",Seu Benedito,benedito,Assunto de conversa (2D: vendida),—,,,,,,,,Agora me diga o que você quer que eu faça. Abre o painel aí e escolhe — eu faço o que der pra fazer.,,,,100,7.1,Manoel Lopes · zoe2cQFqDDW4DteHDEWI · eleven_v3,,—,—,,—,só português (2D),2D,,,não toca,não toca,,,,,pendente,não (herdada do 2D),data/dialogos/aldeoes.json › benedito.assuntos[4] vendida.fala[1]
2d.aldeoes.benedito.assunto.vendida.3,687,8 · Herdadas do 2D (não tocam no 3D),"Não toca: o 3D não mostra os assuntos (no 2D, 'quando': terra_minha).",Seu Benedito,benedito,Assunto de conversa (2D: vendida),—,,,,,,,,"E o que não der eu digo na cara: capina o dia inteiro eu não pego mais, {jogador}. Passei dos setenta.",,,,102,7.3,Manoel Lopes · zoe2cQFqDDW4DteHDEWI · eleven_v3,,—,—,,—,só português (2D),2D,,tem marcador que o jogo troca ({…} ou %s): áudio fixo não serve,não toca,não toca,,,,,pendente,não (herdada do 2D),data/dialogos/aldeoes.json › benedito.assuntos[4] vendida.fala[2]
2d.aldeoes.benedito.assunto.vendida.4,688,8 · Herdadas do 2D (não tocam no 3D),"Não toca: o 3D não mostra os assuntos (no 2D, 'quando': terra_minha).",Seu Benedito,benedito,Assunto de conversa (2D: vendida),—,,,,,,,,Farinha eu faço sentado. Cesto eu tranço. Bicho de quintal eu cuido melhor que gente moça. Isso eu faço bem.,,,,108,7.7,Manoel Lopes · zoe2cQFqDDW4DteHDEWI · eleven_v3,,—,—,,—,só português (2D),2D,,,não toca,não toca,,,,,pendente,não (herdada do 2D),data/dialogos/aldeoes.json › benedito.assuntos[4] vendida.fala[3]
2d.aldeoes.benedito.assunto.trabalhando.1,689,8 · Herdadas do 2D (não tocam no 3D),"Não toca: o 3D não mostra os assuntos (no 2D, 'quando': terra_minha).",Seu Benedito,benedito,Assunto de conversa (2D: trabalhando),—,,,,,,,,"Aquele canto perto da água alaga em maio. Planta ali o que gosta de pé molhado, e tudo bem.",,,,91,6.5,Manoel Lopes · zoe2cQFqDDW4DteHDEWI · eleven_v3,,—,—,,—,só português (2D),2D,,,não toca,não toca,,,,,pendente,não (herdada do 2D),data/dialogos/aldeoes.json › benedito.assuntos[5] trabalhando.fala[0]
2d.aldeoes.benedito.assunto.trabalhando.2,690,8 · Herdadas do 2D (não tocam no 3D),"Não toca: o 3D não mostra os assuntos (no 2D, 'quando': terra_minha).",Seu Benedito,benedito,Assunto de conversa (2D: trabalhando),—,,,,,,,,"Se quiser saber de alguma coisa dessa terra, pergunta. Eu sei tudo dela, menos como largar.",,,,91,6.5,Manoel Lopes · zoe2cQFqDDW4DteHDEWI · eleven_v3,,—,—,,—,só português (2D),2D,,,não toca,não toca,,,,,pendente,não (herdada do 2D),data/dialogos/aldeoes.json › benedito.assuntos[5] trabalhando.fala[1]
2d.aldeoes.benedito.assunto.afinidade_filhos.1,691,8 · Herdadas do 2D (não tocam no 3D),"Não toca: o 3D não mostra os assuntos (no 2D, 'quando': afinidade_2).",Seu Benedito,benedito,Assunto de conversa (2D: afinidade_filhos),—,,,,,,,,"Você aparece direto aqui, hein. Eu reparei.",,,,43,3.1,Manoel Lopes · zoe2cQFqDDW4DteHDEWI · eleven_v3,,—,—,,—,só português (2D),2D,,,não toca,não toca,,,,,pendente,não (herdada do 2D),data/dialogos/aldeoes.json › benedito.assuntos[6] afinidade_filhos.fala[0]
2d.aldeoes.benedito.assunto.afinidade_filhos.2,692,8 · Herdadas do 2D (não tocam no 3D),"Não toca: o 3D não mostra os assuntos (no 2D, 'quando': afinidade_2).",Seu Benedito,benedito,Assunto de conversa (2D: afinidade_filhos),—,,,,,,,,"O mais velho escreveu no ano passado. Uma carta de meia folha, com a letra apertada pra caber. Contou do emprego e não perguntou de mim.",,,,136,9.7,Manoel Lopes · zoe2cQFqDDW4DteHDEWI · eleven_v3,,—,—,,—,só português (2D),2D,,,não toca,não toca,,,,,pendente,não (herdada do 2D),data/dialogos/aldeoes.json › benedito.assuntos[6] afinidade_filhos.fala[1]
2d.aldeoes.benedito.assunto.afinidade_filhos.3,693,8 · Herdadas do 2D (não tocam no 3D),"Não toca: o 3D não mostra os assuntos (no 2D, 'quando': afinidade_2).",Seu Benedito,benedito,Assunto de conversa (2D: afinidade_filhos),—,,,,,,,,"Eu li umas trinta vezes. Não pela notícia — pela letra. É a letra dele, entende? A mesma que eu ensinei nesta mesa.",,,,115,8.2,Manoel Lopes · zoe2cQFqDDW4DteHDEWI · eleven_v3,,—,—,,—,só português (2D),2D,,,não toca,não toca,,,,,pendente,não (herdada do 2D),data/dialogos/aldeoes.json › benedito.assuntos[6] afinidade_filhos.fala[2]
2d.aldeoes.benedito.assunto.afinidade_medo.1,694,8 · Herdadas do 2D (não tocam no 3D),"Não toca: o 3D não mostra os assuntos (no 2D, 'quando': afinidade_3).",Seu Benedito,benedito,Assunto de conversa (2D: afinidade_medo),—,,,,,,,,"Vou te dizer uma coisa que eu não digo pra ninguém daqui, porque daqui todo mundo já sabe e ninguém fala.",,,,105,7.5,Manoel Lopes · zoe2cQFqDDW4DteHDEWI · eleven_v3,,—,—,,—,só português (2D),2D,,,não toca,não toca,,,,,pendente,não (herdada do 2D),data/dialogos/aldeoes.json › benedito.assuntos[7] afinidade_medo.fala[0]
2d.aldeoes.benedito.assunto.afinidade_medo.2,695,8 · Herdadas do 2D (não tocam no 3D),"Não toca: o 3D não mostra os assuntos (no 2D, 'quando': afinidade_3).",Seu Benedito,benedito,Assunto de conversa (2D: afinidade_medo),—,,,,,,,,Não é a terra que me dá medo de largar. É o dia.,,,,48,3.4,Manoel Lopes · zoe2cQFqDDW4DteHDEWI · eleven_v3,,—,—,,—,só português (2D),2D,,,não toca,não toca,,,,,pendente,não (herdada do 2D),data/dialogos/aldeoes.json › benedito.assuntos[7] afinidade_medo.fala[1]
2d.aldeoes.benedito.assunto.afinidade_medo.3,696,8 · Herdadas do 2D (não tocam no 3D),"Não toca: o 3D não mostra os assuntos (no 2D, 'quando': afinidade_3).",Seu Benedito,benedito,Assunto de conversa (2D: afinidade_medo),—,,,,,,,,"Quarenta e dois anos eu acordo às cinco porque tem o que fazer. Se eu vender, no dia seguinte eu acordo às cinco e não tem.",,,,123,8.8,Manoel Lopes · zoe2cQFqDDW4DteHDEWI · eleven_v3,,—,—,,—,só português (2D),2D,,,não toca,não toca,,,,,pendente,não (herdada do 2D),data/dialogos/aldeoes.json › benedito.assuntos[7] afinidade_medo.fala[2]
2d.aldeoes.benedito.assunto.afinidade_medo.4,697,8 · Herdadas do 2D (não tocam no 3D),"Não toca: o 3D não mostra os assuntos (no 2D, 'quando': afinidade_3).",Seu Benedito,benedito,Assunto de conversa (2D: afinidade_medo),—,,,,,,,,Você é moço. Guarda isso pra quando fizer sentido.,,,,50,3.6,Manoel Lopes · zoe2cQFqDDW4DteHDEWI · eleven_v3,,—,—,,—,só português (2D),2D,,,não toca,não toca,,,,,pendente,não (herdada do 2D),data/dialogos/aldeoes.json › benedito.assuntos[7] afinidade_medo.fala[3]
2d.aldeoes.zefa.gostou.1,698,8 · Herdadas do 2D (não tocam no 3D),Não toca: no 3D o presente só lê o gosto (gosta / desgosta).,Dona Zefa,zefa,Reação a presente que gosta (2D),—,,,,,,,,"Ah, isso eu aceito. Sente aí um minuto.",,,,39,2.8,Edna · FrCDCQwye0euHmliGxP9 · eleven_v3,,—,—,,—,só português (2D),2D,,,não toca,não toca,,,,,pendente,não (herdada do 2D),data/dialogos/aldeoes.json › zefa.gostou[0]
2d.aldeoes.zefa.gostou.2,699,8 · Herdadas do 2D (não tocam no 3D),Não toca: no 3D o presente só lê o gosto (gosta / desgosta).,Dona Zefa,zefa,Reação a presente que gosta (2D),—,,,,,,,,Doce é a única coisa que eu ainda faço questão. O resto da vida eu já aceitei como vem.,,,,87,6.2,Edna · FrCDCQwye0euHmliGxP9 · eleven_v3,,—,—,,—,só português (2D),2D,,,não toca,não toca,,,,,pendente,não (herdada do 2D),data/dialogos/aldeoes.json › zefa.gostou[1]
2d.aldeoes.zefa.nao_gostou.1,700,8 · Herdadas do 2D (não tocam no 3D),Não toca: no 3D o presente só lê o gosto (gosta / desgosta).,Dona Zefa,zefa,Reação a presente que não aceita (2D),—,,,,,,,,"Cana não, meu filho. Cana eu não recebo.",,,,40,2.9,Edna · FrCDCQwye0euHmliGxP9 · eleven_v3,,—,—,,—,só português (2D),2D,,,não toca,não toca,,,,,pendente,não (herdada do 2D),data/dialogos/aldeoes.json › zefa.nao_gostou[0]
2d.aldeoes.zefa.nao_gostou.2,701,8 · Herdadas do 2D (não tocam no 3D),Não toca: no 3D o presente só lê o gosto (gosta / desgosta).,Dona Zefa,zefa,Reação a presente que não aceita (2D),—,,,,,,,,"Sabe o que é a metade do que bate nesta porta de madrugada? É cana. Homem cortado, mulher com o braço torto, menino com febre porque o pai gastou o remédio no armazém.",,,,167,11.9,Edna · FrCDCQwye0euHmliGxP9 · eleven_v3,,—,—,,—,só português (2D),2D,,,não toca,não toca,,,,,pendente,não (herdada do 2D),data/dialogos/aldeoes.json › zefa.nao_gostou[1]
2d.aldeoes.zefa.nao_gostou.3,702,8 · Herdadas do 2D (não tocam no 3D),Não toca: no 3D o presente só lê o gosto (gosta / desgosta).,Dona Zefa,zefa,Reação a presente que não aceita (2D),—,,,,,,,,Eu passo a vida costurando o que a cana desmancha. Guarda essa.,,,,63,4.5,Edna · FrCDCQwye0euHmliGxP9 · eleven_v3,,—,—,,—,só português (2D),2D,,,não toca,não toca,,,,,pendente,não (herdada do 2D),data/dialogos/aldeoes.json › zefa.nao_gostou[2]
2d.aldeoes.zefa.agradeceu.1,703,8 · Herdadas do 2D (não tocam no 3D),Não toca: no 3D o presente só lê o gosto (gosta / desgosta).,Dona Zefa,zefa,Agradece um presente (2D),—,,,,,,,,Deus lhe pague. Ponho ali no canto.,,,,35,2.5,Edna · FrCDCQwye0euHmliGxP9 · eleven_v3,,—,—,,—,só português (2D),2D,,,não toca,não toca,,,,,pendente,não (herdada do 2D),data/dialogos/aldeoes.json › zefa.agradeceu[0]
2d.aldeoes.zefa.ja_ganhou.1,704,8 · Herdadas do 2D (não tocam no 3D),Não toca: no 3D o presente só lê o gosto (gosta / desgosta).,Dona Zefa,zefa,Já ganhou presente hoje (2D),—,,,,,,,,"Hoje já, meu filho. Amanhã eu ainda estou aqui, se Deus quiser.",,,,63,4.5,Edna · FrCDCQwye0euHmliGxP9 · eleven_v3,,—,—,,—,só português (2D),2D,,,não toca,não toca,,,,,pendente,não (herdada do 2D),data/dialogos/aldeoes.json › zefa.ja_ganhou[0]
2d.aldeoes.zefa.assunto.apresentacao.1,705,8 · Herdadas do 2D (não tocam no 3D),"Não toca: o 3D não mostra os assuntos (no 2D, 'quando': terra_dele).",Dona Zefa,zefa,Assunto de conversa (2D: apresentacao),—,,,,,,,,"Chegou o da capital. Tá todo mundo sabendo, não se assuste.",,,,59,4.2,Edna · FrCDCQwye0euHmliGxP9 · eleven_v3,,—,—,,—,só português (2D),2D,,,não toca,não toca,,,,,pendente,não (herdada do 2D),data/dialogos/aldeoes.json › zefa.assuntos[0] apresentacao.fala[0]
2d.aldeoes.zefa.assunto.apresentacao.2,706,8 · Herdadas do 2D (não tocam no 3D),"Não toca: o 3D não mostra os assuntos (no 2D, 'quando': terra_dele).",Dona Zefa,zefa,Assunto de conversa (2D: apresentacao),—,,,,,,,,"Zefa. Eu benzo quebranto, faço chá pra quem tem febre e aparo menino que resolve nascer de madrugada.",,,,101,7.2,Edna · FrCDCQwye0euHmliGxP9 · eleven_v3,,—,—,,—,só português (2D),2D,,,não toca,não toca,,,,,pendente,não (herdada do 2D),data/dialogos/aldeoes.json › zefa.assuntos[0] apresentacao.fala[1]
2d.aldeoes.zefa.assunto.apresentacao.3,707,8 · Herdadas do 2D (não tocam no 3D),"Não toca: o 3D não mostra os assuntos (no 2D, 'quando': terra_dele).",Dona Zefa,zefa,Assunto de conversa (2D: apresentacao),—,,,,,,,,"E cuido desse pedaço de chão aqui, que era da minha mãe.",,,,56,4,Edna · FrCDCQwye0euHmliGxP9 · eleven_v3,,—,—,,—,só português (2D),2D,,,não toca,não toca,,,,,pendente,não (herdada do 2D),data/dialogos/aldeoes.json › zefa.assuntos[0] apresentacao.fala[2]
2d.aldeoes.zefa.assunto.favor.1,708,8 · Herdadas do 2D (não tocam no 3D),"Não toca: o 3D não mostra os assuntos (no 2D, 'quando': terra_dele).",Dona Zefa,zefa,Assunto de conversa (2D: favor),—,,,,,,,,"Vender eu não vendo. Chão de mãe não se vende, se passa.",,,,56,4,Edna · FrCDCQwye0euHmliGxP9 · eleven_v3,,—,—,,—,só português (2D),2D,,,não toca,não toca,,,,,pendente,não (herdada do 2D),data/dialogos/aldeoes.json › zefa.assuntos[1] favor.fala[0]
2d.aldeoes.zefa.assunto.favor.2,709,8 · Herdadas do 2D (não tocam no 3D),"Não toca: o 3D não mostra os assuntos (no 2D, 'quando': terra_dele).",Dona Zefa,zefa,Assunto de conversa (2D: favor),—,,,,,,,,"Mas eu tô velha pra subir na serra, e tem coisa que só nasce lá em cima.",,,,72,5.1,Edna · FrCDCQwye0euHmliGxP9 · eleven_v3,,—,—,,—,só português (2D),2D,,,não toca,não toca,,,,,pendente,não (herdada do 2D),data/dialogos/aldeoes.json › zefa.assuntos[1] favor.fala[1]
2d.aldeoes.zefa.assunto.favor.3,710,8 · Herdadas do 2D (não tocam no 3D),"Não toca: o 3D não mostra os assuntos (no 2D, 'quando': terra_dele).",Dona Zefa,zefa,Assunto de conversa (2D: favor),—,,,,,,,,"Me traga o que eu preciso pro remédio, e a gente conversa sobre você cuidar desse pedaço.",,,,89,6.4,Edna · FrCDCQwye0euHmliGxP9 · eleven_v3,,—,—,,—,só português (2D),2D,,,não toca,não toca,,,,,pendente,não (herdada do 2D),data/dialogos/aldeoes.json › zefa.assuntos[1] favor.fala[2]
2d.aldeoes.zefa.assunto.favor.4,711,8 · Herdadas do 2D (não tocam no 3D),"Não toca: o 3D não mostra os assuntos (no 2D, 'quando': terra_dele).",Dona Zefa,zefa,Assunto de conversa (2D: favor),—,,,,,,,,Não é presente. É troca — e troca é como as coisas funcionam aqui.,,,,66,4.7,Edna · FrCDCQwye0euHmliGxP9 · eleven_v3,,—,—,,—,só português (2D),2D,,,não toca,não toca,,,,,pendente,não (herdada do 2D),data/dialogos/aldeoes.json › zefa.assuntos[1] favor.fala[3]
2d.aldeoes.zefa.assunto.favor.5,712,8 · Herdadas do 2D (não tocam no 3D),"Não toca: o 3D não mostra os assuntos (no 2D, 'quando': terra_dele).",Dona Zefa,zefa,Assunto de conversa (2D: favor),—,,,,,,,,"E olhe: meu chão é o primeiro depois da sua cerca. Quem quiser chegar na chapada do Benedito passa por aqui, e por mim.",,,,119,8.5,Edna · FrCDCQwye0euHmliGxP9 · eleven_v3,,—,—,,—,só português (2D),2D,,,não toca,não toca,,,,,pendente,não (herdada do 2D),data/dialogos/aldeoes.json › zefa.assuntos[1] favor.fala[4]
2d.aldeoes.zefa.assunto.rio.1,713,8 · Herdadas do 2D (não tocam no 3D),"Não toca: o 3D não mostra os assuntos (no 2D, 'quando': ponte_caida).",Dona Zefa,zefa,Assunto de conversa (2D: rio),—,,,,,,,,Aquela ponte caiu porque ninguém pediu licença pro rio quando levantaram ela.,,,,77,5.5,Edna · FrCDCQwye0euHmliGxP9 · eleven_v3,,—,—,,—,só português (2D),2D,,,não toca,não toca,,,,,pendente,não (herdada do 2D),data/dialogos/aldeoes.json › zefa.assuntos[2] rio.fala[0]
2d.aldeoes.zefa.assunto.rio.2,714,8 · Herdadas do 2D (não tocam no 3D),"Não toca: o 3D não mostra os assuntos (no 2D, 'quando': ponte_caida).",Dona Zefa,zefa,Assunto de conversa (2D: rio),—,,,,,,,,"Pode rir. Meu pai riu, e foi ele que a cheia pegou em setenta e sete.",,,,69,4.9,Edna · FrCDCQwye0euHmliGxP9 · eleven_v3,,—,—,,—,só português (2D),2D,,,não toca,não toca,,,,,pendente,não (herdada do 2D),data/dialogos/aldeoes.json › zefa.assuntos[2] rio.fala[1]
2d.aldeoes.zefa.assunto.rio.3,715,8 · Herdadas do 2D (não tocam no 3D),"Não toca: o 3D não mostra os assuntos (no 2D, 'quando': ponte_caida).",Dona Zefa,zefa,Assunto de conversa (2D: rio),—,,,,,,,,"Se você for mexer naquela água, molhe a mão e diga em voz alta o que veio fazer. Não custa nada.",,,,96,6.9,Edna · FrCDCQwye0euHmliGxP9 · eleven_v3,,—,—,,—,só português (2D),2D,,,não toca,não toca,,,,,pendente,não (herdada do 2D),data/dialogos/aldeoes.json › zefa.assuntos[2] rio.fala[2]
2d.aldeoes.zefa.assunto.convite.1,716,8 · Herdadas do 2D (não tocam no 3D),"Não toca: o 3D não mostra os assuntos (no 2D, 'quando': tem_convite).",Dona Zefa,zefa,Assunto de conversa (2D: convite),—,,,,,,,,"Esse papel aí eu já vi. Vieram pregar um igual no mural há duas semanas, e a chuva levou.",,,,89,6.4,Edna · FrCDCQwye0euHmliGxP9 · eleven_v3,,—,—,,—,só português (2D),2D,,,não toca,não toca,,,,,pendente,não (herdada do 2D),data/dialogos/aldeoes.json › zefa.assuntos[3] convite.fala[0]
2d.aldeoes.zefa.assunto.convite.2,717,8 · Herdadas do 2D (não tocam no 3D),"Não toca: o 3D não mostra os assuntos (no 2D, 'quando': tem_convite).",Dona Zefa,zefa,Assunto de conversa (2D: convite),—,,,,,,,,"Convite bonito. Letra de gente estudada, papel de gente rica, e nenhum nome embaixo.",,,,84,6,Edna · FrCDCQwye0euHmliGxP9 · eleven_v3,,—,—,,—,só português (2D),2D,,,não toca,não toca,,,,,pendente,não (herdada do 2D),data/dialogos/aldeoes.json › zefa.assuntos[3] convite.fala[1]
2d.aldeoes.zefa.assunto.convite.3,718,8 · Herdadas do 2D (não tocam no 3D),"Não toca: o 3D não mostra os assuntos (no 2D, 'quando': tem_convite).",Dona Zefa,zefa,Assunto de conversa (2D: convite),—,,,,,,,,"Quem convida o arraial inteiro e não assina não quer visita, meu filho. Quer gente.",,,,83,5.9,Edna · FrCDCQwye0euHmliGxP9 · eleven_v3,,—,—,,—,só português (2D),2D,,,não toca,não toca,,,,,pendente,não (herdada do 2D),data/dialogos/aldeoes.json › zefa.assuntos[3] convite.fala[2]
2d.aldeoes.zefa.assunto.convite.4,719,8 · Herdadas do 2D (não tocam no 3D),"Não toca: o 3D não mostra os assuntos (no 2D, 'quando': tem_convite).",Dona Zefa,zefa,Assunto de conversa (2D: convite),—,,,,,,,,"Se for, leve sal no bolso. Não me pergunte por quê — leve.",,,,58,4.1,Edna · FrCDCQwye0euHmliGxP9 · eleven_v3,,—,—,,—,só português (2D),2D,,,não toca,não toca,,,,,pendente,não (herdada do 2D),data/dialogos/aldeoes.json › zefa.assuntos[3] convite.fala[3]
2d.aldeoes.zefa.assunto.passada.1,720,8 · Herdadas do 2D (não tocam no 3D),"Não toca: o 3D não mostra os assuntos (no 2D, 'quando': terra_minha).",Dona Zefa,zefa,Assunto de conversa (2D: passada),—,,,,,,,,"Tá feito. A terra é sua e eu continuo na casa da minha mãe, que é onde eu vou morrer.",,,,85,6.1,Edna · FrCDCQwye0euHmliGxP9 · eleven_v3,,—,—,,—,só português (2D),2D,,,não toca,não toca,,,,,pendente,não (herdada do 2D),data/dialogos/aldeoes.json › zefa.assuntos[4] passada.fala[0]
2d.aldeoes.zefa.assunto.passada.2,721,8 · Herdadas do 2D (não tocam no 3D),"Não toca: o 3D não mostra os assuntos (no 2D, 'quando': terra_minha).",Dona Zefa,zefa,Assunto de conversa (2D: passada),—,,,,,,,,Diga o que você quer que saia daqui e eu ponho pra sair. Menos enxada — isso eu já paguei minha parte.,,,,102,7.3,Edna · FrCDCQwye0euHmliGxP9 · eleven_v3,,—,—,,—,só português (2D),2D,,,não toca,não toca,,,,,pendente,não (herdada do 2D),data/dialogos/aldeoes.json › zefa.assuntos[4] passada.fala[1]
2d.aldeoes.zefa.assunto.passada.3,722,8 · Herdadas do 2D (não tocam no 3D),"Não toca: o 3D não mostra os assuntos (no 2D, 'quando': terra_minha).",Dona Zefa,zefa,Assunto de conversa (2D: passada),—,,,,,,,,"Mas o Cosme, meu neto, mora aqui comigo e tem vinte e dois anos. Esse aguenta sol.",,,,82,5.9,Edna · FrCDCQwye0euHmliGxP9 · eleven_v3,,—,—,,—,só português (2D),2D,,,não toca,não toca,,,,,pendente,não (herdada do 2D),data/dialogos/aldeoes.json › zefa.assuntos[4] passada.fala[2]
2d.aldeoes.zefa.assunto.passada.4,723,8 · Herdadas do 2D (não tocam no 3D),"Não toca: o 3D não mostra os assuntos (no 2D, 'quando': terra_minha).",Dona Zefa,zefa,Assunto de conversa (2D: passada),—,,,,,,,,Fale com ele também. Cada um faz o que o corpo dá.,,,,50,3.6,Edna · FrCDCQwye0euHmliGxP9 · eleven_v3,,—,—,,—,só português (2D),2D,,,não toca,não toca,,,,,pendente,não (herdada do 2D),data/dialogos/aldeoes.json › zefa.assuntos[4] passada.fala[3]
2d.aldeoes.zefa.assunto.minha.1,724,8 · Herdadas do 2D (não tocam no 3D),"Não toca: o 3D não mostra os assuntos (no 2D, 'quando': terra_minha).",Dona Zefa,zefa,Assunto de conversa (2D: minha),—,,,,,,,,"Cuide bem, que eu tô de olho. E o chão também.",,,,46,3.3,Edna · FrCDCQwye0euHmliGxP9 · eleven_v3,,—,—,,—,só português (2D),2D,,,não toca,não toca,,,,,pendente,não (herdada do 2D),data/dialogos/aldeoes.json › zefa.assuntos[5] minha.fala[0]
2d.aldeoes.zefa.assunto.minha.2,725,8 · Herdadas do 2D (não tocam no 3D),"Não toca: o 3D não mostra os assuntos (no 2D, 'quando': terra_minha).",Dona Zefa,zefa,Assunto de conversa (2D: minha),—,,,,,,,,"Quando precisar de chá pra dor nas costas, bata na porta. Quem trabalha assim vai precisar.",,,,91,6.5,Edna · FrCDCQwye0euHmliGxP9 · eleven_v3,,—,—,,—,só português (2D),2D,,,não toca,não toca,,,,,pendente,não (herdada do 2D),data/dialogos/aldeoes.json › zefa.assuntos[5] minha.fala[1]
2d.aldeoes.zefa.assunto.afinidade_mao.1,726,8 · Herdadas do 2D (não tocam no 3D),"Não toca: o 3D não mostra os assuntos (no 2D, 'quando': afinidade_2).",Dona Zefa,zefa,Assunto de conversa (2D: afinidade_mao),—,,,,,,,,Me dá a mão. A direita.,,,,23,1.6,Edna · FrCDCQwye0euHmliGxP9 · eleven_v3,,—,—,,—,só português (2D),2D,,,não toca,não toca,,,,,pendente,não (herdada do 2D),data/dialogos/aldeoes.json › zefa.assuntos[6] afinidade_mao.fala[0]
2d.aldeoes.zefa.assunto.afinidade_mao.2,727,8 · Herdadas do 2D (não tocam no 3D),"Não toca: o 3D não mostra os assuntos (no 2D, 'quando': afinidade_2).",Dona Zefa,zefa,Assunto de conversa (2D: afinidade_mao),—,,,,,,,,"Hum. Calo de cabo aqui, aqui e aqui. Um mês atrás essa mão era de gente de cidade.",,,,82,5.9,Edna · FrCDCQwye0euHmliGxP9 · eleven_v3,,—,—,,—,só português (2D),2D,,,não toca,não toca,,,,,pendente,não (herdada do 2D),data/dialogos/aldeoes.json › zefa.assuntos[6] afinidade_mao.fala[1]
2d.aldeoes.zefa.assunto.afinidade_mao.3,728,8 · Herdadas do 2D (não tocam no 3D),"Não toca: o 3D não mostra os assuntos (no 2D, 'quando': afinidade_2).",Dona Zefa,zefa,Assunto de conversa (2D: afinidade_mao),—,,,,,,,,"Não é elogio, é constatação. Mas é uma boa constatação.",,,,55,3.9,Edna · FrCDCQwye0euHmliGxP9 · eleven_v3,,—,—,,—,só português (2D),2D,,,não toca,não toca,,,,,pendente,não (herdada do 2D),data/dialogos/aldeoes.json › zefa.assuntos[6] afinidade_mao.fala[2]
2d.aldeoes.zefa.assunto.afinidade_tres.1,729,8 · Herdadas do 2D (não tocam no 3D),"Não toca: o 3D não mostra os assuntos (no 2D, 'quando': afinidade_3).",Dona Zefa,zefa,Assunto de conversa (2D: afinidade_tres),—,,,,,,,,"Você já andou os três marcos, já escolheu o seu. Então eu posso falar direito.",,,,78,5.6,Edna · FrCDCQwye0euHmliGxP9 · eleven_v3,,—,—,,—,só português (2D),2D,,,não toca,não toca,,,,,pendente,não (herdada do 2D),data/dialogos/aldeoes.json › zefa.assuntos[7] afinidade_tres.fala[0]
2d.aldeoes.zefa.assunto.afinidade_tres.2,730,8 · Herdadas do 2D (não tocam no 3D),"Não toca: o 3D não mostra os assuntos (no 2D, 'quando': afinidade_3).",Dona Zefa,zefa,Assunto de conversa (2D: afinidade_tres),—,,,,,,,,"Eu vou na missa de manhã e eu vou no terreiro de noite, e não tem contradição nenhuma nisso. Quem inventou que tem foi gente que veio de fora dizer o que a gente é.",,,,164,11.7,Edna · FrCDCQwye0euHmliGxP9 · eleven_v3,,—,—,,—,só português (2D),2D,,,não toca,não toca,,,,,pendente,não (herdada do 2D),data/dialogos/aldeoes.json › zefa.assuntos[7] afinidade_tres.fala[1]
2d.aldeoes.zefa.assunto.afinidade_tres.3,731,8 · Herdadas do 2D (não tocam no 3D),"Não toca: o 3D não mostra os assuntos (no 2D, 'quando': afinidade_3).",Dona Zefa,zefa,Assunto de conversa (2D: afinidade_tres),—,,,,,,,,Mas por dentro cada um sabe de qual é. Eu sei da minha. E agora você sabe da sua.,,,,81,5.8,Edna · FrCDCQwye0euHmliGxP9 · eleven_v3,,—,—,,—,só português (2D),2D,,,não toca,não toca,,,,,pendente,não (herdada do 2D),data/dialogos/aldeoes.json › zefa.assuntos[7] afinidade_tres.fala[2]
2d.aldeoes.zefa.assunto.afinidade_tres.4,732,8 · Herdadas do 2D (não tocam no 3D),"Não toca: o 3D não mostra os assuntos (no 2D, 'quando': afinidade_3).",Dona Zefa,zefa,Assunto de conversa (2D: afinidade_tres),—,,,,,,,,"Isso é tudo que eu queria te ensinar, meu filho. O resto é chá.",,,,63,4.5,Edna · FrCDCQwye0euHmliGxP9 · eleven_v3,,—,—,,—,só português (2D),2D,,,não toca,não toca,,,,,pendente,não (herdada do 2D),data/dialogos/aldeoes.json › zefa.assuntos[7] afinidade_tres.fala[3]
2d.aldeoes.cosme.gostou.1,733,8 · Herdadas do 2D (não tocam no 3D),Não toca: no 3D o presente só lê o gosto (gosta / desgosta).,Cosme,cosme,Reação a presente que gosta (2D),—,,,,,,,,Opa! Isso é comida de quem trabalhou.,,,,37,2.6,Matheus (Energetic) · NQmLEqxcRTkWYIYZSYod · eleven_v3,,—,—,,—,só português (2D),2D,,,não toca,não toca,,,,,pendente,não (herdada do 2D),data/dialogos/aldeoes.json › cosme.gostou[0]
2d.aldeoes.cosme.gostou.2,734,8 · Herdadas do 2D (não tocam no 3D),Não toca: no 3D o presente só lê o gosto (gosta / desgosta).,Cosme,cosme,Reação a presente que gosta (2D),—,,,,,,,,"Vó faz, mas faz pouco — ela come que nem passarinho e acha que todo mundo come igual.",,,,85,6.1,Matheus (Energetic) · NQmLEqxcRTkWYIYZSYod · eleven_v3,,—,—,,—,só português (2D),2D,,,não toca,não toca,,,,,pendente,não (herdada do 2D),data/dialogos/aldeoes.json › cosme.gostou[1]
2d.aldeoes.cosme.nao_gostou.1,735,8 · Herdadas do 2D (não tocam no 3D),Não toca: no 3D o presente só lê o gosto (gosta / desgosta).,Cosme,cosme,Reação a presente que não aceita (2D),—,,,,,,,,...Banana.,,,,10,1.5,Matheus (Energetic) · NQmLEqxcRTkWYIYZSYod · eleven_v3,,—,—,,—,só português (2D),2D,,,não toca,não toca,,,,,pendente,não (herdada do 2D),data/dialogos/aldeoes.json › cosme.nao_gostou[0]
2d.aldeoes.cosme.nao_gostou.2,736,8 · Herdadas do 2D (não tocam no 3D),Não toca: no 3D o presente só lê o gosto (gosta / desgosta).,Cosme,cosme,Reação a presente que não aceita (2D),—,,,,,,,,"Não, tá bom. Eu como. É que banana é o que a gente dá pra menino que tá atrapalhando, sabe?",,,,91,6.5,Matheus (Energetic) · NQmLEqxcRTkWYIYZSYod · eleven_v3,,—,—,,—,só português (2D),2D,,,não toca,não toca,,,,,pendente,não (herdada do 2D),data/dialogos/aldeoes.json › cosme.nao_gostou[1]
2d.aldeoes.cosme.nao_gostou.3,737,8 · Herdadas do 2D (não tocam no 3D),Não toca: no 3D o presente só lê o gosto (gosta / desgosta).,Cosme,cosme,Reação a presente que não aceita (2D),—,,,,,,,,Deixa pra lá. Foi mal.,,,,22,1.6,Matheus (Energetic) · NQmLEqxcRTkWYIYZSYod · eleven_v3,,—,—,,—,só português (2D),2D,,,não toca,não toca,,,,,pendente,não (herdada do 2D),data/dialogos/aldeoes.json › cosme.nao_gostou[2]
2d.aldeoes.cosme.agradeceu.1,738,8 · Herdadas do 2D (não tocam no 3D),Não toca: no 3D o presente só lê o gosto (gosta / desgosta).,Cosme,cosme,Agradece um presente (2D),—,,,,,,,,Valeu mesmo. Eu levo.,,,,21,1.5,Matheus (Energetic) · NQmLEqxcRTkWYIYZSYod · eleven_v3,,—,—,,—,só português (2D),2D,,,não toca,não toca,,,,,pendente,não (herdada do 2D),data/dialogos/aldeoes.json › cosme.agradeceu[0]
2d.aldeoes.cosme.ja_ganhou.1,739,8 · Herdadas do 2D (não tocam no 3D),Não toca: no 3D o presente só lê o gosto (gosta / desgosta).,Cosme,cosme,Já ganhou presente hoje (2D),—,,,,,,,,"Já me deu hoje, meu rei. Guarda aí.",,,,35,2.5,Matheus (Energetic) · NQmLEqxcRTkWYIYZSYod · eleven_v3,,—,—,,—,só português (2D),2D,,,não toca,não toca,,,,,pendente,não (herdada do 2D),data/dialogos/aldeoes.json › cosme.ja_ganhou[0]
2d.aldeoes.cosme.assunto.apresentacao.1,740,8 · Herdadas do 2D (não tocam no 3D),"Não toca: o 3D não mostra os assuntos (no 2D, 'quando': sempre).",Cosme,cosme,Assunto de conversa (2D: apresentacao),—,,,,,,,,"Cosme. Neto da Dona Zefa — moro com ela desde os sete, quando minha mãe morreu.",,,,79,5.6,Matheus (Energetic) · NQmLEqxcRTkWYIYZSYod · eleven_v3,,—,—,,—,só português (2D),2D,,,não toca,não toca,,,,,pendente,não (herdada do 2D),data/dialogos/aldeoes.json › cosme.assuntos[0] apresentacao.fala[0]
2d.aldeoes.cosme.assunto.apresentacao.2,741,8 · Herdadas do 2D (não tocam no 3D),"Não toca: o 3D não mostra os assuntos (no 2D, 'quando': sempre).",Cosme,cosme,Assunto de conversa (2D: apresentacao),—,,,,,,,,"Ela me criou, me ensinou a ler no almanaque e me botou pra capinar aos nove. As três coisas na mesma semana.",,,,108,7.7,Matheus (Energetic) · NQmLEqxcRTkWYIYZSYod · eleven_v3,,—,—,,—,só português (2D),2D,,,não toca,não toca,,,,,pendente,não (herdada do 2D),data/dialogos/aldeoes.json › cosme.assuntos[0] apresentacao.fala[1]
2d.aldeoes.cosme.assunto.apresentacao.3,742,8 · Herdadas do 2D (não tocam no 3D),"Não toca: o 3D não mostra os assuntos (no 2D, 'quando': sempre).",Cosme,cosme,Assunto de conversa (2D: apresentacao),—,,,,,,,,"O que ela não aguenta mais fazer, eu faço. É esse o arranjo, e não tem nada de triste nisso.",,,,92,6.6,Matheus (Energetic) · NQmLEqxcRTkWYIYZSYod · eleven_v3,,—,—,,—,só português (2D),2D,,,não toca,não toca,,,,,pendente,não (herdada do 2D),data/dialogos/aldeoes.json › cosme.assuntos[0] apresentacao.fala[2]
2d.aldeoes.cosme.assunto.trabalho.1,743,8 · Herdadas do 2D (não tocam no 3D),"Não toca: o 3D não mostra os assuntos (no 2D, 'quando': terra_minha).",Cosme,cosme,Assunto de conversa (2D: trabalho),—,,,,,,,,"Vó me contou que o chão passou pro seu nome. Ela tava tranquila, o que já é muita coisa.",,,,88,6.3,Matheus (Energetic) · NQmLEqxcRTkWYIYZSYod · eleven_v3,,—,—,,—,só português (2D),2D,,,não toca,não toca,,,,,pendente,não (herdada do 2D),data/dialogos/aldeoes.json › cosme.assuntos[1] trabalho.fala[0]
2d.aldeoes.cosme.assunto.trabalho.2,744,8 · Herdadas do 2D (não tocam no 3D),"Não toca: o 3D não mostra os assuntos (no 2D, 'quando': terra_minha).",Cosme,cosme,Assunto de conversa (2D: trabalho),—,,,,,,,,"Então me manda. Roçado, machado, o que for de sol e lombo — eu tenho vinte e dois anos e dois braços.",,,,101,7.2,Matheus (Energetic) · NQmLEqxcRTkWYIYZSYod · eleven_v3,,—,—,,—,só português (2D),2D,,,não toca,não toca,,,,,pendente,não (herdada do 2D),data/dialogos/aldeoes.json › cosme.assuntos[1] trabalho.fala[1]
2d.aldeoes.cosme.assunto.trabalho.3,745,8 · Herdadas do 2D (não tocam no 3D),"Não toca: o 3D não mostra os assuntos (no 2D, 'quando': terra_minha).",Cosme,cosme,Assunto de conversa (2D: trabalho),—,,,,,,,,"Só peço uma coisa: o que for pesado, chama a mim. Não chama ela. Ela vai dizer que faz, e vai fazer, e depois passa três dias sem levantar.",,,,139,9.9,Matheus (Energetic) · NQmLEqxcRTkWYIYZSYod · eleven_v3,,—,—,,—,só português (2D),2D,,,não toca,não toca,,,,,pendente,não (herdada do 2D),data/dialogos/aldeoes.json › cosme.assuntos[1] trabalho.fala[2]
2d.aldeoes.cosme.assunto.roca.1,746,8 · Herdadas do 2D (não tocam no 3D),"Não toca: o 3D não mostra os assuntos (no 2D, 'quando': terra_minha).",Cosme,cosme,Assunto de conversa (2D: roca),—,,,,,,,,A cana dessa leira aí já tá de corte. Passa o facão que ela rebrota.,,,,68,4.9,Matheus (Energetic) · NQmLEqxcRTkWYIYZSYod · eleven_v3,,—,—,,—,só português (2D),2D,,,não toca,não toca,,,,,pendente,não (herdada do 2D),data/dialogos/aldeoes.json › cosme.assuntos[2] roca.fala[0]
2d.aldeoes.cosme.assunto.roca.2,747,8 · Herdadas do 2D (não tocam no 3D),"Não toca: o 3D não mostra os assuntos (no 2D, 'quando': terra_minha).",Cosme,cosme,Assunto de conversa (2D: roca),—,,,,,,,,"Terra daqui é boa. O que faltava era braço, e agora tem.",,,,56,4,Matheus (Energetic) · NQmLEqxcRTkWYIYZSYod · eleven_v3,,—,—,,—,só português (2D),2D,,,não toca,não toca,,,,,pendente,não (herdada do 2D),data/dialogos/aldeoes.json › cosme.assuntos[2] roca.fala[1]
2d.aldeoes.cosme.assunto.ponte.1,748,8 · Herdadas do 2D (não tocam no 3D),"Não toca: o 3D não mostra os assuntos (no 2D, 'quando': ponte_caida).",Cosme,cosme,Assunto de conversa (2D: ponte),—,,,,,,,,Eu ia atravessar aquela ponte todo sábado pra ver uma moça do outro lado.,,,,73,5.2,Matheus (Energetic) · NQmLEqxcRTkWYIYZSYod · eleven_v3,,—,—,,—,só português (2D),2D,,,não toca,não toca,,,,,pendente,não (herdada do 2D),data/dialogos/aldeoes.json › cosme.assuntos[3] ponte.fala[0]
2d.aldeoes.cosme.assunto.ponte.2,749,8 · Herdadas do 2D (não tocam no 3D),"Não toca: o 3D não mostra os assuntos (no 2D, 'quando': ponte_caida).",Cosme,cosme,Assunto de conversa (2D: ponte),—,,,,,,,,"Desde que caiu, não vi mais. Ela deve achar que eu desisti.",,,,59,4.2,Matheus (Energetic) · NQmLEqxcRTkWYIYZSYod · eleven_v3,,—,—,,—,só português (2D),2D,,,não toca,não toca,,,,,pendente,não (herdada do 2D),data/dialogos/aldeoes.json › cosme.assuntos[3] ponte.fala[1]
2d.aldeoes.cosme.assunto.ponte.3,750,8 · Herdadas do 2D (não tocam no 3D),"Não toca: o 3D não mostra os assuntos (no 2D, 'quando': ponte_caida).",Cosme,cosme,Assunto de conversa (2D: ponte),—,,,,,,,,"Se você levantar aquilo de novo, eu te devo mais que um favor.",,,,62,4.4,Matheus (Energetic) · NQmLEqxcRTkWYIYZSYod · eleven_v3,,—,—,,—,só português (2D),2D,,,não toca,não toca,,,,,pendente,não (herdada do 2D),data/dialogos/aldeoes.json › cosme.assuntos[3] ponte.fala[2]
2d.aldeoes.cosme.assunto.convite.1,751,8 · Herdadas do 2D (não tocam no 3D),"Não toca: o 3D não mostra os assuntos (no 2D, 'quando': tem_convite).",Cosme,cosme,Assunto de conversa (2D: convite),—,,,,,,,,"Vó viu esse convite e mandou eu não ir. Disse na frente de todo mundo, sem baixar a voz.",,,,88,6.3,Matheus (Energetic) · NQmLEqxcRTkWYIYZSYod · eleven_v3,,—,—,,—,só português (2D),2D,,,não toca,não toca,,,,,pendente,não (herdada do 2D),data/dialogos/aldeoes.json › cosme.assuntos[4] convite.fala[0]
2d.aldeoes.cosme.assunto.convite.2,752,8 · Herdadas do 2D (não tocam no 3D),"Não toca: o 3D não mostra os assuntos (no 2D, 'quando': tem_convite).",Cosme,cosme,Assunto de conversa (2D: convite),—,,,,,,,,"Eu respondo o seguinte: se você for, eu vou junto. Ela que brigue com nós dois depois.",,,,86,6.1,Matheus (Energetic) · NQmLEqxcRTkWYIYZSYod · eleven_v3,,—,—,,—,só português (2D),2D,,,não toca,não toca,,,,,pendente,não (herdada do 2D),data/dialogos/aldeoes.json › cosme.assuntos[4] convite.fala[1]
2d.aldeoes.cosme.assunto.afinidade_almanaque.1,753,8 · Herdadas do 2D (não tocam no 3D),"Não toca: o 3D não mostra os assuntos (no 2D, 'quando': afinidade_2).",Cosme,cosme,Assunto de conversa (2D: afinidade_almanaque),—,,,,,,,,"Ô, deixa eu te perguntar uma coisa. Você lê bem? Lê de verdade, tipo livro?",,,,75,5.4,Matheus (Energetic) · NQmLEqxcRTkWYIYZSYod · eleven_v3,,—,—,,—,só português (2D),2D,,,não toca,não toca,,,,,pendente,não (herdada do 2D),data/dialogos/aldeoes.json › cosme.assuntos[5] afinidade_almanaque.fala[0]
2d.aldeoes.cosme.assunto.afinidade_almanaque.2,754,8 · Herdadas do 2D (não tocam no 3D),"Não toca: o 3D não mostra os assuntos (no 2D, 'quando': afinidade_2).",Cosme,cosme,Assunto de conversa (2D: afinidade_almanaque),—,,,,,,,,"Eu leio no almanaque, mas é devagar e eu passo o dedo. Vó me ensinou o que ela sabia, que não era muito.",,,,104,7.4,Matheus (Energetic) · NQmLEqxcRTkWYIYZSYod · eleven_v3,,—,—,,—,só português (2D),2D,,,não toca,não toca,,,,,pendente,não (herdada do 2D),data/dialogos/aldeoes.json › cosme.assuntos[5] afinidade_almanaque.fala[1]
2d.aldeoes.cosme.assunto.afinidade_almanaque.3,755,8 · Herdadas do 2D (não tocam no 3D),"Não toca: o 3D não mostra os assuntos (no 2D, 'quando': afinidade_2).",Cosme,cosme,Assunto de conversa (2D: afinidade_almanaque),—,,,,,,,,"Se um dia você pegar um cordel desses e ler em voz alta, eu escuto. Não precisa ser hoje.",,,,89,6.4,Matheus (Energetic) · NQmLEqxcRTkWYIYZSYod · eleven_v3,,—,—,,—,só português (2D),2D,,,não toca,não toca,,,,,pendente,não (herdada do 2D),data/dialogos/aldeoes.json › cosme.assuntos[5] afinidade_almanaque.fala[2]
2d.aldeoes.cosme.assunto.afinidade_ir.1,756,8 · Herdadas do 2D (não tocam no 3D),"Não toca: o 3D não mostra os assuntos (no 2D, 'quando': afinidade_3).",Cosme,cosme,Assunto de conversa (2D: afinidade_ir),—,,,,,,,,"Eu penso em ir embora. Pronto, falei.",,,,37,2.6,Matheus (Energetic) · NQmLEqxcRTkWYIYZSYod · eleven_v3,,—,—,,—,só português (2D),2D,,,não toca,não toca,,,,,pendente,não (herdada do 2D),data/dialogos/aldeoes.json › cosme.assuntos[6] afinidade_ir.fala[0]
2d.aldeoes.cosme.assunto.afinidade_ir.2,757,8 · Herdadas do 2D (não tocam no 3D),"Não toca: o 3D não mostra os assuntos (no 2D, 'quando': afinidade_3).",Cosme,cosme,Assunto de conversa (2D: afinidade_ir),—,,,,,,,,"Não é por causa dela, entenda bem. É que eu tenho vinte e dois anos e a única coisa que já me aconteceu foi nascer aqui.",,,,120,8.6,Matheus (Energetic) · NQmLEqxcRTkWYIYZSYod · eleven_v3,,—,—,,—,só português (2D),2D,,,não toca,não toca,,,,,pendente,não (herdada do 2D),data/dialogos/aldeoes.json › cosme.assuntos[6] afinidade_ir.fala[1]
2d.aldeoes.cosme.assunto.afinidade_ir.3,758,8 · Herdadas do 2D (não tocam no 3D),"Não toca: o 3D não mostra os assuntos (no 2D, 'quando': afinidade_3).",Cosme,cosme,Assunto de conversa (2D: afinidade_ir),—,,,,,,,,"Mas ela não tem mais ninguém. Então eu fico, e tá tudo bem eu ficar — só que eu queria que fosse escolha, sabe? E não ser a única coisa possível.",,,,145,10.4,Matheus (Energetic) · NQmLEqxcRTkWYIYZSYod · eleven_v3,,—,—,,—,só português (2D),2D,,,não toca,não toca,,,,,pendente,não (herdada do 2D),data/dialogos/aldeoes.json › cosme.assuntos[6] afinidade_ir.fala[2]
2d.aldeoes.cosme.assunto.afinidade_ir.4,759,8 · Herdadas do 2D (não tocam no 3D),"Não toca: o 3D não mostra os assuntos (no 2D, 'quando': afinidade_3).",Cosme,cosme,Assunto de conversa (2D: afinidade_ir),—,,,,,,,,Não repete isso pra ela. Eu falei porque você é de confiança.,,,,61,4.4,Matheus (Energetic) · NQmLEqxcRTkWYIYZSYod · eleven_v3,,—,—,,—,só português (2D),2D,,,não toca,não toca,,,,,pendente,não (herdada do 2D),data/dialogos/aldeoes.json › cosme.assuntos[6] afinidade_ir.fala[3]
2d.aldeoes.tonho.gostou.1,760,8 · Herdadas do 2D (não tocam no 3D),Não toca: no 3D o presente só lê o gosto (gosta / desgosta).,Tonho,tonho,Reação a presente que gosta (2D),—,,,,,,,,Rapaz... isso me ajuda de verdade. Sério.,,,,41,2.9,Matheus Santos · xWdpADtEio43ew1zGxUQ · eleven_v3,,—,—,,—,só português (2D),2D,,,não toca,não toca,,,,,pendente,não (herdada do 2D),data/dialogos/aldeoes.json › tonho.gostou[0]
2d.aldeoes.tonho.gostou.2,761,8 · Herdadas do 2D (não tocam no 3D),Não toca: no 3D o presente só lê o gosto (gosta / desgosta).,Tonho,tonho,Reação a presente que gosta (2D),—,,,,,,,,"Não vou dizer que resolve, porque não resolve. Mas ajuda.",,,,57,4.1,Matheus Santos · xWdpADtEio43ew1zGxUQ · eleven_v3,,—,—,,—,só português (2D),2D,,,não toca,não toca,,,,,pendente,não (herdada do 2D),data/dialogos/aldeoes.json › tonho.gostou[1]
2d.aldeoes.tonho.nao_gostou.1,762,8 · Herdadas do 2D (não tocam no 3D),Não toca: no 3D o presente só lê o gosto (gosta / desgosta).,Tonho,tonho,Reação a presente que não aceita (2D),—,,,,,,,,Peixe.,,,,6,1.5,Matheus Santos · xWdpADtEio43ew1zGxUQ · eleven_v3,,—,—,,—,só português (2D),2D,,,não toca,não toca,,,,,pendente,não (herdada do 2D),data/dialogos/aldeoes.json › tonho.nao_gostou[0]
2d.aldeoes.tonho.nao_gostou.2,763,8 · Herdadas do 2D (não tocam no 3D),Não toca: no 3D o presente só lê o gosto (gosta / desgosta).,Tonho,tonho,Reação a presente que não aceita (2D),—,,,,,,,,Você tá me dando peixe.,,,,23,1.6,Matheus Santos · xWdpADtEio43ew1zGxUQ · eleven_v3,,—,—,,—,só português (2D),2D,,,não toca,não toca,,,,,pendente,não (herdada do 2D),data/dialogos/aldeoes.json › tonho.nao_gostou[1]
2d.aldeoes.tonho.nao_gostou.3,764,8 · Herdadas do 2D (não tocam no 3D),Não toca: no 3D o presente só lê o gosto (gosta / desgosta).,Tonho,tonho,Reação a presente que não aceita (2D),—,,,,,,,,"Não é maldade sua, eu sei. Mas eu puxo rede desde os onze anos, e a única coisa que eu ainda tenho de meu é saber pegar o meu.",,,,126,9,Matheus Santos · xWdpADtEio43ew1zGxUQ · eleven_v3,,—,—,,—,só português (2D),2D,,,não toca,não toca,,,,,pendente,não (herdada do 2D),data/dialogos/aldeoes.json › tonho.nao_gostou[2]
2d.aldeoes.tonho.nao_gostou.4,765,8 · Herdadas do 2D (não tocam no 3D),Não toca: no 3D o presente só lê o gosto (gosta / desgosta).,Tonho,tonho,Reação a presente que não aceita (2D),—,,,,,,,,Fica com ele.,,,,13,1.5,Matheus Santos · xWdpADtEio43ew1zGxUQ · eleven_v3,,—,—,,—,só português (2D),2D,,,não toca,não toca,,,,,pendente,não (herdada do 2D),data/dialogos/aldeoes.json › tonho.nao_gostou[3]
2d.aldeoes.tonho.agradeceu.1,766,8 · Herdadas do 2D (não tocam no 3D),Não toca: no 3D o presente só lê o gosto (gosta / desgosta).,Tonho,tonho,Agradece um presente (2D),—,,,,,,,,"Opa, obrigado. Vai pra casa.",,,,28,2,Matheus Santos · xWdpADtEio43ew1zGxUQ · eleven_v3,,—,—,,—,só português (2D),2D,,,não toca,não toca,,,,,pendente,não (herdada do 2D),data/dialogos/aldeoes.json › tonho.agradeceu[0]
2d.aldeoes.tonho.ja_ganhou.1,767,8 · Herdadas do 2D (não tocam no 3D),Não toca: no 3D o presente só lê o gosto (gosta / desgosta).,Tonho,tonho,Já ganhou presente hoje (2D),—,,,,,,,,"Hoje já, rapaz. Não precisa ficar me dando coisa toda hora.",,,,59,4.2,Matheus Santos · xWdpADtEio43ew1zGxUQ · eleven_v3,,—,—,,—,só português (2D),2D,,,não toca,não toca,,,,,pendente,não (herdada do 2D),data/dialogos/aldeoes.json › tonho.ja_ganhou[0]
2d.aldeoes.tonho.assunto.apresentacao.1,768,8 · Herdadas do 2D (não tocam no 3D),"Não toca: o 3D não mostra os assuntos (no 2D, 'quando': sempre).",Tonho,tonho,Assunto de conversa (2D: apresentacao),—,,,,,,,,Opa. Tonho. Eu puxo rede aqui no pontal desde os onze.,,,,54,3.9,Matheus Santos · xWdpADtEio43ew1zGxUQ · eleven_v3,,—,—,,—,só português (2D),2D,,,não toca,não toca,,,,,pendente,não (herdada do 2D),data/dialogos/aldeoes.json › tonho.assuntos[0] apresentacao.fala[0]
2d.aldeoes.tonho.assunto.apresentacao.2,769,8 · Herdadas do 2D (não tocam no 3D),"Não toca: o 3D não mostra os assuntos (no 2D, 'quando': sempre).",Tonho,tonho,Assunto de conversa (2D: apresentacao),—,,,,,,,,"Aquele pedaço de chão do outro lado da estrada é meu, mas eu não planto nada nele há dois anos.",,,,95,6.8,Matheus Santos · xWdpADtEio43ew1zGxUQ · eleven_v3,,—,—,,—,só português (2D),2D,,,não toca,não toca,,,,,pendente,não (herdada do 2D),data/dialogos/aldeoes.json › tonho.assuntos[0] apresentacao.fala[1]
2d.aldeoes.tonho.assunto.apresentacao.3,770,8 · Herdadas do 2D (não tocam no 3D),"Não toca: o 3D não mostra os assuntos (no 2D, 'quando': sempre).",Tonho,tonho,Assunto de conversa (2D: apresentacao),—,,,,,,,,"Não é preguiça, não. É que eu devo dinheiro ao homem do armazém, e o que eu tiro do mar vai tudo pra lá.",,,,104,7.4,Matheus Santos · xWdpADtEio43ew1zGxUQ · eleven_v3,,—,—,,—,só português (2D),2D,,,não toca,não toca,,,,,pendente,não (herdada do 2D),data/dialogos/aldeoes.json › tonho.assuntos[0] apresentacao.fala[2]
2d.aldeoes.tonho.assunto.divida.1,771,8 · Herdadas do 2D (não tocam no 3D),"Não toca: o 3D não mostra os assuntos (no 2D, 'quando': terra_dele).",Tonho,tonho,Assunto de conversa (2D: divida),—,,,,,,,,"A dívida não é jogo nem cachaça, se é isso que você tá pensando. É remédio.",,,,75,5.4,Matheus Santos · xWdpADtEio43ew1zGxUQ · eleven_v3,,—,—,,—,só português (2D),2D,,,não toca,não toca,,,,,pendente,não (herdada do 2D),data/dialogos/aldeoes.json › tonho.assuntos[1] divida.fala[0]
2d.aldeoes.tonho.assunto.divida.2,772,8 · Herdadas do 2D (não tocam no 3D),"Não toca: o 3D não mostra os assuntos (no 2D, 'quando': terra_dele).",Tonho,tonho,Assunto de conversa (2D: divida),—,,,,,,,,"Minha mãe adoeceu no inverno passado. A Dona Zefa fez o que sabia, e o que ela não tinha veio do armazém, fiado, e caro.",,,,120,8.6,Matheus Santos · xWdpADtEio43ew1zGxUQ · eleven_v3,,—,—,,—,só português (2D),2D,,,não toca,não toca,,,,,pendente,não (herdada do 2D),data/dialogos/aldeoes.json › tonho.assuntos[1] divida.fala[1]
2d.aldeoes.tonho.assunto.divida.3,773,8 · Herdadas do 2D (não tocam no 3D),"Não toca: o 3D não mostra os assuntos (no 2D, 'quando': terra_dele).",Tonho,tonho,Assunto de conversa (2D: divida),—,,,,,,,,"Mãe levantou. A conta ficou. Eu acho que valeu, e faria de novo.",,,,64,4.6,Matheus Santos · xWdpADtEio43ew1zGxUQ · eleven_v3,,—,—,,—,só português (2D),2D,,,não toca,não toca,,,,,pendente,não (herdada do 2D),data/dialogos/aldeoes.json › tonho.assuntos[1] divida.fala[2]
2d.aldeoes.tonho.assunto.divida.4,774,8 · Herdadas do 2D (não tocam no 3D),"Não toca: o 3D não mostra os assuntos (no 2D, 'quando': terra_dele).",Tonho,tonho,Assunto de conversa (2D: divida),—,,,,,,,,"Se você quer aquele chão, eu não cobro por ele. Paga o que eu devo no armazém e a terra é sua, com papel e tudo, na frente do padre.",,,,132,9.4,Matheus Santos · xWdpADtEio43ew1zGxUQ · eleven_v3,,—,—,,—,só português (2D),2D,,,não toca,não toca,,,,,pendente,não (herdada do 2D),data/dialogos/aldeoes.json › tonho.assuntos[1] divida.fala[3]
2d.aldeoes.tonho.assunto.divida.5,775,8 · Herdadas do 2D (não tocam no 3D),"Não toca: o 3D não mostra os assuntos (no 2D, 'quando': terra_dele).",Tonho,tonho,Assunto de conversa (2D: divida),—,,,,,,,,Não é esmola. É que terra parada me lembra todo dia do que eu não consegui fazer.,,,,81,5.8,Matheus Santos · xWdpADtEio43ew1zGxUQ · eleven_v3,,—,—,,—,só português (2D),2D,,,não toca,não toca,,,,,pendente,não (herdada do 2D),data/dialogos/aldeoes.json › tonho.assuntos[1] divida.fala[4]
2d.aldeoes.tonho.assunto.rio.1,776,8 · Herdadas do 2D (não tocam no 3D),"Não toca: o 3D não mostra os assuntos (no 2D, 'quando': ponte_caida).",Tonho,tonho,Assunto de conversa (2D: rio),—,,,,,,,,"Atravessar de canoa? Eu já atravessei, sim. Não atravesso mais.",,,,63,4.5,Matheus Santos · xWdpADtEio43ew1zGxUQ · eleven_v3,,—,—,,—,só português (2D),2D,,,não toca,não toca,,,,,pendente,não (herdada do 2D),data/dialogos/aldeoes.json › tonho.assuntos[2] rio.fala[0]
2d.aldeoes.tonho.assunto.rio.2,777,8 · Herdadas do 2D (não tocam no 3D),"Não toca: o 3D não mostra os assuntos (no 2D, 'quando': ponte_caida).",Tonho,tonho,Assunto de conversa (2D: rio),—,,,,,,,,"Uma noite de março eu passei ali com a rede cheia. A água tava lisa, lisa que nem prato.",,,,88,6.3,Matheus Santos · xWdpADtEio43ew1zGxUQ · eleven_v3,,—,—,,—,só português (2D),2D,,,não toca,não toca,,,,,pendente,não (herdada do 2D),data/dialogos/aldeoes.json › tonho.assuntos[2] rio.fala[1]
2d.aldeoes.tonho.assunto.rio.3,778,8 · Herdadas do 2D (não tocam no 3D),"Não toca: o 3D não mostra os assuntos (no 2D, 'quando': ponte_caida).",Tonho,tonho,Assunto de conversa (2D: rio),—,,,,,,,,"Do lado de lá tinha luz no mato. Não era fogueira, não era lamparina. Era luz parada, na altura do meu peito.",,,,109,7.8,Matheus Santos · xWdpADtEio43ew1zGxUQ · eleven_v3,,—,—,,—,só português (2D),2D,,,não toca,não toca,,,,,pendente,não (herdada do 2D),data/dialogos/aldeoes.json › tonho.assuntos[2] rio.fala[2]
2d.aldeoes.tonho.assunto.rio.4,779,8 · Herdadas do 2D (não tocam no 3D),"Não toca: o 3D não mostra os assuntos (no 2D, 'quando': ponte_caida).",Tonho,tonho,Assunto de conversa (2D: rio),—,,,,,,,,"Eu voltei remando de costas, pra não tirar o olho. Perdi a rede e não voltei pra buscar.",,,,88,6.3,Matheus Santos · xWdpADtEio43ew1zGxUQ · eleven_v3,,—,—,,—,só português (2D),2D,,,não toca,não toca,,,,,pendente,não (herdada do 2D),data/dialogos/aldeoes.json › tonho.assuntos[2] rio.fala[3]
2d.aldeoes.tonho.assunto.convite.1,780,8 · Herdadas do 2D (não tocam no 3D),"Não toca: o 3D não mostra os assuntos (no 2D, 'quando': tem_convite).",Tonho,tonho,Assunto de conversa (2D: convite),—,,,,,,,,"Você leu o convite. Então já sabe mais do que eu, que não leio quase nada.",,,,74,5.3,Matheus Santos · xWdpADtEio43ew1zGxUQ · eleven_v3,,—,—,,—,só português (2D),2D,,,não toca,não toca,,,,,pendente,não (herdada do 2D),data/dialogos/aldeoes.json › tonho.assuntos[3] convite.fala[0]
2d.aldeoes.tonho.assunto.convite.2,781,8 · Herdadas do 2D (não tocam no 3D),"Não toca: o 3D não mostra os assuntos (no 2D, 'quando': tem_convite).",Tonho,tonho,Assunto de conversa (2D: convite),—,,,,,,,,"Mas eu sei de água, e eu te digo: o rio muda de cheiro perto daquela fazenda.",,,,77,5.5,Matheus Santos · xWdpADtEio43ew1zGxUQ · eleven_v3,,—,—,,—,só português (2D),2D,,,não toca,não toca,,,,,pendente,não (herdada do 2D),data/dialogos/aldeoes.json › tonho.assuntos[3] convite.fala[1]
2d.aldeoes.tonho.assunto.convite.3,782,8 · Herdadas do 2D (não tocam no 3D),"Não toca: o 3D não mostra os assuntos (no 2D, 'quando': tem_convite).",Tonho,tonho,Assunto de conversa (2D: convite),—,,,,,,,,"Meu pai dizia que onde o cheiro da água muda, alguma coisa mudou primeiro.",,,,74,5.3,Matheus Santos · xWdpADtEio43ew1zGxUQ · eleven_v3,,—,—,,—,só português (2D),2D,,,não toca,não toca,,,,,pendente,não (herdada do 2D),data/dialogos/aldeoes.json › tonho.assuntos[3] convite.fala[2]
2d.aldeoes.tonho.assunto.depois.1,783,8 · Herdadas do 2D (não tocam no 3D),"Não toca: o 3D não mostra os assuntos (no 2D, 'quando': ponte_de_pe).",Tonho,tonho,Assunto de conversa (2D: depois),—,,,,,,,,"Vocês levantaram aquela ponte mesmo. Eu vi de longe, pensei que era conversa.",,,,77,5.5,Matheus Santos · xWdpADtEio43ew1zGxUQ · eleven_v3,,—,—,,—,só português (2D),2D,,,não toca,não toca,,,,,pendente,não (herdada do 2D),data/dialogos/aldeoes.json › tonho.assuntos[4] depois.fala[0]
2d.aldeoes.tonho.assunto.depois.2,784,8 · Herdadas do 2D (não tocam no 3D),"Não toca: o 3D não mostra os assuntos (no 2D, 'quando': ponte_de_pe).",Tonho,tonho,Assunto de conversa (2D: depois),—,,,,,,,,Agora eu passo a pé e não preciso de canoa nenhuma. Nem de olhar pro lado.,,,,74,5.3,Matheus Santos · xWdpADtEio43ew1zGxUQ · eleven_v3,,—,—,,—,só português (2D),2D,,,não toca,não toca,,,,,pendente,não (herdada do 2D),data/dialogos/aldeoes.json › tonho.assuntos[4] depois.fala[1]
2d.aldeoes.tonho.assunto.afinidade_conta.1,785,8 · Herdadas do 2D (não tocam no 3D),"Não toca: o 3D não mostra os assuntos (no 2D, 'quando': afinidade_2).",Tonho,tonho,Assunto de conversa (2D: afinidade_conta),—,,,,,,,,Você quer saber quanto é? Mil e novecentos.,,,,43,3.1,Matheus Santos · xWdpADtEio43ew1zGxUQ · eleven_v3,,—,—,,—,só português (2D),2D,,,não toca,não toca,,,,,pendente,não (herdada do 2D),data/dialogos/aldeoes.json › tonho.assuntos[5] afinidade_conta.fala[0]
2d.aldeoes.tonho.assunto.afinidade_conta.2,786,8 · Herdadas do 2D (não tocam no 3D),"Não toca: o 3D não mostra os assuntos (no 2D, 'quando': afinidade_2).",Tonho,tonho,Assunto de conversa (2D: afinidade_conta),—,,,,,,,,Eu sei de cabeça. Acordo sabendo. Já tentei não saber e não consigo.,,,,68,4.9,Matheus Santos · xWdpADtEio43ew1zGxUQ · eleven_v3,,—,—,,—,só português (2D),2D,,,não toca,não toca,,,,,pendente,não (herdada do 2D),data/dialogos/aldeoes.json › tonho.assuntos[5] afinidade_conta.fala[1]
2d.aldeoes.tonho.assunto.afinidade_conta.3,787,8 · Herdadas do 2D (não tocam no 3D),"Não toca: o 3D não mostra os assuntos (no 2D, 'quando': afinidade_2).",Tonho,tonho,Assunto de conversa (2D: afinidade_conta),—,,,,,,,,"Não tô pedindo nada, viu. É que ninguém nunca perguntou o número, só perguntam se tá difícil.",,,,93,6.6,Matheus Santos · xWdpADtEio43ew1zGxUQ · eleven_v3,,—,—,,—,só português (2D),2D,,,não toca,não toca,,,,,pendente,não (herdada do 2D),data/dialogos/aldeoes.json › tonho.assuntos[5] afinidade_conta.fala[2]
2d.aldeoes.tonho.assunto.afinidade_pai.1,788,8 · Herdadas do 2D (não tocam no 3D),"Não toca: o 3D não mostra os assuntos (no 2D, 'quando': afinidade_3).",Tonho,tonho,Assunto de conversa (2D: afinidade_pai),—,,,,,,,,Meu pai me ensinou a ler maré aos nove anos. Aos onze ele desceu sozinho num dia que eu disse que tava feio.,,,,108,7.7,Matheus Santos · xWdpADtEio43ew1zGxUQ · eleven_v3,,—,—,,—,só português (2D),2D,,,não toca,não toca,,,,,pendente,não (herdada do 2D),data/dialogos/aldeoes.json › tonho.assuntos[6] afinidade_pai.fala[0]
2d.aldeoes.tonho.assunto.afinidade_pai.2,789,8 · Herdadas do 2D (não tocam no 3D),"Não toca: o 3D não mostra os assuntos (no 2D, 'quando': afinidade_3).",Tonho,tonho,Assunto de conversa (2D: afinidade_pai),—,,,,,,,,"Eu disse. Eu era menino e eu disse, e ele riu e foi.",,,,52,3.7,Matheus Santos · xWdpADtEio43ew1zGxUQ · eleven_v3,,—,—,,—,só português (2D),2D,,,não toca,não toca,,,,,pendente,não (herdada do 2D),data/dialogos/aldeoes.json › tonho.assuntos[6] afinidade_pai.fala[1]
2d.aldeoes.tonho.assunto.afinidade_pai.3,790,8 · Herdadas do 2D (não tocam no 3D),"Não toca: o 3D não mostra os assuntos (no 2D, 'quando': afinidade_3).",Tonho,tonho,Assunto de conversa (2D: afinidade_pai),—,,,,,,,,"Então quando minha mãe senta ali na porta olhando a curva da estrada, eu sei exatamente o que ela tá vendo. E eu subo mais cedo por isso.",,,,137,9.8,Matheus Santos · xWdpADtEio43ew1zGxUQ · eleven_v3,,—,—,,—,só português (2D),2D,,,não toca,não toca,,,,,pendente,não (herdada do 2D),data/dialogos/aldeoes.json › tonho.assuntos[6] afinidade_pai.fala[2]
2d.aldeoes.tonho.assunto.afinidade_pai.4,791,8 · Herdadas do 2D (não tocam no 3D),"Não toca: o 3D não mostra os assuntos (no 2D, 'quando': afinidade_3).",Tonho,tonho,Assunto de conversa (2D: afinidade_pai),—,,,,,,,,É por isso que a dívida não me mata. Pagar a dívida é fácil perto do resto.,,,,75,5.4,Matheus Santos · xWdpADtEio43ew1zGxUQ · eleven_v3,,—,—,,—,só português (2D),2D,,,não toca,não toca,,,,,pendente,não (herdada do 2D),data/dialogos/aldeoes.json › tonho.assuntos[6] afinidade_pai.fala[3]
2d.aldeoes.filo.gostou.1,792,8 · Herdadas do 2D (não tocam no 3D),Não toca: no 3D o presente só lê o gosto (gosta / desgosta).,Dona Filó,filo,Reação a presente que gosta (2D),—,,,,,,,,"Ai, meu filho. Isso aqui eu não como desde a festa de São João.",,,,63,4.5,Lucinda · fs3nd19KF2GO2hLTzkBm · eleven_v3,,—,—,,—,só português (2D),2D,,,não toca,não toca,,,,,pendente,não (herdada do 2D),data/dialogos/aldeoes.json › filo.gostou[0]
2d.aldeoes.filo.gostou.2,793,8 · Herdadas do 2D (não tocam no 3D),Não toca: no 3D o presente só lê o gosto (gosta / desgosta).,Dona Filó,filo,Reação a presente que gosta (2D),—,,,,,,,,"Senta aqui um pouquinho, que eu como e você me conta as novidades.",,,,66,4.7,Lucinda · fs3nd19KF2GO2hLTzkBm · eleven_v3,,—,—,,—,só português (2D),2D,,,não toca,não toca,,,,,pendente,não (herdada do 2D),data/dialogos/aldeoes.json › filo.gostou[1]
2d.aldeoes.filo.nao_gostou.1,794,8 · Herdadas do 2D (não tocam no 3D),Não toca: no 3D o presente só lê o gosto (gosta / desgosta).,Dona Filó,filo,Reação a presente que não aceita (2D),—,,,,,,,,"Peixe não, meu filho.",,,,21,1.5,Lucinda · fs3nd19KF2GO2hLTzkBm · eleven_v3,,—,—,,—,só português (2D),2D,,,não toca,não toca,,,,,pendente,não (herdada do 2D),data/dialogos/aldeoes.json › filo.nao_gostou[0]
2d.aldeoes.filo.nao_gostou.2,795,8 · Herdadas do 2D (não tocam no 3D),Não toca: no 3D o presente só lê o gosto (gosta / desgosta).,Dona Filó,filo,Reação a presente que não aceita (2D),—,,,,,,,,Eu não como peixe desde o dia em que o pai do Tonho desceu pra maré e não subiu.,,,,80,5.7,Lucinda · fs3nd19KF2GO2hLTzkBm · eleven_v3,,—,—,,—,só português (2D),2D,,,não toca,não toca,,,,,pendente,não (herdada do 2D),data/dialogos/aldeoes.json › filo.nao_gostou[1]
2d.aldeoes.filo.nao_gostou.3,796,8 · Herdadas do 2D (não tocam no 3D),Não toca: no 3D o presente só lê o gosto (gosta / desgosta).,Dona Filó,filo,Reação a presente que não aceita (2D),—,,,,,,,,Não é birra. É que eu olho e vejo ele.,,,,38,2.7,Lucinda · fs3nd19KF2GO2hLTzkBm · eleven_v3,,—,—,,—,só português (2D),2D,,,não toca,não toca,,,,,pendente,não (herdada do 2D),data/dialogos/aldeoes.json › filo.nao_gostou[2]
2d.aldeoes.filo.agradeceu.1,797,8 · Herdadas do 2D (não tocam no 3D),Não toca: no 3D o presente só lê o gosto (gosta / desgosta).,Dona Filó,filo,Agradece um presente (2D),—,,,,,,,,Que Deus lhe dê em dobro. Obrigada.,,,,35,2.5,Lucinda · fs3nd19KF2GO2hLTzkBm · eleven_v3,,—,—,,—,só português (2D),2D,,,não toca,não toca,,,,,pendente,não (herdada do 2D),data/dialogos/aldeoes.json › filo.agradeceu[0]
2d.aldeoes.filo.ja_ganhou.1,798,8 · Herdadas do 2D (não tocam no 3D),Não toca: no 3D o presente só lê o gosto (gosta / desgosta).,Dona Filó,filo,Já ganhou presente hoje (2D),—,,,,,,,,"Já me deu hoje, meu filho. Guarda pra você.",,,,43,3.1,Lucinda · fs3nd19KF2GO2hLTzkBm · eleven_v3,,—,—,,—,só português (2D),2D,,,não toca,não toca,,,,,pendente,não (herdada do 2D),data/dialogos/aldeoes.json › filo.ja_ganhou[0]
2d.aldeoes.filo.assunto.apresentacao.1,799,8 · Herdadas do 2D (não tocam no 3D),"Não toca: o 3D não mostra os assuntos (no 2D, 'quando': sempre).",Dona Filó,filo,Assunto de conversa (2D: apresentacao),—,,,,,,,,"Chega mais, meu filho. Filó. Mãe do Tonho.",,,,42,3,Lucinda · fs3nd19KF2GO2hLTzkBm · eleven_v3,,—,—,,—,só português (2D),2D,,,não toca,não toca,,,,,pendente,não (herdada do 2D),data/dialogos/aldeoes.json › filo.assuntos[0] apresentacao.fala[0]
2d.aldeoes.filo.assunto.apresentacao.2,800,8 · Herdadas do 2D (não tocam no 3D),"Não toca: o 3D não mostra os assuntos (no 2D, 'quando': sempre).",Dona Filó,filo,Assunto de conversa (2D: apresentacao),—,,,,,,,,Sento aqui na porta porque daqui eu vejo a estrada. É por ela que ele sobe da praia quando termina a maré.,,,,106,7.6,Lucinda · fs3nd19KF2GO2hLTzkBm · eleven_v3,,—,—,,—,só português (2D),2D,,,não toca,não toca,,,,,pendente,não (herdada do 2D),data/dialogos/aldeoes.json › filo.assuntos[0] apresentacao.fala[1]
2d.aldeoes.filo.assunto.apresentacao.3,801,8 · Herdadas do 2D (não tocam no 3D),"Não toca: o 3D não mostra os assuntos (no 2D, 'quando': sempre).",Dona Filó,filo,Assunto de conversa (2D: apresentacao),—,,,,,,,,O pai dele um dia desceu e não subiu. Desde então eu não durmo antes de ver o menino nessa curva.,,,,97,6.9,Lucinda · fs3nd19KF2GO2hLTzkBm · eleven_v3,,—,—,,—,só português (2D),2D,,,não toca,não toca,,,,,pendente,não (herdada do 2D),data/dialogos/aldeoes.json › filo.assuntos[0] apresentacao.fala[2]
2d.aldeoes.filo.assunto.divida.1,802,8 · Herdadas do 2D (não tocam no 3D),"Não toca: o 3D não mostra os assuntos (no 2D, 'quando': terra_dele).",Dona Filó,filo,Assunto de conversa (2D: divida),—,,,,,,,,"Ele te contou da dívida? Contou que é remédio, e não contou de quem.",,,,68,4.9,Lucinda · fs3nd19KF2GO2hLTzkBm · eleven_v3,,—,—,,—,só português (2D),2D,,,não toca,não toca,,,,,pendente,não (herdada do 2D),data/dialogos/aldeoes.json › filo.assuntos[1] divida.fala[0]
2d.aldeoes.filo.assunto.divida.2,803,8 · Herdadas do 2D (não tocam no 3D),"Não toca: o 3D não mostra os assuntos (no 2D, 'quando': terra_dele).",Dona Filó,filo,Assunto de conversa (2D: divida),—,,,,,,,,Foi meu. Eu passei dois meses na cama no inverno passado e ele vendeu o que não tinha pra me botar de pé.,,,,105,7.5,Lucinda · fs3nd19KF2GO2hLTzkBm · eleven_v3,,—,—,,—,só português (2D),2D,,,não toca,não toca,,,,,pendente,não (herdada do 2D),data/dialogos/aldeoes.json › filo.assuntos[1] divida.fala[1]
2d.aldeoes.filo.assunto.divida.3,804,8 · Herdadas do 2D (não tocam no 3D),"Não toca: o 3D não mostra os assuntos (no 2D, 'quando': terra_dele).",Dona Filó,filo,Assunto de conversa (2D: divida),—,,,,,,,,Eu digo a ele que não valia. Ele diz que valia. A gente briga por isso toda semana e nenhum dos dois cede.,,,,106,7.6,Lucinda · fs3nd19KF2GO2hLTzkBm · eleven_v3,,—,—,,—,só português (2D),2D,,,não toca,não toca,,,,,pendente,não (herdada do 2D),data/dialogos/aldeoes.json › filo.assuntos[1] divida.fala[2]
2d.aldeoes.filo.assunto.trabalho.1,805,8 · Herdadas do 2D (não tocam no 3D),"Não toca: o 3D não mostra os assuntos (no 2D, 'quando': terra_minha).",Dona Filó,filo,Assunto de conversa (2D: trabalho),—,,,,,,,,Então agora o chão é seu e a gente continua aqui. Tá bom assim.,,,,63,4.5,Lucinda · fs3nd19KF2GO2hLTzkBm · eleven_v3,,—,—,,—,só português (2D),2D,,,não toca,não toca,,,,,pendente,não (herdada do 2D),data/dialogos/aldeoes.json › filo.assuntos[2] trabalho.fala[0]
2d.aldeoes.filo.assunto.trabalho.2,806,8 · Herdadas do 2D (não tocam no 3D),"Não toca: o 3D não mostra os assuntos (no 2D, 'quando': terra_minha).",Dona Filó,filo,Assunto de conversa (2D: trabalho),—,,,,,,,,"Eu não presto pra roçado, meu filho, olhe pra mim. Mas mão de farinha eu tenho, e tenho a melhor do arraial.",,,,108,7.7,Lucinda · fs3nd19KF2GO2hLTzkBm · eleven_v3,,—,—,,—,só português (2D),2D,,,não toca,não toca,,,,,pendente,não (herdada do 2D),data/dialogos/aldeoes.json › filo.assuntos[2] trabalho.fala[1]
2d.aldeoes.filo.assunto.trabalho.3,807,8 · Herdadas do 2D (não tocam no 3D),"Não toca: o 3D não mostra os assuntos (no 2D, 'quando': terra_minha).",Dona Filó,filo,Assunto de conversa (2D: trabalho),—,,,,,,,,Me bote na casa de farinha e você vai ver o que é goma boa.,,,,59,4.2,Lucinda · fs3nd19KF2GO2hLTzkBm · eleven_v3,,—,—,,—,só português (2D),2D,,,não toca,não toca,,,,,pendente,não (herdada do 2D),data/dialogos/aldeoes.json › filo.assuntos[2] trabalho.fala[2]
2d.aldeoes.filo.assunto.rio.1,808,8 · Herdadas do 2D (não tocam no 3D),"Não toca: o 3D não mostra os assuntos (no 2D, 'quando': ponte_caida).",Dona Filó,filo,Assunto de conversa (2D: rio),—,,,,,,,,Meu marido dizia que o rio cobra passagem de quem atravessa com pressa.,,,,71,5.1,Lucinda · fs3nd19KF2GO2hLTzkBm · eleven_v3,,—,—,,—,só português (2D),2D,,,não toca,não toca,,,,,pendente,não (herdada do 2D),data/dialogos/aldeoes.json › filo.assuntos[3] rio.fala[0]
2d.aldeoes.filo.assunto.rio.2,809,8 · Herdadas do 2D (não tocam no 3D),"Não toca: o 3D não mostra os assuntos (no 2D, 'quando': ponte_caida).",Dona Filó,filo,Assunto de conversa (2D: rio),—,,,,,,,,"A ponte caiu numa noite de cheia, sem ninguém em cima. Eu acho que foi aviso, e foi um aviso barato.",,,,100,7.1,Lucinda · fs3nd19KF2GO2hLTzkBm · eleven_v3,,—,—,,—,só português (2D),2D,,,não toca,não toca,,,,,pendente,não (herdada do 2D),data/dialogos/aldeoes.json › filo.assuntos[3] rio.fala[1]
2d.aldeoes.filo.assunto.convite.1,810,8 · Herdadas do 2D (não tocam no 3D),"Não toca: o 3D não mostra os assuntos (no 2D, 'quando': tem_convite).",Dona Filó,filo,Assunto de conversa (2D: convite),—,,,,,,,,Meu filho me leu esse convite duas vezes e nas duas eu não gostei.,,,,66,4.7,Lucinda · fs3nd19KF2GO2hLTzkBm · eleven_v3,,—,—,,—,só português (2D),2D,,,não toca,não toca,,,,,pendente,não (herdada do 2D),data/dialogos/aldeoes.json › filo.assuntos[4] convite.fala[0]
2d.aldeoes.filo.assunto.convite.2,811,8 · Herdadas do 2D (não tocam no 3D),"Não toca: o 3D não mostra os assuntos (no 2D, 'quando': tem_convite).",Dona Filó,filo,Assunto de conversa (2D: convite),—,,,,,,,,Festa que convida todo mundo e não diz o nome de quem convida não é festa. É rede armada.,,,,89,6.4,Lucinda · fs3nd19KF2GO2hLTzkBm · eleven_v3,,—,—,,—,só português (2D),2D,,,não toca,não toca,,,,,pendente,não (herdada do 2D),data/dialogos/aldeoes.json › filo.assuntos[4] convite.fala[1]
2d.aldeoes.filo.assunto.convite.3,812,8 · Herdadas do 2D (não tocam no 3D),"Não toca: o 3D não mostra os assuntos (no 2D, 'quando': tem_convite).",Dona Filó,filo,Assunto de conversa (2D: convite),—,,,,,,,,"Eu sou velha e já vi rede armada. Você é moço, vai assim mesmo. Só não vá sozinho.",,,,82,5.9,Lucinda · fs3nd19KF2GO2hLTzkBm · eleven_v3,,—,—,,—,só português (2D),2D,,,não toca,não toca,,,,,pendente,não (herdada do 2D),data/dialogos/aldeoes.json › filo.assuntos[4] convite.fala[2]
2d.aldeoes.filo.assunto.afinidade_cadeira.1,813,8 · Herdadas do 2D (não tocam no 3D),"Não toca: o 3D não mostra os assuntos (no 2D, 'quando': afinidade_2).",Dona Filó,filo,Assunto de conversa (2D: afinidade_cadeira),—,,,,,,,,"Eu já reparei que você passa aqui e diminui o passo, mesmo quando não fala nada.",,,,80,5.7,Lucinda · fs3nd19KF2GO2hLTzkBm · eleven_v3,,—,—,,—,só português (2D),2D,,,não toca,não toca,,,,,pendente,não (herdada do 2D),data/dialogos/aldeoes.json › filo.assuntos[5] afinidade_cadeira.fala[0]
2d.aldeoes.filo.assunto.afinidade_cadeira.2,814,8 · Herdadas do 2D (não tocam no 3D),"Não toca: o 3D não mostra os assuntos (no 2D, 'quando': afinidade_2).",Dona Filó,filo,Assunto de conversa (2D: afinidade_cadeira),—,,,,,,,,"Faz isso mesmo, meu filho. Velho gosta de ser visto. É a coisa que mais falta.",,,,78,5.6,Lucinda · fs3nd19KF2GO2hLTzkBm · eleven_v3,,—,—,,—,só português (2D),2D,,,não toca,não toca,,,,,pendente,não (herdada do 2D),data/dialogos/aldeoes.json › filo.assuntos[5] afinidade_cadeira.fala[1]
2d.aldeoes.filo.assunto.afinidade_cadeira.3,815,8 · Herdadas do 2D (não tocam no 3D),"Não toca: o 3D não mostra os assuntos (no 2D, 'quando': afinidade_2).",Dona Filó,filo,Assunto de conversa (2D: afinidade_cadeira),—,,,,,,,,"Meu neto passa correndo, e ele é bom menino. Mas passa correndo.",,,,64,4.6,Lucinda · fs3nd19KF2GO2hLTzkBm · eleven_v3,,—,—,,—,só português (2D),2D,,,não toca,não toca,,,,,pendente,não (herdada do 2D),data/dialogos/aldeoes.json › filo.assuntos[5] afinidade_cadeira.fala[2]
2d.aldeoes.filo.assunto.afinidade_nome.1,816,8 · Herdadas do 2D (não tocam no 3D),"Não toca: o 3D não mostra os assuntos (no 2D, 'quando': afinidade_3).",Dona Filó,filo,Assunto de conversa (2D: afinidade_nome),—,,,,,,,,O nome dele era Firmino. Ninguém mais fala esse nome nesta casa.,,,,64,4.6,Lucinda · fs3nd19KF2GO2hLTzkBm · eleven_v3,,—,—,,—,só português (2D),2D,,,não toca,não toca,,,,,pendente,não (herdada do 2D),data/dialogos/aldeoes.json › filo.assuntos[6] afinidade_nome.fala[0]
2d.aldeoes.filo.assunto.afinidade_nome.2,817,8 · Herdadas do 2D (não tocam no 3D),"Não toca: o 3D não mostra os assuntos (no 2D, 'quando': afinidade_3).",Dona Filó,filo,Assunto de conversa (2D: afinidade_nome),—,,,,,,,,"O Tonho não fala porque acha que me machuca, e eu não falo porque acho que machuca ele. Aí ficam dezesseis anos sem ninguém dizer Firmino.",,,,138,9.9,Lucinda · fs3nd19KF2GO2hLTzkBm · eleven_v3,,—,—,,—,só português (2D),2D,,,não toca,não toca,,,,,pendente,não (herdada do 2D),data/dialogos/aldeoes.json › filo.assuntos[6] afinidade_nome.fala[1]
2d.aldeoes.filo.assunto.afinidade_nome.3,818,8 · Herdadas do 2D (não tocam no 3D),"Não toca: o 3D não mostra os assuntos (no 2D, 'quando': afinidade_3).",Dona Filó,filo,Assunto de conversa (2D: afinidade_nome),—,,,,,,,,"Então eu digo pra você, que não tem nada a ver com isso: Firmino. Pronto.",,,,73,5.2,Lucinda · fs3nd19KF2GO2hLTzkBm · eleven_v3,,—,—,,—,só português (2D),2D,,,não toca,não toca,,,,,pendente,não (herdada do 2D),data/dialogos/aldeoes.json › filo.assuntos[6] afinidade_nome.fala[2]
2d.aldeoes.filo.assunto.afinidade_nome.4,819,8 · Herdadas do 2D (não tocam no 3D),"Não toca: o 3D não mostra os assuntos (no 2D, 'quando': afinidade_3).",Dona Filó,filo,Assunto de conversa (2D: afinidade_nome),—,,,,,,,,"Agora eu já disse hoje, e por hoje tá bom.",,,,42,3,Lucinda · fs3nd19KF2GO2hLTzkBm · eleven_v3,,—,—,,—,só português (2D),2D,,,não toca,não toca,,,,,pendente,não (herdada do 2D),data/dialogos/aldeoes.json › filo.assuntos[6] afinidade_nome.fala[3]
2d.aldeoes.candinha.gostou.1,820,8 · Herdadas do 2D (não tocam no 3D),Não toca: no 3D o presente só lê o gosto (gosta / desgosta).,Dona Candinha,candinha,Reação a presente que gosta (2D),—,,,,,,,,"Óia só. Isso aqui é comida de sentar, e eu como de pé o dia inteiro.",,,,68,4.9,Raquel · CS2gH5fPqUCmkVNpHsy4 · eleven_v3,,—,—,,—,só português (2D),2D,,,não toca,não toca,,,,,pendente,não (herdada do 2D),data/dialogos/aldeoes.json › candinha.gostou[0]
2d.aldeoes.candinha.gostou.2,821,8 · Herdadas do 2D (não tocam no 3D),Não toca: no 3D o presente só lê o gosto (gosta / desgosta).,Dona Candinha,candinha,Reação a presente que gosta (2D),—,,,,,,,,"Vou guardar pro fim da tarde, quando a praça esvazia.",,,,53,3.8,Raquel · CS2gH5fPqUCmkVNpHsy4 · eleven_v3,,—,—,,—,só português (2D),2D,,,não toca,não toca,,,,,pendente,não (herdada do 2D),data/dialogos/aldeoes.json › candinha.gostou[1]
2d.aldeoes.candinha.nao_gostou.1,822,8 · Herdadas do 2D (não tocam no 3D),Não toca: no 3D o presente só lê o gosto (gosta / desgosta).,Dona Candinha,candinha,Reação a presente que não aceita (2D),—,,,,,,,,"Cana? Meu filho, cana é o que eu compro. E compro do engenho, que é quem tem.",,,,77,5.5,Raquel · CS2gH5fPqUCmkVNpHsy4 · eleven_v3,,—,—,,—,só português (2D),2D,,,não toca,não toca,,,,,pendente,não (herdada do 2D),data/dialogos/aldeoes.json › candinha.nao_gostou[0]
2d.aldeoes.candinha.nao_gostou.2,823,8 · Herdadas do 2D (não tocam no 3D),Não toca: no 3D o presente só lê o gosto (gosta / desgosta).,Dona Candinha,candinha,Reação a presente que não aceita (2D),—,,,,,,,,"Me trazer cana é me trazer trabalho. Traga coisa pronta, que aí eu paro pra comer.",,,,82,5.9,Raquel · CS2gH5fPqUCmkVNpHsy4 · eleven_v3,,—,—,,—,só português (2D),2D,,,não toca,não toca,,,,,pendente,não (herdada do 2D),data/dialogos/aldeoes.json › candinha.nao_gostou[1]
2d.aldeoes.candinha.agradeceu.1,824,8 · Herdadas do 2D (não tocam no 3D),Não toca: no 3D o presente só lê o gosto (gosta / desgosta).,Dona Candinha,candinha,Agradece um presente (2D),—,,,,,,,,Deus lhe pague. Passe aqui amanhã que a primeira é por minha conta.,,,,67,4.8,Raquel · CS2gH5fPqUCmkVNpHsy4 · eleven_v3,,—,—,,—,só português (2D),2D,,,não toca,não toca,,,,,pendente,não (herdada do 2D),data/dialogos/aldeoes.json › candinha.agradeceu[0]
2d.aldeoes.candinha.ja_ganhou.1,825,8 · Herdadas do 2D (não tocam no 3D),Não toca: no 3D o presente só lê o gosto (gosta / desgosta).,Dona Candinha,candinha,Já ganhou presente hoje (2D),—,,,,,,,,"Hoje já ganhei do senhor. Guarde pra você, que a estrada é longa.",,,,65,4.6,Raquel · CS2gH5fPqUCmkVNpHsy4 · eleven_v3,,—,—,,—,só português (2D),2D,,,não toca,não toca,,,,,pendente,não (herdada do 2D),data/dialogos/aldeoes.json › candinha.ja_ganhou[0]
2d.aldeoes.candinha.assunto.apresentacao.1,826,8 · Herdadas do 2D (não tocam no 3D),"Não toca: o 3D não mostra os assuntos (no 2D, 'quando': sempre).",Dona Candinha,candinha,Assunto de conversa (2D: apresentacao),—,,,,,,,,"Candinha. Vendo garapa nessa praça desde antes de o senhor nascer, imagino eu.",,,,78,5.6,Raquel · CS2gH5fPqUCmkVNpHsy4 · eleven_v3,,—,—,,—,só português (2D),2D,,,não toca,não toca,,,,,pendente,não (herdada do 2D),data/dialogos/aldeoes.json › candinha.assuntos[0] apresentacao.fala[0]
2d.aldeoes.candinha.assunto.apresentacao.2,827,8 · Herdadas do 2D (não tocam no 3D),"Não toca: o 3D não mostra os assuntos (no 2D, 'quando': sempre).",Dona Candinha,candinha,Assunto de conversa (2D: apresentacao),—,,,,,,,,"É aqui que se sabe das coisas. Quem vai pra roça passa de manhã, quem volta passa de tarde, e os dois param pra beber.",,,,118,8.4,Raquel · CS2gH5fPqUCmkVNpHsy4 · eleven_v3,,—,—,,—,só português (2D),2D,,,não toca,não toca,,,,,pendente,não (herdada do 2D),data/dialogos/aldeoes.json › candinha.assuntos[0] apresentacao.fala[1]
2d.aldeoes.candinha.assunto.apresentacao.3,828,8 · Herdadas do 2D (não tocam no 3D),"Não toca: o 3D não mostra os assuntos (no 2D, 'quando': sempre).",Dona Candinha,candinha,Assunto de conversa (2D: apresentacao),—,,,,,,,,O sobrinho do finado. Já sabia. O padre leu a carta na missa e o arraial inteiro comentou na saída.,,,,99,7.1,Raquel · CS2gH5fPqUCmkVNpHsy4 · eleven_v3,,—,—,,—,só português (2D),2D,,,não toca,não toca,,,,,pendente,não (herdada do 2D),data/dialogos/aldeoes.json › candinha.assuntos[0] apresentacao.fala[2]
2d.aldeoes.candinha.assunto.praca.1,829,8 · Herdadas do 2D (não tocam no 3D),"Não toca: o 3D não mostra os assuntos (no 2D, 'quando': afinidade_2).",Dona Candinha,candinha,Assunto de conversa (2D: praca),—,,,,,,,,"O senhor repara no movimento daqui? Eu reparo. É o meu ofício, junto com a moenda.",,,,82,5.9,Raquel · CS2gH5fPqUCmkVNpHsy4 · eleven_v3,,—,—,,—,só português (2D),2D,,,não toca,não toca,,,,,pendente,não (herdada do 2D),data/dialogos/aldeoes.json › candinha.assuntos[1] praca.fala[0]
2d.aldeoes.candinha.assunto.praca.2,830,8 · Herdadas do 2D (não tocam no 3D),"Não toca: o 3D não mostra os assuntos (no 2D, 'quando': afinidade_2).",Dona Candinha,candinha,Assunto de conversa (2D: praca),—,,,,,,,,"Dona Zefa desce quando alguém adoece, e só. Seu Benedito não desce mais — as pernas.",,,,84,6,Raquel · CS2gH5fPqUCmkVNpHsy4 · eleven_v3,,—,—,,—,só português (2D),2D,,,não toca,não toca,,,,,pendente,não (herdada do 2D),data/dialogos/aldeoes.json › candinha.assuntos[1] praca.fala[1]
2d.aldeoes.candinha.assunto.praca.3,831,8 · Herdadas do 2D (não tocam no 3D),"Não toca: o 3D não mostra os assuntos (no 2D, 'quando': afinidade_2).",Dona Candinha,candinha,Assunto de conversa (2D: praca),—,,,,,,,,"O Tonho passa cedo com a rede e volta tarde sem olhar pra ninguém. Esse eu não entendo, e não é por falta de tentar.",,,,116,8.3,Raquel · CS2gH5fPqUCmkVNpHsy4 · eleven_v3,,—,—,,—,só português (2D),2D,,,não toca,não toca,,,,,pendente,não (herdada do 2D),data/dialogos/aldeoes.json › candinha.assuntos[1] praca.fala[2]
2d.aldeoes.candinha.assunto.engenho.1,832,8 · Herdadas do 2D (não tocam no 3D),"Não toca: o 3D não mostra os assuntos (no 2D, 'quando': afinidade_3).",Dona Candinha,candinha,Assunto de conversa (2D: engenho),—,,,,,,,,"O senhor já viu o engenho, lá na beira? Aquilo comeu doze famílias, e o Seu Benedito conta uma por uma se o senhor deixar.",,,,122,8.7,Raquel · CS2gH5fPqUCmkVNpHsy4 · eleven_v3,,—,—,,—,só português (2D),2D,,,não toca,não toca,,,,,pendente,não (herdada do 2D),data/dialogos/aldeoes.json › candinha.assuntos[2] engenho.fala[0]
2d.aldeoes.candinha.assunto.engenho.2,833,8 · Herdadas do 2D (não tocam no 3D),"Não toca: o 3D não mostra os assuntos (no 2D, 'quando': afinidade_3).",Dona Candinha,candinha,Assunto de conversa (2D: engenho),—,,,,,,,,"Pois é de lá que vem a minha cana. Eu compro barato porque eles vendem barato, e eles vendem barato pelo motivo que o senhor imagina.",,,,133,9.5,Raquel · CS2gH5fPqUCmkVNpHsy4 · eleven_v3,,—,—,,—,só português (2D),2D,,,não toca,não toca,,,,,pendente,não (herdada do 2D),data/dialogos/aldeoes.json › candinha.assuntos[2] engenho.fala[1]
2d.aldeoes.candinha.assunto.engenho.3,834,8 · Herdadas do 2D (não tocam no 3D),"Não toca: o 3D não mostra os assuntos (no 2D, 'quando': afinidade_3).",Dona Candinha,candinha,Assunto de conversa (2D: engenho),—,,,,,,,,"Eu sei o que estou moendo, e sei o que estou vendendo. Quem diz que não sabe é que mente.",,,,89,6.4,Raquel · CS2gH5fPqUCmkVNpHsy4 · eleven_v3,,—,—,,—,só português (2D),2D,,,não toca,não toca,,,,,pendente,não (herdada do 2D),data/dialogos/aldeoes.json › candinha.assuntos[2] engenho.fala[2]
2d.aldeoes.candinha.assunto.engenho.4,835,8 · Herdadas do 2D (não tocam no 3D),"Não toca: o 3D não mostra os assuntos (no 2D, 'quando': afinidade_3).",Dona Candinha,candinha,Assunto de conversa (2D: engenho),—,,,,,,,,"Mas eu tenho sessenta e dois anos e não sei fazer outra coisa. Então eu moo, vendo, e não durmo bem.",,,,100,7.1,Raquel · CS2gH5fPqUCmkVNpHsy4 · eleven_v3,,—,—,,—,só português (2D),2D,,,não toca,não toca,,,,,pendente,não (herdada do 2D),data/dialogos/aldeoes.json › candinha.assuntos[2] engenho.fala[3]
2d.aldeoes.damiao.gostou.1,836,8 · Herdadas do 2D (não tocam no 3D),Não toca: no 3D o presente só lê o gosto (gosta / desgosta).,Damião,damiao,Reação a presente que gosta (2D),—,,,,,,,,Isso serve. Isso serve muito.,,,,29,2.1,Matheus (Clear) · oArP4WehPe3qjqvCwHNo · eleven_v3,,—,—,,—,só português (2D),2D,,,não toca,não toca,,,,,pendente,não (herdada do 2D),data/dialogos/aldeoes.json › damiao.gostou[0]
2d.aldeoes.damiao.gostou.2,837,8 · Herdadas do 2D (não tocam no 3D),Não toca: no 3D o presente só lê o gosto (gosta / desgosta).,Damião,damiao,Reação a presente que gosta (2D),—,,,,,,,,"Obrigado. E não é por educação, não: é obrigado mesmo.",,,,54,3.9,Matheus (Clear) · oArP4WehPe3qjqvCwHNo · eleven_v3,,—,—,,—,só português (2D),2D,,,não toca,não toca,,,,,pendente,não (herdada do 2D),data/dialogos/aldeoes.json › damiao.gostou[1]
2d.aldeoes.damiao.nao_gostou.1,838,8 · Herdadas do 2D (não tocam no 3D),Não toca: no 3D o presente só lê o gosto (gosta / desgosta).,Damião,damiao,Reação a presente que não aceita (2D),—,,,,,,,,Garapa.,,,,7,1.5,Matheus (Clear) · oArP4WehPe3qjqvCwHNo · eleven_v3,,—,—,,—,só português (2D),2D,,,não toca,não toca,,,,,pendente,não (herdada do 2D),data/dialogos/aldeoes.json › damiao.nao_gostou[0]
2d.aldeoes.damiao.nao_gostou.2,839,8 · Herdadas do 2D (não tocam no 3D),Não toca: no 3D o presente só lê o gosto (gosta / desgosta).,Damião,damiao,Reação a presente que não aceita (2D),—,,,,,,,,"Não leve a mal, moço. É que garapa guardada azeda e vira outra coisa, e eu já bebi o bastante por dois homens.",,,,110,7.9,Matheus (Clear) · oArP4WehPe3qjqvCwHNo · eleven_v3,,—,—,,—,só português (2D),2D,,,não toca,não toca,,,,,pendente,não (herdada do 2D),data/dialogos/aldeoes.json › damiao.nao_gostou[1]
2d.aldeoes.damiao.nao_gostou.3,840,8 · Herdadas do 2D (não tocam no 3D),Não toca: no 3D o presente só lê o gosto (gosta / desgosta).,Damião,damiao,Reação a presente que não aceita (2D),—,,,,,,,,Parei no ano em que aceitei este cargo. Quem trabalha entre cova de gente não sobe aqui com a cabeça quente.,,,,108,7.7,Matheus (Clear) · oArP4WehPe3qjqvCwHNo · eleven_v3,,—,—,,—,só português (2D),2D,,,não toca,não toca,,,,,pendente,não (herdada do 2D),data/dialogos/aldeoes.json › damiao.nao_gostou[2]
2d.aldeoes.damiao.nao_gostou.4,841,8 · Herdadas do 2D (não tocam no 3D),Não toca: no 3D o presente só lê o gosto (gosta / desgosta).,Damião,damiao,Reação a presente que não aceita (2D),—,,,,,,,,"Guarde, e beba o senhor mesmo. Eu agradeço do mesmo jeito.",,,,58,4.1,Matheus (Clear) · oArP4WehPe3qjqvCwHNo · eleven_v3,,—,—,,—,só português (2D),2D,,,não toca,não toca,,,,,pendente,não (herdada do 2D),data/dialogos/aldeoes.json › damiao.nao_gostou[3]
2d.aldeoes.damiao.agradeceu.1,842,8 · Herdadas do 2D (não tocam no 3D),Não toca: no 3D o presente só lê o gosto (gosta / desgosta).,Damião,damiao,Agradece um presente (2D),—,,,,,,,,"Fique com Deus. E pise devagar na subida, que a ladeira solta pedra.",,,,68,4.9,Matheus (Clear) · oArP4WehPe3qjqvCwHNo · eleven_v3,,—,—,,—,só português (2D),2D,,,não toca,não toca,,,,,pendente,não (herdada do 2D),data/dialogos/aldeoes.json › damiao.agradeceu[0]
2d.aldeoes.damiao.ja_ganhou.1,843,8 · Herdadas do 2D (não tocam no 3D),Não toca: no 3D o presente só lê o gosto (gosta / desgosta).,Damião,damiao,Já ganhou presente hoje (2D),—,,,,,,,,"Hoje o senhor já me deu. Guarde para amanhã, que amanhã tem mais o que fazer.",,,,77,5.5,Matheus (Clear) · oArP4WehPe3qjqvCwHNo · eleven_v3,,—,—,,—,só português (2D),2D,,,não toca,não toca,,,,,pendente,não (herdada do 2D),data/dialogos/aldeoes.json › damiao.ja_ganhou[0]
2d.aldeoes.damiao.assunto.apresentacao.1,844,8 · Herdadas do 2D (não tocam no 3D),"Não toca: o 3D não mostra os assuntos (no 2D, 'quando': sempre).",Damião,damiao,Assunto de conversa (2D: apresentacao),—,,,,,,,,Bom dia. Damião. Sou o zelador daqui.,,,,37,2.6,Matheus (Clear) · oArP4WehPe3qjqvCwHNo · eleven_v3,,—,—,,—,só português (2D),2D,,,não toca,não toca,,,,,pendente,não (herdada do 2D),data/dialogos/aldeoes.json › damiao.assuntos[0] apresentacao.fala[0]
2d.aldeoes.damiao.assunto.apresentacao.2,845,8 · Herdadas do 2D (não tocam no 3D),"Não toca: o 3D não mostra os assuntos (no 2D, 'quando': sempre).",Damião,damiao,Assunto de conversa (2D: apresentacao),—,,,,,,,,"O senhor deve estar se perguntando zelador de quê, porque olhando assim não parece que alguém zela.",,,,99,7.1,Matheus (Clear) · oArP4WehPe3qjqvCwHNo · eleven_v3,,—,—,,—,só português (2D),2D,,,não toca,não toca,,,,,pendente,não (herdada do 2D),data/dialogos/aldeoes.json › damiao.assuntos[0] apresentacao.fala[1]
2d.aldeoes.damiao.assunto.apresentacao.3,846,8 · Herdadas do 2D (não tocam no 3D),"Não toca: o 3D não mostra os assuntos (no 2D, 'quando': sempre).",Damião,damiao,Assunto de conversa (2D: apresentacao),—,,,,,,,,"O intendente me chamou na semana da Páscoa e disse: Damião, o cemitério está uma vergonha, toma conta. E escreveu meu nome num papel.",,,,133,9.5,Matheus (Clear) · oArP4WehPe3qjqvCwHNo · eleven_v3,,—,—,,—,só português (2D),2D,,,não toca,não toca,,,,,pendente,não (herdada do 2D),data/dialogos/aldeoes.json › damiao.assuntos[0] apresentacao.fala[2]
2d.aldeoes.damiao.assunto.apresentacao.4,847,8 · Herdadas do 2D (não tocam no 3D),"Não toca: o 3D não mostra os assuntos (no 2D, 'quando': sempre).",Damião,damiao,Assunto de conversa (2D: apresentacao),—,,,,,,,,"Não me deu foice, não me deu enxada, não me deu um tostão. Deu o papel.",,,,71,5.1,Matheus (Clear) · oArP4WehPe3qjqvCwHNo · eleven_v3,,—,—,,—,só português (2D),2D,,,não toca,não toca,,,,,pendente,não (herdada do 2D),data/dialogos/aldeoes.json › damiao.assuntos[0] apresentacao.fala[3]
2d.aldeoes.damiao.assunto.a_santa_casa.1,848,8 · Herdadas do 2D (não tocam no 3D),"Não toca: o 3D não mostra os assuntos (no 2D, 'quando': afinidade_2).",Damião,damiao,Assunto de conversa (2D: a_santa_casa),—,,,,,,,,"O chão aqui não é do intendente nem meu. É da Santa Casa de Misericórdia, que é quem enterra pobre neste país.",,,,110,7.9,Matheus (Clear) · oArP4WehPe3qjqvCwHNo · eleven_v3,,—,—,,—,só português (2D),2D,,,não toca,não toca,,,,,pendente,não (herdada do 2D),data/dialogos/aldeoes.json › damiao.assuntos[1] a_santa_casa.fala[0]
2d.aldeoes.damiao.assunto.a_santa_casa.2,849,8 · Herdadas do 2D (não tocam no 3D),"Não toca: o 3D não mostra os assuntos (no 2D, 'quando': afinidade_2).",Damião,damiao,Assunto de conversa (2D: a_santa_casa),—,,,,,,,,"Eles mandam um homem de Salvador de dois em dois anos, ele olha, escreve uma coisa num caderno e vai embora.",,,,108,7.7,Matheus (Clear) · oArP4WehPe3qjqvCwHNo · eleven_v3,,—,—,,—,só português (2D),2D,,,não toca,não toca,,,,,pendente,não (herdada do 2D),data/dialogos/aldeoes.json › damiao.assuntos[1] a_santa_casa.fala[1]
2d.aldeoes.damiao.assunto.a_santa_casa.3,850,8 · Herdadas do 2D (não tocam no 3D),"Não toca: o 3D não mostra os assuntos (no 2D, 'quando': afinidade_2).",Damião,damiao,Assunto de conversa (2D: a_santa_casa),—,,,,,,,,A última vez que vieram foi antes da cheia. Escreveram e foram.,,,,63,4.5,Matheus (Clear) · oArP4WehPe3qjqvCwHNo · eleven_v3,,—,—,,—,só português (2D),2D,,,não toca,não toca,,,,,pendente,não (herdada do 2D),data/dialogos/aldeoes.json › damiao.assuntos[1] a_santa_casa.fala[2]
2d.aldeoes.damiao.assunto.quem_esta_aqui.1,851,8 · Herdadas do 2D (não tocam no 3D),"Não toca: o 3D não mostra os assuntos (no 2D, 'quando': afinidade_3).",Damião,damiao,Assunto de conversa (2D: quem_esta_aqui),—,,,,,,,,"O senhor quer saber quem está aqui? Eu sei quase todos, e os que eu não sei eu pergunto às velhas.",,,,98,7,Matheus (Clear) · oArP4WehPe3qjqvCwHNo · eleven_v3,,—,—,,—,só português (2D),2D,,,não toca,não toca,,,,,pendente,não (herdada do 2D),data/dialogos/aldeoes.json › damiao.assuntos[2] quem_esta_aqui.fala[0]
2d.aldeoes.damiao.assunto.quem_esta_aqui.2,852,8 · Herdadas do 2D (não tocam no 3D),"Não toca: o 3D não mostra os assuntos (no 2D, 'quando': afinidade_3).",Damião,damiao,Assunto de conversa (2D: quem_esta_aqui),—,,,,,,,,"Aquela fileira do fundo é de gente que veio do engenho. Doze de uma vez, no verão de setenta e quatro.",,,,102,7.3,Matheus (Clear) · oArP4WehPe3qjqvCwHNo · eleven_v3,,—,—,,—,só português (2D),2D,,,não toca,não toca,,,,,pendente,não (herdada do 2D),data/dialogos/aldeoes.json › damiao.assuntos[2] quem_esta_aqui.fala[1]
2d.aldeoes.damiao.assunto.quem_esta_aqui.3,853,8 · Herdadas do 2D (não tocam no 3D),"Não toca: o 3D não mostra os assuntos (no 2D, 'quando': afinidade_3).",Damião,damiao,Assunto de conversa (2D: quem_esta_aqui),—,,,,,,,,"Minha mulher está na terceira cova depois da cruz grande. Foi por ela que eu aceitei o papel do intendente, se o senhor quer saber a verdade.",,,,141,10.1,Matheus (Clear) · oArP4WehPe3qjqvCwHNo · eleven_v3,,—,—,,—,só português (2D),2D,,,não toca,não toca,,,,,pendente,não (herdada do 2D),data/dialogos/aldeoes.json › damiao.assuntos[2] quem_esta_aqui.fala[2]
2d.aldeoes.damiao.assunto.quem_esta_aqui.4,854,8 · Herdadas do 2D (não tocam no 3D),"Não toca: o 3D não mostra os assuntos (no 2D, 'quando': afinidade_3).",Damião,damiao,Assunto de conversa (2D: quem_esta_aqui),—,,,,,,,,Mato em cima dela eu não aguentava mais ver.,,,,44,3.1,Matheus (Clear) · oArP4WehPe3qjqvCwHNo · eleven_v3,,—,—,,—,só português (2D),2D,,,não toca,não toca,,,,,pendente,não (herdada do 2D),data/dialogos/aldeoes.json › damiao.assuntos[2] quem_esta_aqui.fala[3]
2d.aldeoes.quirino.gostou.1,855,8 · Herdadas do 2D (não tocam no 3D),Não toca: no 3D o presente só lê o gosto (gosta / desgosta).,Mestre Quirino,quirino,Reação a presente que gosta (2D),—,,,,,,,,Isso aqui tem lugar no porão. Obrigado.,,,,39,2.8,—,,—,—,,—,só português (2D),2D,,,não toca,não toca,,,,,pendente,não (herdada do 2D),data/dialogos/aldeoes.json › quirino.gostou[0]
2d.aldeoes.quirino.gostou.2,856,8 · Herdadas do 2D (não tocam no 3D),Não toca: no 3D o presente só lê o gosto (gosta / desgosta).,Mestre Quirino,quirino,Reação a presente que gosta (2D),—,,,,,,,,Mercadoria boa é a que não precisa de conversa.,,,,47,3.4,—,,—,—,,—,só português (2D),2D,,,não toca,não toca,,,,,pendente,não (herdada do 2D),data/dialogos/aldeoes.json › quirino.gostou[1]
2d.aldeoes.quirino.nao_gostou.1,857,8 · Herdadas do 2D (não tocam no 3D),Não toca: no 3D o presente só lê o gosto (gosta / desgosta).,Mestre Quirino,quirino,Reação a presente que não aceita (2D),—,,,,,,,,"Ostra não viaja, moço. Chega em Salvador cheirando a maré morta.",,,,64,4.6,—,,—,—,,—,só português (2D),2D,,,não toca,não toca,,,,,pendente,não (herdada do 2D),data/dialogos/aldeoes.json › quirino.nao_gostou[0]
2d.aldeoes.quirino.nao_gostou.2,858,8 · Herdadas do 2D (não tocam no 3D),Não toca: no 3D o presente só lê o gosto (gosta / desgosta).,Mestre Quirino,quirino,Reação a presente que não aceita (2D),—,,,,,,,,Guarde pra quem come na hora.,,,,29,2.1,—,,—,—,,—,só português (2D),2D,,,não toca,não toca,,,,,pendente,não (herdada do 2D),data/dialogos/aldeoes.json › quirino.nao_gostou[1]
2d.aldeoes.quirino.agradeceu.1,859,8 · Herdadas do 2D (não tocam no 3D),Não toca: no 3D o presente só lê o gosto (gosta / desgosta).,Mestre Quirino,quirino,Agradece um presente (2D),—,,,,,,,,Obrigado. No dia catorze a gente acerta.,,,,40,2.9,—,,—,—,,—,só português (2D),2D,,,não toca,não toca,,,,,pendente,não (herdada do 2D),data/dialogos/aldeoes.json › quirino.agradeceu[0]
2d.aldeoes.quirino.ja_ganhou.1,860,8 · Herdadas do 2D (não tocam no 3D),Não toca: no 3D o presente só lê o gosto (gosta / desgosta).,Mestre Quirino,quirino,Já ganhou presente hoje (2D),—,,,,,,,,Hoje já me deu. Guarde o resto pra vender.,,,,42,3,—,,—,—,,—,só português (2D),2D,,,não toca,não toca,,,,,pendente,não (herdada do 2D),data/dialogos/aldeoes.json › quirino.ja_ganhou[0]
2d.aldeoes.quirino.assunto.apresentacao.1,861,8 · Herdadas do 2D (não tocam no 3D),"Não toca: o 3D não mostra os assuntos (no 2D, 'quando': sempre).",Mestre Quirino,quirino,Assunto de conversa (2D: apresentacao),—,,,,,,,,"Mestre Quirino. O saveiro é meu, e o que o arraial colhe no mês vai comigo pra Salvador no dia catorze.",,,,103,7.4,—,,—,—,,—,só português (2D),2D,,,não toca,não toca,,,,,pendente,não (herdada do 2D),data/dialogos/aldeoes.json › quirino.assuntos[0] apresentacao.fala[0]
2d.aldeoes.quirino.assunto.apresentacao.2,862,8 · Herdadas do 2D (não tocam no 3D),"Não toca: o 3D não mostra os assuntos (no 2D, 'quando': sempre).",Mestre Quirino,quirino,Assunto de conversa (2D: apresentacao),—,,,,,,,,"Trouxe você nessa mesma prancha. Lembro da cara de quem olha a terra pela primeira vez: metade medo, metade promessa.",,,,117,8.4,—,,—,—,,—,só português (2D),2D,,,não toca,não toca,,,,,pendente,não (herdada do 2D),data/dialogos/aldeoes.json › quirino.assuntos[0] apresentacao.fala[1]
2d.aldeoes.quirino.assunto.apresentacao.3,863,8 · Herdadas do 2D (não tocam no 3D),"Não toca: o 3D não mostra os assuntos (no 2D, 'quando': sempre).",Mestre Quirino,quirino,Assunto de conversa (2D: apresentacao),—,,,,,,,,"Se tiver o que vender, me procure no dia. Fora dele eu sou vela e vento.",,,,72,5.1,—,,—,—,,—,só português (2D),2D,,,não toca,não toca,,,,,pendente,não (herdada do 2D),data/dialogos/aldeoes.json › quirino.assuntos[0] apresentacao.fala[2]
2d.aldeoes.quirino.assunto.afinidade_cidade.1,864,8 · Herdadas do 2D (não tocam no 3D),"Não toca: o 3D não mostra os assuntos (no 2D, 'quando': afinidade_2).",Mestre Quirino,quirino,Assunto de conversa (2D: afinidade_cidade),—,,,,,,,,"Salvador engole gente, é verdade. Mas também devolve: eu mesmo vim de lá com dezoito anos e nunca mais quis morar em rua.",,,,121,8.6,—,,—,—,,—,só português (2D),2D,,,não toca,não toca,,,,,pendente,não (herdada do 2D),data/dialogos/aldeoes.json › quirino.assuntos[1] afinidade_cidade.fala[0]
2d.aldeoes.quirino.assunto.afinidade_cidade.2,865,8 · Herdadas do 2D (não tocam no 3D),"Não toca: o 3D não mostra os assuntos (no 2D, 'quando': afinidade_2).",Mestre Quirino,quirino,Assunto de conversa (2D: afinidade_cidade),—,,,,,,,,"Quem vende pra mim vende bem. Eu pago o que a praça paga, menos o meu frete, e digo o frete na cara.",,,,100,7.1,—,,—,—,,—,só português (2D),2D,,,não toca,não toca,,,,,pendente,não (herdada do 2D),data/dialogos/aldeoes.json › quirino.assuntos[1] afinidade_cidade.fala[1]
2d.aldeoes.quirino.assunto.afinidade_tio.1,866,8 · Herdadas do 2D (não tocam no 3D),"Não toca: o 3D não mostra os assuntos (no 2D, 'quando': afinidade_3).",Mestre Quirino,quirino,Assunto de conversa (2D: afinidade_tio),—,,,,,,,,Seu tio me vendia farinha. Era de pouca conversa e de muito peso certo.,,,,71,5.1,—,,—,—,,—,só português (2D),2D,,,não toca,não toca,,,,,pendente,não (herdada do 2D),data/dialogos/aldeoes.json › quirino.assuntos[2] afinidade_tio.fala[0]
2d.aldeoes.quirino.assunto.afinidade_tio.2,867,8 · Herdadas do 2D (não tocam no 3D),"Não toca: o 3D não mostra os assuntos (no 2D, 'quando': afinidade_3).",Mestre Quirino,quirino,Assunto de conversa (2D: afinidade_tio),—,,,,,,,,"Na última viagem dele me disse: 'Quirino, se vier alguém do sangue, leve até o fim da prancha, que o resto a terra ensina.'",,,,123,8.8,—,,—,—,,—,só português (2D),2D,,,não toca,não toca,,,,,pendente,não (herdada do 2D),data/dialogos/aldeoes.json › quirino.assuntos[2] afinidade_tio.fala[1]
2d.aldeoes.quirino.assunto.afinidade_tio.3,868,8 · Herdadas do 2D (não tocam no 3D),"Não toca: o 3D não mostra os assuntos (no 2D, 'quando': afinidade_3).",Mestre Quirino,quirino,Assunto de conversa (2D: afinidade_tio),—,,,,,,,,Eu levei. O resto é com você.,,,,29,2.1,—,,—,—,,—,só português (2D),2D,,,não toca,não toca,,,,,pendente,não (herdada do 2D),data/dialogos/aldeoes.json › quirino.assuntos[2] afinidade_tio.fala[2]
2d.aldeoes.padre.gostou.1,869,8 · Herdadas do 2D (não tocam no 3D),Não toca: no 3D o presente só lê o gosto (gosta / desgosta).,Padre Anselmo,padre,Reação a presente que gosta (2D),—,,,,,,,,"Deus lhe pague. Isto vai pra mesa da sacristia, e de lá pra quem precisa.",,,,73,5.2,Borges · 9pDzHy2OpOgeXM8SeL0t · eleven_v3,,—,—,,—,só português (2D),2D,,,não toca,não toca,,,,,pendente,não (herdada do 2D),data/dialogos/aldeoes.json › padre.gostou[0]
2d.aldeoes.padre.gostou.2,870,8 · Herdadas do 2D (não tocam no 3D),Não toca: no 3D o presente só lê o gosto (gosta / desgosta).,Padre Anselmo,padre,Reação a presente que gosta (2D),—,,,,,,,,"Obrigado, meu filho. Doce assim só a Dona Zefa fazia.",,,,53,3.8,Borges · 9pDzHy2OpOgeXM8SeL0t · eleven_v3,,—,—,,—,só português (2D),2D,,,não toca,não toca,,,,,pendente,não (herdada do 2D),data/dialogos/aldeoes.json › padre.gostou[1]
2d.aldeoes.padre.nao_gostou.1,871,8 · Herdadas do 2D (não tocam no 3D),Não toca: no 3D o presente só lê o gosto (gosta / desgosta).,Padre Anselmo,padre,Reação a presente que não aceita (2D),—,,,,,,,,"Garapa, não. O sacristão já bebe pelos dois.",,,,44,3.1,Borges · 9pDzHy2OpOgeXM8SeL0t · eleven_v3,,—,—,,—,só português (2D),2D,,,não toca,não toca,,,,,pendente,não (herdada do 2D),data/dialogos/aldeoes.json › padre.nao_gostou[0]
2d.aldeoes.padre.nao_gostou.2,872,8 · Herdadas do 2D (não tocam no 3D),Não toca: no 3D o presente só lê o gosto (gosta / desgosta).,Padre Anselmo,padre,Reação a presente que não aceita (2D),—,,,,,,,,"Guarde, guarde. Não é pra mim.",,,,30,2.1,Borges · 9pDzHy2OpOgeXM8SeL0t · eleven_v3,,—,—,,—,só português (2D),2D,,,não toca,não toca,,,,,pendente,não (herdada do 2D),data/dialogos/aldeoes.json › padre.nao_gostou[1]
2d.aldeoes.padre.agradeceu.1,873,8 · Herdadas do 2D (não tocam no 3D),Não toca: no 3D o presente só lê o gosto (gosta / desgosta).,Padre Anselmo,padre,Agradece um presente (2D),—,,,,,,,,Deus lhe pague.,,,,15,1.5,Borges · 9pDzHy2OpOgeXM8SeL0t · eleven_v3,,—,—,,—,só português (2D),2D,,,não toca,não toca,,,,,pendente,não (herdada do 2D),data/dialogos/aldeoes.json › padre.agradeceu[0]
2d.aldeoes.padre.ja_ganhou.1,874,8 · Herdadas do 2D (não tocam no 3D),Não toca: no 3D o presente só lê o gosto (gosta / desgosta).,Padre Anselmo,padre,Já ganhou presente hoje (2D),—,,,,,,,,"Hoje já recebi, meu filho. Caridade também cansa quem recebe.",,,,61,4.4,Borges · 9pDzHy2OpOgeXM8SeL0t · eleven_v3,,—,—,,—,só português (2D),2D,,,não toca,não toca,,,,,pendente,não (herdada do 2D),data/dialogos/aldeoes.json › padre.ja_ganhou[0]
2d.aldeoes.padre.assunto.apresentacao.1,875,8 · Herdadas do 2D (não tocam no 3D),"Não toca: o 3D não mostra os assuntos (no 2D, 'quando': sempre).",Padre Anselmo,padre,Assunto de conversa (2D: apresentacao),—,,,,,,,,"Padre Anselmo, da freguesia de Bom Jesus. Vim de Cachoeira faz onze anos, para um mês; fiquei.",,,,94,6.7,Borges · 9pDzHy2OpOgeXM8SeL0t · eleven_v3,,—,—,,—,só português (2D),2D,,,não toca,não toca,,,,,pendente,não (herdada do 2D),data/dialogos/aldeoes.json › padre.assuntos[0] apresentacao.fala[0]
2d.aldeoes.padre.assunto.apresentacao.2,876,8 · Herdadas do 2D (não tocam no 3D),"Não toca: o 3D não mostra os assuntos (no 2D, 'quando': sempre).",Padre Anselmo,padre,Assunto de conversa (2D: apresentacao),—,,,,,,,,"A igreja tem missa aos domingos e a porta aberta nos outros dias. Entre quando quiser, mesmo sem saber rezar.",,,,109,7.8,Borges · 9pDzHy2OpOgeXM8SeL0t · eleven_v3,,—,—,,—,só português (2D),2D,,,não toca,não toca,,,,,pendente,não (herdada do 2D),data/dialogos/aldeoes.json › padre.assuntos[0] apresentacao.fala[1]
2d.aldeoes.padre.assunto.apresentacao.3,877,8 · Herdadas do 2D (não tocam no 3D),"Não toca: o 3D não mostra os assuntos (no 2D, 'quando': sempre).",Padre Anselmo,padre,Assunto de conversa (2D: apresentacao),—,,,,,,,,Seu tio sentava no último banco. Dizia que de perto do altar o Bom Jesus escutava demais.,,,,89,6.4,Borges · 9pDzHy2OpOgeXM8SeL0t · eleven_v3,,—,—,,—,só português (2D),2D,,,não toca,não toca,,,,,pendente,não (herdada do 2D),data/dialogos/aldeoes.json › padre.assuntos[0] apresentacao.fala[2]
2d.aldeoes.padre.assunto.afinidade_sincretismo.1,878,8 · Herdadas do 2D (não tocam no 3D),"Não toca: o 3D não mostra os assuntos (no 2D, 'quando': afinidade_2).",Padre Anselmo,padre,Assunto de conversa (2D: afinidade_sincretismo),—,,,,,,,,"Você vai ouvir que aqui todo mundo é católico. É, e não é: a mesma mulher que acende vela ao Bom Jesus leva flor pra Iemanjá em fevereiro.",,,,138,9.9,Borges · 9pDzHy2OpOgeXM8SeL0t · eleven_v3,,—,—,,—,só português (2D),2D,,,não toca,não toca,,,,,pendente,não (herdada do 2D),data/dialogos/aldeoes.json › padre.assuntos[1] afinidade_sincretismo.fala[0]
2d.aldeoes.padre.assunto.afinidade_sincretismo.2,879,8 · Herdadas do 2D (não tocam no 3D),"Não toca: o 3D não mostra os assuntos (no 2D, 'quando': afinidade_2).",Padre Anselmo,padre,Assunto de conversa (2D: afinidade_sincretismo),—,,,,,,,,Eu aprendi a não perguntar. Deus tem ouvido maior que o meu.,,,,60,4.3,Borges · 9pDzHy2OpOgeXM8SeL0t · eleven_v3,,—,—,,—,só português (2D),2D,,,não toca,não toca,,,,,pendente,não (herdada do 2D),data/dialogos/aldeoes.json › padre.assuntos[1] afinidade_sincretismo.fala[1]
2d.aldeoes.padre.assunto.afinidade_sino.1,880,8 · Herdadas do 2D (não tocam no 3D),"Não toca: o 3D não mostra os assuntos (no 2D, 'quando': afinidade_3).",Padre Anselmo,padre,Assunto de conversa (2D: afinidade_sino),—,,,,,,,,"O que me tira o sono não é o terreiro, é o mato. Tem noite em que o sino toca sozinho, e eu vou ver, e não tem ninguém.",,,,119,8.5,Borges · 9pDzHy2OpOgeXM8SeL0t · eleven_v3,,—,—,,—,só português (2D),2D,,,não toca,não toca,,,,,pendente,não (herdada do 2D),data/dialogos/aldeoes.json › padre.assuntos[2] afinidade_sino.fala[0]
2d.aldeoes.padre.assunto.afinidade_sino.2,881,8 · Herdadas do 2D (não tocam no 3D),"Não toca: o 3D não mostra os assuntos (no 2D, 'quando': afinidade_3).",Padre Anselmo,padre,Assunto de conversa (2D: afinidade_sino),—,,,,,,,,"Rezo, fecho a porta, e no outro dia o arraial acorda igual. Alguma coisa cuida disto aqui, e eu só tomo conta da minha parte.",,,,125,8.9,Borges · 9pDzHy2OpOgeXM8SeL0t · eleven_v3,,—,—,,—,só português (2D),2D,,,não toca,não toca,,,,,pendente,não (herdada do 2D),data/dialogos/aldeoes.json › padre.assuntos[2] afinidade_sino.fala[1]
2d.aldeoes.sacristao.gostou.1,882,8 · Herdadas do 2D (não tocam no 3D),Não toca: no 3D o presente só lê o gosto (gosta / desgosta).,Sacristão Zacarias,sacristao,Reação a presente que gosta (2D),—,,,,,,,,"Oxe, garapa! Que Deus te conserve.",,,,34,2.4,River · SAz9YHcvj6GT2YYXdXww · eleven_v3,,—,—,,—,só português (2D),2D,,,não toca,não toca,,,,,pendente,não (herdada do 2D),data/dialogos/aldeoes.json › sacristao.gostou[0]
2d.aldeoes.sacristao.gostou.2,883,8 · Herdadas do 2D (não tocam no 3D),Não toca: no 3D o presente só lê o gosto (gosta / desgosta).,Sacristão Zacarias,sacristao,Reação a presente que gosta (2D),—,,,,,,,,Isto aqui tira a sede de quem puxa corda de sino.,,,,49,3.5,River · SAz9YHcvj6GT2YYXdXww · eleven_v3,,—,—,,—,só português (2D),2D,,,não toca,não toca,,,,,pendente,não (herdada do 2D),data/dialogos/aldeoes.json › sacristao.gostou[1]
2d.aldeoes.sacristao.nao_gostou.1,884,8 · Herdadas do 2D (não tocam no 3D),Não toca: no 3D o presente só lê o gosto (gosta / desgosta).,Sacristão Zacarias,sacristao,Reação a presente que não aceita (2D),—,,,,,,,,"Pedra eu tenho de sobra no adro, obrigado.",,,,42,3,River · SAz9YHcvj6GT2YYXdXww · eleven_v3,,—,—,,—,só português (2D),2D,,,não toca,não toca,,,,,pendente,não (herdada do 2D),data/dialogos/aldeoes.json › sacristao.nao_gostou[0]
2d.aldeoes.sacristao.nao_gostou.2,885,8 · Herdadas do 2D (não tocam no 3D),Não toca: no 3D o presente só lê o gosto (gosta / desgosta).,Sacristão Zacarias,sacristao,Reação a presente que não aceita (2D),—,,,,,,,,Fica com ela. Pra mim só pesa.,,,,30,2.1,River · SAz9YHcvj6GT2YYXdXww · eleven_v3,,—,—,,—,só português (2D),2D,,,não toca,não toca,,,,,pendente,não (herdada do 2D),data/dialogos/aldeoes.json › sacristao.nao_gostou[1]
2d.aldeoes.sacristao.agradeceu.1,886,8 · Herdadas do 2D (não tocam no 3D),Não toca: no 3D o presente só lê o gosto (gosta / desgosta).,Sacristão Zacarias,sacristao,Agradece um presente (2D),—,,,,,,,,"Obrigado, viu. Vou rezar um Pai-Nosso por você.",,,,47,3.4,River · SAz9YHcvj6GT2YYXdXww · eleven_v3,,—,—,,—,só português (2D),2D,,,não toca,não toca,,,,,pendente,não (herdada do 2D),data/dialogos/aldeoes.json › sacristao.agradeceu[0]
2d.aldeoes.sacristao.ja_ganhou.1,887,8 · Herdadas do 2D (não tocam no 3D),Não toca: no 3D o presente só lê o gosto (gosta / desgosta).,Sacristão Zacarias,sacristao,Já ganhou presente hoje (2D),—,,,,,,,,Hoje já me deu. Não quero que o padre pense que eu cobro.,,,,57,4.1,River · SAz9YHcvj6GT2YYXdXww · eleven_v3,,—,—,,—,só português (2D),2D,,,não toca,não toca,,,,,pendente,não (herdada do 2D),data/dialogos/aldeoes.json › sacristao.ja_ganhou[0]
2d.aldeoes.sacristao.assunto.apresentacao.1,888,8 · Herdadas do 2D (não tocam no 3D),"Não toca: o 3D não mostra os assuntos (no 2D, 'quando': sempre).",Sacristão Zacarias,sacristao,Assunto de conversa (2D: apresentacao),—,,,,,,,,"Zacarias, sacristão. Toco o sino, varro a igreja, apago as velas e sei de tudo o que acontece na praça — porque a praça passa pela porta.",,,,137,9.8,River · SAz9YHcvj6GT2YYXdXww · eleven_v3,,—,—,,—,só português (2D),2D,,,não toca,não toca,,,,,pendente,não (herdada do 2D),data/dialogos/aldeoes.json › sacristao.assuntos[0] apresentacao.fala[0]
2d.aldeoes.sacristao.assunto.apresentacao.2,889,8 · Herdadas do 2D (não tocam no 3D),"Não toca: o 3D não mostra os assuntos (no 2D, 'quando': sempre).",Sacristão Zacarias,sacristao,Assunto de conversa (2D: apresentacao),—,,,,,,,,"O padre é bom homem, mas distraído: se não fosse eu, a missa das seis começava às sete.",,,,87,6.2,River · SAz9YHcvj6GT2YYXdXww · eleven_v3,,—,—,,—,só português (2D),2D,,,não toca,não toca,,,,,pendente,não (herdada do 2D),data/dialogos/aldeoes.json › sacristao.assuntos[0] apresentacao.fala[1]
2d.aldeoes.sacristao.assunto.apresentacao.3,890,8 · Herdadas do 2D (não tocam no 3D),"Não toca: o 3D não mostra os assuntos (no 2D, 'quando': sempre).",Sacristão Zacarias,sacristao,Assunto de conversa (2D: apresentacao),—,,,,,,,,"Tem uma cadeira na sombra do adro que é minha. Ninguém senta, por respeito.",,,,75,5.4,River · SAz9YHcvj6GT2YYXdXww · eleven_v3,,—,—,,—,só português (2D),2D,,,não toca,não toca,,,,,pendente,não (herdada do 2D),data/dialogos/aldeoes.json › sacristao.assuntos[0] apresentacao.fala[2]
2d.aldeoes.sacristao.assunto.afinidade_sino.1,891,8 · Herdadas do 2D (não tocam no 3D),"Não toca: o 3D não mostra os assuntos (no 2D, 'quando': afinidade_2).",Sacristão Zacarias,sacristao,Assunto de conversa (2D: afinidade_sino),—,,,,,,,,"O sino da nossa igreja veio de Portugal, numa caixa, em mil oitocentos e vinte. Rachou na cheia de sessenta e canta torto desde então.",,,,134,9.6,River · SAz9YHcvj6GT2YYXdXww · eleven_v3,,—,—,,—,só português (2D),2D,,,não toca,não toca,,,,,pendente,não (herdada do 2D),data/dialogos/aldeoes.json › sacristao.assuntos[1] afinidade_sino.fala[0]
2d.aldeoes.sacristao.assunto.afinidade_sino.2,892,8 · Herdadas do 2D (não tocam no 3D),"Não toca: o 3D não mostra os assuntos (no 2D, 'quando': afinidade_2).",Sacristão Zacarias,sacristao,Assunto de conversa (2D: afinidade_sino),—,,,,,,,,Eu gosto do torto. Sino certo é sino de cidade.,,,,47,3.4,River · SAz9YHcvj6GT2YYXdXww · eleven_v3,,—,—,,—,só português (2D),2D,,,não toca,não toca,,,,,pendente,não (herdada do 2D),data/dialogos/aldeoes.json › sacristao.assuntos[1] afinidade_sino.fala[1]
2d.aldeoes.sacristao.assunto.afinidade_pedra.1,893,8 · Herdadas do 2D (não tocam no 3D),"Não toca: o 3D não mostra os assuntos (no 2D, 'quando': afinidade_3).",Sacristão Zacarias,sacristao,Assunto de conversa (2D: afinidade_pedra),—,,,,,,,,"Vou te contar uma coisa que o padre não sabe: a igreja tem uma pedra solta atrás do altar, e dentro dela tem um papel com nomes.",,,,128,9.1,River · SAz9YHcvj6GT2YYXdXww · eleven_v3,,—,—,,—,só português (2D),2D,,,não toca,não toca,,,,,pendente,não (herdada do 2D),data/dialogos/aldeoes.json › sacristao.assuntos[2] afinidade_pedra.fala[0]
2d.aldeoes.sacristao.assunto.afinidade_pedra.2,894,8 · Herdadas do 2D (não tocam no 3D),"Não toca: o 3D não mostra os assuntos (no 2D, 'quando': afinidade_3).",Sacristão Zacarias,sacristao,Assunto de conversa (2D: afinidade_pedra),—,,,,,,,,"Não li. Mas o nome do seu tio está lá, isso eu vi.",,,,50,3.6,River · SAz9YHcvj6GT2YYXdXww · eleven_v3,,—,—,,—,só português (2D),2D,,,não toca,não toca,,,,,pendente,não (herdada do 2D),data/dialogos/aldeoes.json › sacristao.assuntos[2] afinidade_pedra.fala[1]
2d.aldeoes.beata.gostou.1,895,8 · Herdadas do 2D (não tocam no 3D),Não toca: no 3D o presente só lê o gosto (gosta / desgosta).,Sá Joaquina,beata,Reação a presente que gosta (2D),—,,,,,,,,"Ai, que doce. Deus te pague, menino.",,,,36,2.6,Katiuscia · wXwzHFLHnXex5h3JPBXA · eleven_v3,,—,—,,—,só português (2D),2D,,,não toca,não toca,,,,,pendente,não (herdada do 2D),data/dialogos/aldeoes.json › beata.gostou[0]
2d.aldeoes.beata.gostou.2,896,8 · Herdadas do 2D (não tocam no 3D),Não toca: no 3D o presente só lê o gosto (gosta / desgosta).,Sá Joaquina,beata,Reação a presente que gosta (2D),—,,,,,,,,"Chá de folha, pra minha tosse. Quem te disse?",,,,45,3.2,Katiuscia · wXwzHFLHnXex5h3JPBXA · eleven_v3,,—,—,,—,só português (2D),2D,,,não toca,não toca,,,,,pendente,não (herdada do 2D),data/dialogos/aldeoes.json › beata.gostou[1]
2d.aldeoes.beata.nao_gostou.1,897,8 · Herdadas do 2D (não tocam no 3D),Não toca: no 3D o presente só lê o gosto (gosta / desgosta).,Sá Joaquina,beata,Reação a presente que não aceita (2D),—,,,,,,,,Garapa não entra na minha boca desde a promessa.,,,,48,3.4,Katiuscia · wXwzHFLHnXex5h3JPBXA · eleven_v3,,—,—,,—,só português (2D),2D,,,não toca,não toca,,,,,pendente,não (herdada do 2D),data/dialogos/aldeoes.json › beata.nao_gostou[0]
2d.aldeoes.beata.nao_gostou.2,898,8 · Herdadas do 2D (não tocam no 3D),Não toca: no 3D o presente só lê o gosto (gosta / desgosta).,Sá Joaquina,beata,Reação a presente que não aceita (2D),—,,,,,,,,"Leve isso pro sacristão, que ele gosta.",,,,39,2.8,Katiuscia · wXwzHFLHnXex5h3JPBXA · eleven_v3,,—,—,,—,só português (2D),2D,,,não toca,não toca,,,,,pendente,não (herdada do 2D),data/dialogos/aldeoes.json › beata.nao_gostou[1]
2d.aldeoes.beata.agradeceu.1,899,8 · Herdadas do 2D (não tocam no 3D),Não toca: no 3D o presente só lê o gosto (gosta / desgosta).,Sá Joaquina,beata,Agradece um presente (2D),—,,,,,,,,Deus te pague. Vai com Deus.,,,,28,2,Katiuscia · wXwzHFLHnXex5h3JPBXA · eleven_v3,,—,—,,—,só português (2D),2D,,,não toca,não toca,,,,,pendente,não (herdada do 2D),data/dialogos/aldeoes.json › beata.agradeceu[0]
2d.aldeoes.beata.ja_ganhou.1,900,8 · Herdadas do 2D (não tocam no 3D),Não toca: no 3D o presente só lê o gosto (gosta / desgosta).,Sá Joaquina,beata,Já ganhou presente hoje (2D),—,,,,,,,,"Hoje já me deu, menino. Mais é soberba.",,,,39,2.8,Katiuscia · wXwzHFLHnXex5h3JPBXA · eleven_v3,,—,—,,—,só português (2D),2D,,,não toca,não toca,,,,,pendente,não (herdada do 2D),data/dialogos/aldeoes.json › beata.ja_ganhou[0]
2d.aldeoes.beata.assunto.apresentacao.1,901,8 · Herdadas do 2D (não tocam no 3D),"Não toca: o 3D não mostra os assuntos (no 2D, 'quando': sempre).",Sá Joaquina,beata,Assunto de conversa (2D: apresentacao),—,,,,,,,,"Joaquina. Rezo o terço todo dia às seis, na frente da igreja, chova ou faça sol.",,,,80,5.7,Katiuscia · wXwzHFLHnXex5h3JPBXA · eleven_v3,,—,—,,—,só português (2D),2D,,,não toca,não toca,,,,,pendente,não (herdada do 2D),data/dialogos/aldeoes.json › beata.assuntos[0] apresentacao.fala[0]
2d.aldeoes.beata.assunto.apresentacao.2,902,8 · Herdadas do 2D (não tocam no 3D),"Não toca: o 3D não mostra os assuntos (no 2D, 'quando': sempre).",Sá Joaquina,beata,Assunto de conversa (2D: apresentacao),—,,,,,,,,"Não é por fé só, não. É que rezando eu vejo quem passa, e quem passa me conta.",,,,78,5.6,Katiuscia · wXwzHFLHnXex5h3JPBXA · eleven_v3,,—,—,,—,só português (2D),2D,,,não toca,não toca,,,,,pendente,não (herdada do 2D),data/dialogos/aldeoes.json › beata.assuntos[0] apresentacao.fala[1]
2d.aldeoes.beata.assunto.apresentacao.3,903,8 · Herdadas do 2D (não tocam no 3D),"Não toca: o 3D não mostra os assuntos (no 2D, 'quando': sempre).",Sá Joaquina,beata,Assunto de conversa (2D: apresentacao),—,,,,,,,,Seu tio passava sem falar e tirava o chapéu. Era o jeito dele de rezar.,,,,71,5.1,Katiuscia · wXwzHFLHnXex5h3JPBXA · eleven_v3,,—,—,,—,só português (2D),2D,,,não toca,não toca,,,,,pendente,não (herdada do 2D),data/dialogos/aldeoes.json › beata.assuntos[0] apresentacao.fala[2]
2d.aldeoes.beata.assunto.afinidade_promessa.1,904,8 · Herdadas do 2D (não tocam no 3D),"Não toca: o 3D não mostra os assuntos (no 2D, 'quando': afinidade_2).",Sá Joaquina,beata,Assunto de conversa (2D: afinidade_promessa),—,,,,,,,,"Eu fiz uma promessa há trinta anos, e cumpro até hoje: nunca mais pisar na areia da praia. Foi lá que o mar levou meu marido.",,,,125,8.9,Katiuscia · wXwzHFLHnXex5h3JPBXA · eleven_v3,,—,—,,—,só português (2D),2D,,,não toca,não toca,,,,,pendente,não (herdada do 2D),data/dialogos/aldeoes.json › beata.assuntos[1] afinidade_promessa.fala[0]
2d.aldeoes.beata.assunto.afinidade_promessa.2,905,8 · Herdadas do 2D (não tocam no 3D),"Não toca: o 3D não mostra os assuntos (no 2D, 'quando': afinidade_2).",Sá Joaquina,beata,Assunto de conversa (2D: afinidade_promessa),—,,,,,,,,Rezo de costas pro mar. Ele sabe por quê.,,,,41,2.9,Katiuscia · wXwzHFLHnXex5h3JPBXA · eleven_v3,,—,—,,—,só português (2D),2D,,,não toca,não toca,,,,,pendente,não (herdada do 2D),data/dialogos/aldeoes.json › beata.assuntos[1] afinidade_promessa.fala[1]
2d.aldeoes.beata.assunto.afinidade_ver.1,906,8 · Herdadas do 2D (não tocam no 3D),"Não toca: o 3D não mostra os assuntos (no 2D, 'quando': afinidade_3).",Sá Joaquina,beata,Assunto de conversa (2D: afinidade_ver),—,,,,,,,,"Você quer saber o que eu vejo? Vejo que a Dona Candinha tem conta com o Seu Nicolau, que o guarda dorme na porta, e que você olha pro mato como quem espera alguém.",,,,163,11.6,Katiuscia · wXwzHFLHnXex5h3JPBXA · eleven_v3,,—,—,,—,só português (2D),2D,,,não toca,não toca,,,,,pendente,não (herdada do 2D),data/dialogos/aldeoes.json › beata.assuntos[2] afinidade_ver.fala[0]
2d.aldeoes.beata.assunto.afinidade_ver.2,907,8 · Herdadas do 2D (não tocam no 3D),"Não toca: o 3D não mostra os assuntos (no 2D, 'quando': afinidade_3).",Sá Joaquina,beata,Assunto de conversa (2D: afinidade_ver),—,,,,,,,,Não se preocupe. Eu só conto pra quem reza comigo.,,,,50,3.6,Katiuscia · wXwzHFLHnXex5h3JPBXA · eleven_v3,,—,—,,—,só português (2D),2D,,,não toca,não toca,,,,,pendente,não (herdada do 2D),data/dialogos/aldeoes.json › beata.assuntos[2] afinidade_ver.fala[1]
2d.aldeoes.mercador.gostou.1,908,8 · Herdadas do 2D (não tocam no 3D),Não toca: no 3D o presente só lê o gosto (gosta / desgosta).,Seu Nicolau,mercador,Reação a presente que gosta (2D),—,,,,,,,,Corda boa. Isto eu revendo em dois dias.,,,,40,2.9,Chris · iP95p4xoKVk53GoZ742B · eleven_v3,,—,—,,—,só português (2D),2D,,,não toca,não toca,,,,,pendente,não (herdada do 2D),data/dialogos/aldeoes.json › mercador.gostou[0]
2d.aldeoes.mercador.gostou.2,909,8 · Herdadas do 2D (não tocam no 3D),Não toca: no 3D o presente só lê o gosto (gosta / desgosta).,Seu Nicolau,mercador,Reação a presente que gosta (2D),—,,,,,,,,Tábua! Tava precisando pra prateleira.,,,,38,2.7,Chris · iP95p4xoKVk53GoZ742B · eleven_v3,,—,—,,—,só português (2D),2D,,,não toca,não toca,,,,,pendente,não (herdada do 2D),data/dialogos/aldeoes.json › mercador.gostou[1]
2d.aldeoes.mercador.nao_gostou.1,910,8 · Herdadas do 2D (não tocam no 3D),Não toca: no 3D o presente só lê o gosto (gosta / desgosta).,Seu Nicolau,mercador,Reação a presente que não aceita (2D),—,,,,,,,,"Mandioca eu vendo, meu filho. Não compro.",,,,41,2.9,Chris · iP95p4xoKVk53GoZ742B · eleven_v3,,—,—,,—,só português (2D),2D,,,não toca,não toca,,,,,pendente,não (herdada do 2D),data/dialogos/aldeoes.json › mercador.nao_gostou[0]
2d.aldeoes.mercador.nao_gostou.2,911,8 · Herdadas do 2D (não tocam no 3D),Não toca: no 3D o presente só lê o gosto (gosta / desgosta).,Seu Nicolau,mercador,Reação a presente que não aceita (2D),—,,,,,,,,Leve pra casa de farinha.,,,,25,1.8,Chris · iP95p4xoKVk53GoZ742B · eleven_v3,,—,—,,—,só português (2D),2D,,,não toca,não toca,,,,,pendente,não (herdada do 2D),data/dialogos/aldeoes.json › mercador.nao_gostou[1]
2d.aldeoes.mercador.agradeceu.1,912,8 · Herdadas do 2D (não tocam no 3D),Não toca: no 3D o presente só lê o gosto (gosta / desgosta).,Seu Nicolau,mercador,Agradece um presente (2D),—,,,,,,,,Obrigado. Isso abate na conta.,,,,30,2.1,Chris · iP95p4xoKVk53GoZ742B · eleven_v3,,—,—,,—,só português (2D),2D,,,não toca,não toca,,,,,pendente,não (herdada do 2D),data/dialogos/aldeoes.json › mercador.agradeceu[0]
2d.aldeoes.mercador.ja_ganhou.1,913,8 · Herdadas do 2D (não tocam no 3D),Não toca: no 3D o presente só lê o gosto (gosta / desgosta).,Seu Nicolau,mercador,Já ganhou presente hoje (2D),—,,,,,,,,Hoje já me deu. Não vou abater duas vezes.,,,,42,3,Chris · iP95p4xoKVk53GoZ742B · eleven_v3,,—,—,,—,só português (2D),2D,,,não toca,não toca,,,,,pendente,não (herdada do 2D),data/dialogos/aldeoes.json › mercador.ja_ganhou[0]
2d.aldeoes.mercador.assunto.apresentacao.1,914,8 · Herdadas do 2D (não tocam no 3D),"Não toca: o 3D não mostra os assuntos (no 2D, 'quando': sempre).",Seu Nicolau,mercador,Assunto de conversa (2D: apresentacao),—,,,,,,,,"Nicolau, da venda. Aqui tem de tudo o que o arraial não produz, e fiado pra quem tem terra.",,,,91,6.5,Chris · iP95p4xoKVk53GoZ742B · eleven_v3,,—,—,,—,só português (2D),2D,,,não toca,não toca,,,,,pendente,não (herdada do 2D),data/dialogos/aldeoes.json › mercador.assuntos[0] apresentacao.fala[0]
2d.aldeoes.mercador.assunto.apresentacao.2,915,8 · Herdadas do 2D (não tocam no 3D),"Não toca: o 3D não mostra os assuntos (no 2D, 'quando': sempre).",Seu Nicolau,mercador,Assunto de conversa (2D: apresentacao),—,,,,,,,,Não me olhe assim. Fiado é o que segura este lugar de pé entre uma safra e outra.,,,,81,5.8,Chris · iP95p4xoKVk53GoZ742B · eleven_v3,,—,—,,—,só português (2D),2D,,,não toca,não toca,,,,,pendente,não (herdada do 2D),data/dialogos/aldeoes.json › mercador.assuntos[0] apresentacao.fala[1]
2d.aldeoes.mercador.assunto.apresentacao.3,916,8 · Herdadas do 2D (não tocam no 3D),"Não toca: o 3D não mostra os assuntos (no 2D, 'quando': sempre).",Seu Nicolau,mercador,Assunto de conversa (2D: apresentacao),—,,,,,,,,"O Tonho me deve, é verdade. E eu devo ao atacado de Salvador. Todo mundo deve a alguém.",,,,87,6.2,Chris · iP95p4xoKVk53GoZ742B · eleven_v3,,—,—,,—,só português (2D),2D,,,não toca,não toca,,,,,pendente,não (herdada do 2D),data/dialogos/aldeoes.json › mercador.assuntos[0] apresentacao.fala[2]
2d.aldeoes.mercador.assunto.afinidade_livro.1,917,8 · Herdadas do 2D (não tocam no 3D),"Não toca: o 3D não mostra os assuntos (no 2D, 'quando': afinidade_2).",Seu Nicolau,mercador,Assunto de conversa (2D: afinidade_livro),—,,,,,,,,"Meu livro de fiado tem mais nome que o livro do padre. Quem paga em dia eu nem escrevo, só lembro.",,,,98,7,Chris · iP95p4xoKVk53GoZ742B · eleven_v3,,—,—,,—,só português (2D),2D,,,não toca,não toca,,,,,pendente,não (herdada do 2D),data/dialogos/aldeoes.json › mercador.assuntos[1] afinidade_livro.fala[0]
2d.aldeoes.mercador.assunto.afinidade_livro.2,918,8 · Herdadas do 2D (não tocam no 3D),"Não toca: o 3D não mostra os assuntos (no 2D, 'quando': afinidade_2).",Seu Nicolau,mercador,Assunto de conversa (2D: afinidade_livro),—,,,,,,,,Seu tio pagava em dia. Por isso você entra aqui com crédito que não ganhou.,,,,75,5.4,Chris · iP95p4xoKVk53GoZ742B · eleven_v3,,—,—,,—,só português (2D),2D,,,não toca,não toca,,,,,pendente,não (herdada do 2D),data/dialogos/aldeoes.json › mercador.assuntos[1] afinidade_livro.fala[1]
2d.aldeoes.mercador.assunto.afinidade_venda.1,919,8 · Herdadas do 2D (não tocam no 3D),"Não toca: o 3D não mostra os assuntos (no 2D, 'quando': afinidade_3).",Seu Nicolau,mercador,Assunto de conversa (2D: afinidade_venda),—,,,,,,,,"A venda era do meu pai, e antes do pai dele. Três Nicolaus. O meu filho foi pra Salvador e não quer.",,,,100,7.1,Chris · iP95p4xoKVk53GoZ742B · eleven_v3,,—,—,,—,só português (2D),2D,,,não toca,não toca,,,,,pendente,não (herdada do 2D),data/dialogos/aldeoes.json › mercador.assuntos[2] afinidade_venda.fala[0]
2d.aldeoes.mercador.assunto.afinidade_venda.2,920,8 · Herdadas do 2D (não tocam no 3D),"Não toca: o 3D não mostra os assuntos (no 2D, 'quando': afinidade_3).",Seu Nicolau,mercador,Assunto de conversa (2D: afinidade_venda),—,,,,,,,,"Se um dia eu fechar, o arraial compra onde? Pense nisso quando reclamar do meu preço.",,,,85,6.1,Chris · iP95p4xoKVk53GoZ742B · eleven_v3,,—,—,,—,só português (2D),2D,,,não toca,não toca,,,,,pendente,não (herdada do 2D),data/dialogos/aldeoes.json › mercador.assuntos[2] afinidade_venda.fala[1]
2d.aldeoes.guarda.gostou.1,921,8 · Herdadas do 2D (não tocam no 3D),Não toca: no 3D o presente só lê o gosto (gosta / desgosta).,Guarda Aristides,guarda,Reação a presente que gosta (2D),—,,,,,,,,Peixe assado! Isso é pra guarda de verdade.,,,,43,3.1,Brian · nPczCjzI2devNBz1zQrb · eleven_v3,,—,—,,—,só português (2D),2D,,,não toca,não toca,,,,,pendente,não (herdada do 2D),data/dialogos/aldeoes.json › guarda.gostou[0]
2d.aldeoes.guarda.gostou.2,922,8 · Herdadas do 2D (não tocam no 3D),Não toca: no 3D o presente só lê o gosto (gosta / desgosta).,Guarda Aristides,guarda,Reação a presente que gosta (2D),—,,,,,,,,"Um cordel! Eu leio na ronda, pra não dormir.",,,,44,3.1,Brian · nPczCjzI2devNBz1zQrb · eleven_v3,,—,—,,—,só português (2D),2D,,,não toca,não toca,,,,,pendente,não (herdada do 2D),data/dialogos/aldeoes.json › guarda.gostou[1]
2d.aldeoes.guarda.nao_gostou.1,923,8 · Herdadas do 2D (não tocam no 3D),Não toca: no 3D o presente só lê o gosto (gosta / desgosta).,Guarda Aristides,guarda,Reação a presente que não aceita (2D),—,,,,,,,,Pedra? Tá me chamando de quê?,,,,29,2.1,Brian · nPczCjzI2devNBz1zQrb · eleven_v3,,—,—,,—,só português (2D),2D,,,não toca,não toca,,,,,pendente,não (herdada do 2D),data/dialogos/aldeoes.json › guarda.nao_gostou[0]
2d.aldeoes.guarda.nao_gostou.2,924,8 · Herdadas do 2D (não tocam no 3D),Não toca: no 3D o presente só lê o gosto (gosta / desgosta).,Guarda Aristides,guarda,Reação a presente que não aceita (2D),—,,,,,,,,Guarde. Não é pra mim.,,,,22,1.6,Brian · nPczCjzI2devNBz1zQrb · eleven_v3,,—,—,,—,só português (2D),2D,,,não toca,não toca,,,,,pendente,não (herdada do 2D),data/dialogos/aldeoes.json › guarda.nao_gostou[1]
2d.aldeoes.guarda.agradeceu.1,925,8 · Herdadas do 2D (não tocam no 3D),Não toca: no 3D o presente só lê o gosto (gosta / desgosta).,Guarda Aristides,guarda,Agradece um presente (2D),—,,,,,,,,Obrigado. Hoje a ronda vai ser mais atenta.,,,,43,3.1,Brian · nPczCjzI2devNBz1zQrb · eleven_v3,,—,—,,—,só português (2D),2D,,,não toca,não toca,,,,,pendente,não (herdada do 2D),data/dialogos/aldeoes.json › guarda.agradeceu[0]
2d.aldeoes.guarda.ja_ganhou.1,926,8 · Herdadas do 2D (não tocam no 3D),Não toca: no 3D o presente só lê o gosto (gosta / desgosta).,Guarda Aristides,guarda,Já ganhou presente hoje (2D),—,,,,,,,,"Hoje já, moço. Guarda não aceita duas vezes.",,,,44,3.1,Brian · nPczCjzI2devNBz1zQrb · eleven_v3,,—,—,,—,só português (2D),2D,,,não toca,não toca,,,,,pendente,não (herdada do 2D),data/dialogos/aldeoes.json › guarda.ja_ganhou[0]
2d.aldeoes.guarda.assunto.apresentacao.1,927,8 · Herdadas do 2D (não tocam no 3D),"Não toca: o 3D não mostra os assuntos (no 2D, 'quando': sempre).",Guarda Aristides,guarda,Assunto de conversa (2D: apresentacao),—,,,,,,,,"Aristides, guarda do arraial. Sem arma, que o Intendente não manda, e sem precisão, que aqui ninguém rouba.",,,,107,7.6,Brian · nPczCjzI2devNBz1zQrb · eleven_v3,,—,—,,—,só português (2D),2D,,,não toca,não toca,,,,,pendente,não (herdada do 2D),data/dialogos/aldeoes.json › guarda.assuntos[0] apresentacao.fala[0]
2d.aldeoes.guarda.assunto.apresentacao.2,928,8 · Herdadas do 2D (não tocam no 3D),"Não toca: o 3D não mostra os assuntos (no 2D, 'quando': sempre).",Guarda Aristides,guarda,Assunto de conversa (2D: apresentacao),—,,,,,,,,"Meu serviço é saber quem chegou e quem saiu. Você chegou no saveiro do Quirino, de manhã.",,,,89,6.4,Brian · nPczCjzI2devNBz1zQrb · eleven_v3,,—,—,,—,só português (2D),2D,,,não toca,não toca,,,,,pendente,não (herdada do 2D),data/dialogos/aldeoes.json › guarda.assuntos[0] apresentacao.fala[1]
2d.aldeoes.guarda.assunto.apresentacao.3,929,8 · Herdadas do 2D (não tocam no 3D),"Não toca: o 3D não mostra os assuntos (no 2D, 'quando': sempre).",Guarda Aristides,guarda,Assunto de conversa (2D: apresentacao),—,,,,,,,,"Se alguém mexer com você, me chama. Eu grito alto.",,,,50,3.6,Brian · nPczCjzI2devNBz1zQrb · eleven_v3,,—,—,,—,só português (2D),2D,,,não toca,não toca,,,,,pendente,não (herdada do 2D),data/dialogos/aldeoes.json › guarda.assuntos[0] apresentacao.fala[2]
2d.aldeoes.guarda.assunto.afinidade_noite.1,930,8 · Herdadas do 2D (não tocam no 3D),"Não toca: o 3D não mostra os assuntos (no 2D, 'quando': afinidade_2).",Guarda Aristides,guarda,Assunto de conversa (2D: afinidade_noite),—,,,,,,,,"De noite eu dou a volta na praça três vezes e durmo na porta da venda. Não é dormir, é escutar deitado.",,,,103,7.4,Brian · nPczCjzI2devNBz1zQrb · eleven_v3,,—,—,,—,só português (2D),2D,,,não toca,não toca,,,,,pendente,não (herdada do 2D),data/dialogos/aldeoes.json › guarda.assuntos[1] afinidade_noite.fala[0]
2d.aldeoes.guarda.assunto.afinidade_noite.2,931,8 · Herdadas do 2D (não tocam no 3D),"Não toca: o 3D não mostra os assuntos (no 2D, 'quando': afinidade_2).",Guarda Aristides,guarda,Assunto de conversa (2D: afinidade_noite),—,,,,,,,,Nunca peguei ninguém. Mas duas vezes ouvi passo no adro sem ninguém no adro.,,,,76,5.4,Brian · nPczCjzI2devNBz1zQrb · eleven_v3,,—,—,,—,só português (2D),2D,,,não toca,não toca,,,,,pendente,não (herdada do 2D),data/dialogos/aldeoes.json › guarda.assuntos[1] afinidade_noite.fala[1]
2d.aldeoes.guarda.assunto.afinidade_pai.1,932,8 · Herdadas do 2D (não tocam no 3D),"Não toca: o 3D não mostra os assuntos (no 2D, 'quando': afinidade_3).",Guarda Aristides,guarda,Assunto de conversa (2D: afinidade_pai),—,,,,,,,,"Meu pai foi guarda antes de mim, e o dele, escravo do engenho que virou a fazenda do outro lado do rio.",,,,103,7.4,Brian · nPczCjzI2devNBz1zQrb · eleven_v3,,—,—,,—,só português (2D),2D,,,não toca,não toca,,,,,pendente,não (herdada do 2D),data/dialogos/aldeoes.json › guarda.assuntos[2] afinidade_pai.fala[0]
2d.aldeoes.guarda.assunto.afinidade_pai.2,933,8 · Herdadas do 2D (não tocam no 3D),"Não toca: o 3D não mostra os assuntos (no 2D, 'quando': afinidade_3).",Guarda Aristides,guarda,Assunto de conversa (2D: afinidade_pai),—,,,,,,,,"Quando você for lá, olhe o chão perto do casarão. Tem coisa enterrada que não é tesouro.",,,,88,6.3,Brian · nPczCjzI2devNBz1zQrb · eleven_v3,,—,—,,—,só português (2D),2D,,,não toca,não toca,,,,,pendente,não (herdada do 2D),data/dialogos/aldeoes.json › guarda.assuntos[2] afinidade_pai.fala[1]
2d.aldeoes.pescador.gostou.1,934,8 · Herdadas do 2D (não tocam no 3D),Não toca: no 3D o presente só lê o gosto (gosta / desgosta).,Seu Jerônimo,pescador,Reação a presente que gosta (2D),—,,,,,,,,Corda! Linha boa nasce de corda boa.,,,,36,2.6,Will · bIHbv24MWmeRgasZH58o · eleven_v3,,—,—,,—,só português (2D),2D,,,não toca,não toca,,,,,pendente,não (herdada do 2D),data/dialogos/aldeoes.json › pescador.gostou[0]
2d.aldeoes.pescador.gostou.2,935,8 · Herdadas do 2D (não tocam no 3D),Não toca: no 3D o presente só lê o gosto (gosta / desgosta).,Seu Jerônimo,pescador,Reação a presente que gosta (2D),—,,,,,,,,Farinha pra misturar com o peixe de hoje. Obrigado.,,,,51,3.6,Will · bIHbv24MWmeRgasZH58o · eleven_v3,,—,—,,—,só português (2D),2D,,,não toca,não toca,,,,,pendente,não (herdada do 2D),data/dialogos/aldeoes.json › pescador.gostou[1]
2d.aldeoes.pescador.nao_gostou.1,936,8 · Herdadas do 2D (não tocam no 3D),Não toca: no 3D o presente só lê o gosto (gosta / desgosta).,Seu Jerônimo,pescador,Reação a presente que não aceita (2D),—,,,,,,,,"Peixe pra mim? Rapaz, eu sou pescador.",,,,38,2.7,Will · bIHbv24MWmeRgasZH58o · eleven_v3,,—,—,,—,só português (2D),2D,,,não toca,não toca,,,,,pendente,não (herdada do 2D),data/dialogos/aldeoes.json › pescador.nao_gostou[0]
2d.aldeoes.pescador.nao_gostou.2,937,8 · Herdadas do 2D (não tocam no 3D),Não toca: no 3D o presente só lê o gosto (gosta / desgosta).,Seu Jerônimo,pescador,Reação a presente que não aceita (2D),—,,,,,,,,"Leve pra Dona Filó, que ela faz pirão.",,,,38,2.7,Will · bIHbv24MWmeRgasZH58o · eleven_v3,,—,—,,—,só português (2D),2D,,,não toca,não toca,,,,,pendente,não (herdada do 2D),data/dialogos/aldeoes.json › pescador.nao_gostou[1]
2d.aldeoes.pescador.agradeceu.1,938,8 · Herdadas do 2D (não tocam no 3D),Não toca: no 3D o presente só lê o gosto (gosta / desgosta).,Seu Jerônimo,pescador,Agradece um presente (2D),—,,,,,,,,Obrigado. Boa maré pra você.,,,,28,2,Will · bIHbv24MWmeRgasZH58o · eleven_v3,,—,—,,—,só português (2D),2D,,,não toca,não toca,,,,,pendente,não (herdada do 2D),data/dialogos/aldeoes.json › pescador.agradeceu[0]
2d.aldeoes.pescador.ja_ganhou.1,939,8 · Herdadas do 2D (não tocam no 3D),Não toca: no 3D o presente só lê o gosto (gosta / desgosta).,Seu Jerônimo,pescador,Já ganhou presente hoje (2D),—,,,,,,,,"Hoje já. Pescador não aceita demais, que afunda a canoa.",,,,56,4,Will · bIHbv24MWmeRgasZH58o · eleven_v3,,—,—,,—,só português (2D),2D,,,não toca,não toca,,,,,pendente,não (herdada do 2D),data/dialogos/aldeoes.json › pescador.ja_ganhou[0]
2d.aldeoes.pescador.assunto.apresentacao.1,940,8 · Herdadas do 2D (não tocam no 3D),"Não toca: o 3D não mostra os assuntos (no 2D, 'quando': sempre).",Seu Jerônimo,pescador,Assunto de conversa (2D: apresentacao),—,,,,,,,,"Jerônimo. Pesco de linha, da pedra, desde antes do Tonho nascer. Rede é pra quem tem pressa.",,,,92,6.6,Will · bIHbv24MWmeRgasZH58o · eleven_v3,,—,—,,—,só português (2D),2D,,,não toca,não toca,,,,,pendente,não (herdada do 2D),data/dialogos/aldeoes.json › pescador.assuntos[0] apresentacao.fala[0]
2d.aldeoes.pescador.assunto.apresentacao.2,941,8 · Herdadas do 2D (não tocam no 3D),"Não toca: o 3D não mostra os assuntos (no 2D, 'quando': sempre).",Seu Jerônimo,pescador,Assunto de conversa (2D: apresentacao),—,,,,,,,,"O mar aqui é raso e manso, mas mente: a maré vaza rápido e volta mais rápido.",,,,77,5.5,Will · bIHbv24MWmeRgasZH58o · eleven_v3,,—,—,,—,só português (2D),2D,,,não toca,não toca,,,,,pendente,não (herdada do 2D),data/dialogos/aldeoes.json › pescador.assuntos[0] apresentacao.fala[1]
2d.aldeoes.pescador.assunto.apresentacao.3,942,8 · Herdadas do 2D (não tocam no 3D),"Não toca: o 3D não mostra os assuntos (no 2D, 'quando': sempre).",Seu Jerônimo,pescador,Assunto de conversa (2D: apresentacao),—,,,,,,,,"Se for pescar, leve isca de ostra e paciência. O robalo vem no fim da tarde.",,,,76,5.4,Will · bIHbv24MWmeRgasZH58o · eleven_v3,,—,—,,—,só português (2D),2D,,,não toca,não toca,,,,,pendente,não (herdada do 2D),data/dialogos/aldeoes.json › pescador.assuntos[0] apresentacao.fala[2]
2d.aldeoes.pescador.assunto.afinidade_pedra.1,943,8 · Herdadas do 2D (não tocam no 3D),"Não toca: o 3D não mostra os assuntos (no 2D, 'quando': afinidade_2).",Seu Jerônimo,pescador,Assunto de conversa (2D: afinidade_pedra),—,,,,,,,,"A minha pedra fica na ponta da praia, perto da gameleira grande. Dali eu vejo o saveiro entrar e o padre sair.",,,,110,7.9,Will · bIHbv24MWmeRgasZH58o · eleven_v3,,—,—,,—,só português (2D),2D,,,não toca,não toca,,,,,pendente,não (herdada do 2D),data/dialogos/aldeoes.json › pescador.assuntos[1] afinidade_pedra.fala[0]
2d.aldeoes.pescador.assunto.afinidade_pedra.2,944,8 · Herdadas do 2D (não tocam no 3D),"Não toca: o 3D não mostra os assuntos (no 2D, 'quando': afinidade_2).",Seu Jerônimo,pescador,Assunto de conversa (2D: afinidade_pedra),—,,,,,,,,"Não pesco de sexta. Não me pergunte por quê, que eu não sei.",,,,60,4.3,Will · bIHbv24MWmeRgasZH58o · eleven_v3,,—,—,,—,só português (2D),2D,,,não toca,não toca,,,,,pendente,não (herdada do 2D),data/dialogos/aldeoes.json › pescador.assuntos[1] afinidade_pedra.fala[1]
2d.aldeoes.pescador.assunto.afinidade_fundo.1,945,8 · Herdadas do 2D (não tocam no 3D),"Não toca: o 3D não mostra os assuntos (no 2D, 'quando': afinidade_3).",Seu Jerônimo,pescador,Assunto de conversa (2D: afinidade_fundo),—,,,,,,,,"Uma vez a linha prendeu em algo que não era pedra, e quando puxei veio um pedaço de madeira lavrada, com letra.",,,,111,7.9,Will · bIHbv24MWmeRgasZH58o · eleven_v3,,—,—,,—,só português (2D),2D,,,não toca,não toca,,,,,pendente,não (herdada do 2D),data/dialogos/aldeoes.json › pescador.assuntos[2] afinidade_fundo.fala[0]
2d.aldeoes.pescador.assunto.afinidade_fundo.2,946,8 · Herdadas do 2D (não tocam no 3D),"Não toca: o 3D não mostra os assuntos (no 2D, 'quando': afinidade_3).",Seu Jerônimo,pescador,Assunto de conversa (2D: afinidade_fundo),—,,,,,,,,"Guardei no telhado. Se você souber ler, eu te mostro.",,,,53,3.8,Will · bIHbv24MWmeRgasZH58o · eleven_v3,,—,—,,—,só português (2D),2D,,,não toca,não toca,,,,,pendente,não (herdada do 2D),data/dialogos/aldeoes.json › pescador.assuntos[2] afinidade_fundo.fala[1]
2d.aldeoes.marisqueira.gostou.1,947,8 · Herdadas do 2D (não tocam no 3D),Não toca: no 3D o presente só lê o gosto (gosta / desgosta).,Dona Rosa,marisqueira,Reação a presente que gosta (2D),—,,,,,,,,Farinha! Hoje tem moqueca de sururu.,,,,36,2.6,Ana Dias · MZxV5lN3cv7hi1376O0m · eleven_v3,,—,—,,—,só português (2D),2D,,,não toca,não toca,,,,,pendente,não (herdada do 2D),data/dialogos/aldeoes.json › marisqueira.gostou[0]
2d.aldeoes.marisqueira.gostou.2,948,8 · Herdadas do 2D (não tocam no 3D),Não toca: no 3D o presente só lê o gosto (gosta / desgosta).,Dona Rosa,marisqueira,Reação a presente que gosta (2D),—,,,,,,,,Chá de folha pra minha coluna. Quem te ensinou a cuidar de velha?,,,,65,4.6,Ana Dias · MZxV5lN3cv7hi1376O0m · eleven_v3,,—,—,,—,só português (2D),2D,,,não toca,não toca,,,,,pendente,não (herdada do 2D),data/dialogos/aldeoes.json › marisqueira.gostou[1]
2d.aldeoes.marisqueira.nao_gostou.1,949,8 · Herdadas do 2D (não tocam no 3D),Não toca: no 3D o presente só lê o gosto (gosta / desgosta).,Dona Rosa,marisqueira,Reação a presente que não aceita (2D),—,,,,,,,,"Ostra, pra mim? Você tá brincando com a marisqueira.",,,,52,3.7,Ana Dias · MZxV5lN3cv7hi1376O0m · eleven_v3,,—,—,,—,só português (2D),2D,,,não toca,não toca,,,,,pendente,não (herdada do 2D),data/dialogos/aldeoes.json › marisqueira.nao_gostou[0]
2d.aldeoes.marisqueira.nao_gostou.2,950,8 · Herdadas do 2D (não tocam no 3D),Não toca: no 3D o presente só lê o gosto (gosta / desgosta).,Dona Rosa,marisqueira,Reação a presente que não aceita (2D),—,,,,,,,,"Leve, leve. Eu já tenho o balde cheio.",,,,38,2.7,Ana Dias · MZxV5lN3cv7hi1376O0m · eleven_v3,,—,—,,—,só português (2D),2D,,,não toca,não toca,,,,,pendente,não (herdada do 2D),data/dialogos/aldeoes.json › marisqueira.nao_gostou[1]
2d.aldeoes.marisqueira.agradeceu.1,951,8 · Herdadas do 2D (não tocam no 3D),Não toca: no 3D o presente só lê o gosto (gosta / desgosta).,Dona Rosa,marisqueira,Agradece um presente (2D),—,,,,,,,,"Obrigada, meu filho. Axé.",,,,25,1.8,Ana Dias · MZxV5lN3cv7hi1376O0m · eleven_v3,,—,—,,—,só português (2D),2D,,,não toca,não toca,,,,,pendente,não (herdada do 2D),data/dialogos/aldeoes.json › marisqueira.agradeceu[0]
2d.aldeoes.marisqueira.ja_ganhou.1,952,8 · Herdadas do 2D (não tocam no 3D),Não toca: no 3D o presente só lê o gosto (gosta / desgosta).,Dona Rosa,marisqueira,Já ganhou presente hoje (2D),—,,,,,,,,"Hoje já me deu. Guarde pra amanhã, que amanhã eu também como.",,,,61,4.4,Ana Dias · MZxV5lN3cv7hi1376O0m · eleven_v3,,—,—,,—,só português (2D),2D,,,não toca,não toca,,,,,pendente,não (herdada do 2D),data/dialogos/aldeoes.json › marisqueira.ja_ganhou[0]
2d.aldeoes.marisqueira.assunto.apresentacao.1,953,8 · Herdadas do 2D (não tocam no 3D),"Não toca: o 3D não mostra os assuntos (no 2D, 'quando': sempre).",Dona Rosa,marisqueira,Assunto de conversa (2D: apresentacao),—,,,,,,,,"Rosa, marisqueira. Pego ostra e sururu na maré baixa, na lama do mangue, de manhã cedo.",,,,87,6.2,Ana Dias · MZxV5lN3cv7hi1376O0m · eleven_v3,,—,—,,—,só português (2D),2D,,,não toca,não toca,,,,,pendente,não (herdada do 2D),data/dialogos/aldeoes.json › marisqueira.assuntos[0] apresentacao.fala[0]
2d.aldeoes.marisqueira.assunto.apresentacao.2,954,8 · Herdadas do 2D (não tocam no 3D),"Não toca: o 3D não mostra os assuntos (no 2D, 'quando': sempre).",Dona Rosa,marisqueira,Assunto de conversa (2D: apresentacao),—,,,,,,,,"Ostra eu tiro, não como. Quem tira sabe o que tem por baixo.",,,,60,4.3,Ana Dias · MZxV5lN3cv7hi1376O0m · eleven_v3,,—,—,,—,só português (2D),2D,,,não toca,não toca,,,,,pendente,não (herdada do 2D),data/dialogos/aldeoes.json › marisqueira.assuntos[0] apresentacao.fala[1]
2d.aldeoes.marisqueira.assunto.apresentacao.3,955,8 · Herdadas do 2D (não tocam no 3D),"Não toca: o 3D não mostra os assuntos (no 2D, 'quando': sempre).",Dona Rosa,marisqueira,Assunto de conversa (2D: apresentacao),—,,,,,,,,"Se quiser aprender, venha às cinco com um balde e sem sapato.",,,,61,4.4,Ana Dias · MZxV5lN3cv7hi1376O0m · eleven_v3,,—,—,,—,só português (2D),2D,,,não toca,não toca,,,,,pendente,não (herdada do 2D),data/dialogos/aldeoes.json › marisqueira.assuntos[0] apresentacao.fala[2]
2d.aldeoes.marisqueira.assunto.afinidade_mangue.1,956,8 · Herdadas do 2D (não tocam no 3D),"Não toca: o 3D não mostra os assuntos (no 2D, 'quando': afinidade_2).",Dona Rosa,marisqueira,Assunto de conversa (2D: afinidade_mangue),—,,,,,,,,O mangue parece morto e é a coisa mais viva daqui: cada raiz é casa de alguma coisa.,,,,84,6,Ana Dias · MZxV5lN3cv7hi1376O0m · eleven_v3,,—,—,,—,só português (2D),2D,,,não toca,não toca,,,,,pendente,não (herdada do 2D),data/dialogos/aldeoes.json › marisqueira.assuntos[1] afinidade_mangue.fala[0]
2d.aldeoes.marisqueira.assunto.afinidade_mangue.2,957,8 · Herdadas do 2D (não tocam no 3D),"Não toca: o 3D não mostra os assuntos (no 2D, 'quando': afinidade_2).",Dona Rosa,marisqueira,Assunto de conversa (2D: afinidade_mangue),—,,,,,,,,Minha mãe dizia que o mangue é a cozinha de Iemanjá. A gente entra com licença e sai com o que ela deixa.,,,,105,7.5,Ana Dias · MZxV5lN3cv7hi1376O0m · eleven_v3,,—,—,,—,só português (2D),2D,,,não toca,não toca,,,,,pendente,não (herdada do 2D),data/dialogos/aldeoes.json › marisqueira.assuntos[1] afinidade_mangue.fala[1]
2d.aldeoes.marisqueira.assunto.afinidade_filha.1,958,8 · Herdadas do 2D (não tocam no 3D),"Não toca: o 3D não mostra os assuntos (no 2D, 'quando': afinidade_3).",Dona Rosa,marisqueira,Assunto de conversa (2D: afinidade_filha),—,,,,,,,,Tive uma filha que foi pra Salvador servir em casa de família. Escreve de ano em ano. Diz que tá bem.,,,,101,7.2,Ana Dias · MZxV5lN3cv7hi1376O0m · eleven_v3,,—,—,,—,só português (2D),2D,,,não toca,não toca,,,,,pendente,não (herdada do 2D),data/dialogos/aldeoes.json › marisqueira.assuntos[2] afinidade_filha.fala[0]
2d.aldeoes.marisqueira.assunto.afinidade_filha.2,959,8 · Herdadas do 2D (não tocam no 3D),"Não toca: o 3D não mostra os assuntos (no 2D, 'quando': afinidade_3).",Dona Rosa,marisqueira,Assunto de conversa (2D: afinidade_filha),—,,,,,,,,Toda carta eu peço pro padre ler duas vezes. Na segunda eu escuto o que ela não escreveu.,,,,89,6.4,Ana Dias · MZxV5lN3cv7hi1376O0m · eleven_v3,,—,—,,—,só português (2D),2D,,,não toca,não toca,,,,,pendente,não (herdada do 2D),data/dialogos/aldeoes.json › marisqueira.assuntos[2] afinidade_filha.fala[1]
2d.aldeoes.lavadeira.gostou.1,960,8 · Herdadas do 2D (não tocam no 3D),Não toca: no 3D o presente só lê o gosto (gosta / desgosta).,Sá Rita,lavadeira,Reação a presente que gosta (2D),—,,,,,,,,Cocada! Vou comer escondida do meu homem.,,,,41,2.9,Ana Alice · ORgG8rwdAiMYRug8RJwR · eleven_v3,,—,—,,—,só português (2D),2D,,,não toca,não toca,,,,,pendente,não (herdada do 2D),data/dialogos/aldeoes.json › lavadeira.gostou[0]
2d.aldeoes.lavadeira.gostou.2,961,8 · Herdadas do 2D (não tocam no 3D),Não toca: no 3D o presente só lê o gosto (gosta / desgosta).,Sá Rita,lavadeira,Reação a presente que gosta (2D),—,,,,,,,,Lenha seca pra ferver a roupa. Você entende de serviço.,,,,55,3.9,Ana Alice · ORgG8rwdAiMYRug8RJwR · eleven_v3,,—,—,,—,só português (2D),2D,,,não toca,não toca,,,,,pendente,não (herdada do 2D),data/dialogos/aldeoes.json › lavadeira.gostou[1]
2d.aldeoes.lavadeira.nao_gostou.1,962,8 · Herdadas do 2D (não tocam no 3D),Não toca: no 3D o presente só lê o gosto (gosta / desgosta).,Sá Rita,lavadeira,Reação a presente que não aceita (2D),—,,,,,,,,Pedra? Eu bato roupa em pedra o dia inteiro.,,,,44,3.1,Ana Alice · ORgG8rwdAiMYRug8RJwR · eleven_v3,,—,—,,—,só português (2D),2D,,,não toca,não toca,,,,,pendente,não (herdada do 2D),data/dialogos/aldeoes.json › lavadeira.nao_gostou[0]
2d.aldeoes.lavadeira.nao_gostou.2,963,8 · Herdadas do 2D (não tocam no 3D),Não toca: no 3D o presente só lê o gosto (gosta / desgosta).,Sá Rita,lavadeira,Reação a presente que não aceita (2D),—,,,,,,,,"Guarde isso, menino.",,,,20,1.5,Ana Alice · ORgG8rwdAiMYRug8RJwR · eleven_v3,,—,—,,—,só português (2D),2D,,,não toca,não toca,,,,,pendente,não (herdada do 2D),data/dialogos/aldeoes.json › lavadeira.nao_gostou[1]
2d.aldeoes.lavadeira.agradeceu.1,964,8 · Herdadas do 2D (não tocam no 3D),Não toca: no 3D o presente só lê o gosto (gosta / desgosta).,Sá Rita,lavadeira,Agradece um presente (2D),—,,,,,,,,Obrigada. Axé pra você.,,,,23,1.6,Ana Alice · ORgG8rwdAiMYRug8RJwR · eleven_v3,,—,—,,—,só português (2D),2D,,,não toca,não toca,,,,,pendente,não (herdada do 2D),data/dialogos/aldeoes.json › lavadeira.agradeceu[0]
2d.aldeoes.lavadeira.ja_ganhou.1,965,8 · Herdadas do 2D (não tocam no 3D),Não toca: no 3D o presente só lê o gosto (gosta / desgosta).,Sá Rita,lavadeira,Já ganhou presente hoje (2D),—,,,,,,,,Hoje já me deu. Roupa lavada não precisa de dois sabões.,,,,56,4,Ana Alice · ORgG8rwdAiMYRug8RJwR · eleven_v3,,—,—,,—,só português (2D),2D,,,não toca,não toca,,,,,pendente,não (herdada do 2D),data/dialogos/aldeoes.json › lavadeira.ja_ganhou[0]
2d.aldeoes.lavadeira.assunto.apresentacao.1,966,8 · Herdadas do 2D (não tocam no 3D),"Não toca: o 3D não mostra os assuntos (no 2D, 'quando': sempre).",Sá Rita,lavadeira,Assunto de conversa (2D: apresentacao),—,,,,,,,,"Rita, lavadeira. Lavo roupa do padre, da venda e de quem paga, na beira do rio, onde a água corre limpa.",,,,104,7.4,Ana Alice · ORgG8rwdAiMYRug8RJwR · eleven_v3,,—,—,,—,só português (2D),2D,,,não toca,não toca,,,,,pendente,não (herdada do 2D),data/dialogos/aldeoes.json › lavadeira.assuntos[0] apresentacao.fala[0]
2d.aldeoes.lavadeira.assunto.apresentacao.2,967,8 · Herdadas do 2D (não tocam no 3D),"Não toca: o 3D não mostra os assuntos (no 2D, 'quando': sempre).",Sá Rita,lavadeira,Assunto de conversa (2D: apresentacao),—,,,,,,,,"Roupa conta a vida de quem veste: eu sei quem suou, quem chorou e quem comeu demais.",,,,84,6,Ana Alice · ORgG8rwdAiMYRug8RJwR · eleven_v3,,—,—,,—,só português (2D),2D,,,não toca,não toca,,,,,pendente,não (herdada do 2D),data/dialogos/aldeoes.json › lavadeira.assuntos[0] apresentacao.fala[1]
2d.aldeoes.lavadeira.assunto.apresentacao.3,968,8 · Herdadas do 2D (não tocam no 3D),"Não toca: o 3D não mostra os assuntos (no 2D, 'quando': sempre).",Sá Rita,lavadeira,Assunto de conversa (2D: apresentacao),—,,,,,,,,A sua eu lavo de graça na primeira semana. Depois é farinha ou moeda.,,,,69,4.9,Ana Alice · ORgG8rwdAiMYRug8RJwR · eleven_v3,,—,—,,—,só português (2D),2D,,,não toca,não toca,,,,,pendente,não (herdada do 2D),data/dialogos/aldeoes.json › lavadeira.assuntos[0] apresentacao.fala[2]
2d.aldeoes.lavadeira.assunto.afinidade_rio.1,969,8 · Herdadas do 2D (não tocam no 3D),"Não toca: o 3D não mostra os assuntos (no 2D, 'quando': afinidade_2).",Sá Rita,lavadeira,Assunto de conversa (2D: afinidade_rio),—,,,,,,,,"O rio grande, lá pro norte, eu não lavo. A água é bonita, mas a roupa sai pesada e com cheiro de ferrugem.",,,,106,7.6,Ana Alice · ORgG8rwdAiMYRug8RJwR · eleven_v3,,—,—,,—,só português (2D),2D,,,não toca,não toca,,,,,pendente,não (herdada do 2D),data/dialogos/aldeoes.json › lavadeira.assuntos[1] afinidade_rio.fala[0]
2d.aldeoes.lavadeira.assunto.afinidade_rio.2,970,8 · Herdadas do 2D (não tocam no 3D),"Não toca: o 3D não mostra os assuntos (no 2D, 'quando': afinidade_2).",Sá Rita,lavadeira,Assunto de conversa (2D: afinidade_rio),—,,,,,,,,"Tem coisa naquela água que não é terra. Lavo no riacho, que é de Oxum.",,,,70,5,Ana Alice · ORgG8rwdAiMYRug8RJwR · eleven_v3,,—,—,,—,só português (2D),2D,,,não toca,não toca,,,,,pendente,não (herdada do 2D),data/dialogos/aldeoes.json › lavadeira.assuntos[1] afinidade_rio.fala[1]
2d.aldeoes.lavadeira.assunto.afinidade_cantar.1,971,8 · Herdadas do 2D (não tocam no 3D),"Não toca: o 3D não mostra os assuntos (no 2D, 'quando': afinidade_3).",Sá Rita,lavadeira,Assunto de conversa (2D: afinidade_cantar),—,,,,,,,,"Lavando eu canto, e cantando eu lembro. Minha avó cantava em língua que ninguém mais sabe.",,,,90,6.4,Ana Alice · ORgG8rwdAiMYRug8RJwR · eleven_v3,,—,—,,—,só português (2D),2D,,,não toca,não toca,,,,,pendente,não (herdada do 2D),data/dialogos/aldeoes.json › lavadeira.assuntos[2] afinidade_cantar.fala[0]
2d.aldeoes.lavadeira.assunto.afinidade_cantar.2,972,8 · Herdadas do 2D (não tocam no 3D),"Não toca: o 3D não mostra os assuntos (no 2D, 'quando': afinidade_3).",Sá Rita,lavadeira,Assunto de conversa (2D: afinidade_cantar),—,,,,,,,,"Se um dia você me ouvir cantando baixo, não chegue. É conversa com quem já foi.",,,,79,5.6,Ana Alice · ORgG8rwdAiMYRug8RJwR · eleven_v3,,—,—,,—,só português (2D),2D,,,não toca,não toca,,,,,pendente,não (herdada do 2D),data/dialogos/aldeoes.json › lavadeira.assuntos[2] afinidade_cantar.fala[1]
2d.aldeoes.rendeira.gostou.1,973,8 · Herdadas do 2D (não tocam no 3D),Não toca: no 3D o presente só lê o gosto (gosta / desgosta).,Dona Estefânia,rendeira,Reação a presente que gosta (2D),—,,,,,,,,Um cordel! Vou ler enquanto o bilro descansa.,,,,45,3.2,Lily · pFZP5JQG7iQjIQuC4Bku · eleven_v3,,—,—,,—,só português (2D),2D,,,não toca,não toca,,,,,pendente,não (herdada do 2D),data/dialogos/aldeoes.json › rendeira.gostou[0]
2d.aldeoes.rendeira.gostou.2,974,8 · Herdadas do 2D (não tocam no 3D),Não toca: no 3D o presente só lê o gosto (gosta / desgosta).,Dona Estefânia,rendeira,Reação a presente que gosta (2D),—,,,,,,,,Lampião! Agora eu rendo até de noite.,,,,37,2.6,Lily · pFZP5JQG7iQjIQuC4Bku · eleven_v3,,—,—,,—,só português (2D),2D,,,não toca,não toca,,,,,pendente,não (herdada do 2D),data/dialogos/aldeoes.json › rendeira.gostou[1]
2d.aldeoes.rendeira.nao_gostou.1,975,8 · Herdadas do 2D (não tocam no 3D),Não toca: no 3D o presente só lê o gosto (gosta / desgosta).,Dona Estefânia,rendeira,Reação a presente que não aceita (2D),—,,,,,,,,"Lenha? Eu não cozinho, menino, eu rendo.",,,,40,2.9,Lily · pFZP5JQG7iQjIQuC4Bku · eleven_v3,,—,—,,—,só português (2D),2D,,,não toca,não toca,,,,,pendente,não (herdada do 2D),data/dialogos/aldeoes.json › rendeira.nao_gostou[0]
2d.aldeoes.rendeira.nao_gostou.2,976,8 · Herdadas do 2D (não tocam no 3D),Não toca: no 3D o presente só lê o gosto (gosta / desgosta).,Dona Estefânia,rendeira,Reação a presente que não aceita (2D),—,,,,,,,,Leve pra Sá Rita.,,,,17,1.5,Lily · pFZP5JQG7iQjIQuC4Bku · eleven_v3,,—,—,,—,só português (2D),2D,,,não toca,não toca,,,,,pendente,não (herdada do 2D),data/dialogos/aldeoes.json › rendeira.nao_gostou[1]
2d.aldeoes.rendeira.agradeceu.1,977,8 · Herdadas do 2D (não tocam no 3D),Não toca: no 3D o presente só lê o gosto (gosta / desgosta).,Dona Estefânia,rendeira,Agradece um presente (2D),—,,,,,,,,"Obrigada, meu filho. Deus lhe dê olhos bons.",,,,44,3.1,Lily · pFZP5JQG7iQjIQuC4Bku · eleven_v3,,—,—,,—,só português (2D),2D,,,não toca,não toca,,,,,pendente,não (herdada do 2D),data/dialogos/aldeoes.json › rendeira.agradeceu[0]
2d.aldeoes.rendeira.ja_ganhou.1,978,8 · Herdadas do 2D (não tocam no 3D),Não toca: no 3D o presente só lê o gosto (gosta / desgosta).,Dona Estefânia,rendeira,Já ganhou presente hoje (2D),—,,,,,,,,"Hoje já, meu filho. Guarde.",,,,27,1.9,Lily · pFZP5JQG7iQjIQuC4Bku · eleven_v3,,—,—,,—,só português (2D),2D,,,não toca,não toca,,,,,pendente,não (herdada do 2D),data/dialogos/aldeoes.json › rendeira.ja_ganhou[0]
2d.aldeoes.rendeira.assunto.apresentacao.1,979,8 · Herdadas do 2D (não tocam no 3D),"Não toca: o 3D não mostra os assuntos (no 2D, 'quando': sempre).",Dona Estefânia,rendeira,Assunto de conversa (2D: apresentacao),—,,,,,,,,"Estefânia, rendeira. Faço renda de bilro na janela, e o que faço vai pra Salvador vestir noiva.",,,,95,6.8,Lily · pFZP5JQG7iQjIQuC4Bku · eleven_v3,,—,—,,—,só português (2D),2D,,,não toca,não toca,,,,,pendente,não (herdada do 2D),data/dialogos/aldeoes.json › rendeira.assuntos[0] apresentacao.fala[0]
2d.aldeoes.rendeira.assunto.apresentacao.2,980,8 · Herdadas do 2D (não tocam no 3D),"Não toca: o 3D não mostra os assuntos (no 2D, 'quando': sempre).",Dona Estefânia,rendeira,Assunto de conversa (2D: apresentacao),—,,,,,,,,"Renda é tempo: um palmo leva um dia, e ninguém paga o dia, só o palmo.",,,,70,5,Lily · pFZP5JQG7iQjIQuC4Bku · eleven_v3,,—,—,,—,só português (2D),2D,,,não toca,não toca,,,,,pendente,não (herdada do 2D),data/dialogos/aldeoes.json › rendeira.assuntos[0] apresentacao.fala[1]
2d.aldeoes.rendeira.assunto.apresentacao.3,981,8 · Herdadas do 2D (não tocam no 3D),"Não toca: o 3D não mostra os assuntos (no 2D, 'quando': sempre).",Dona Estefânia,rendeira,Assunto de conversa (2D: apresentacao),—,,,,,,,,"Seu tio me encomendou uma toalha e nunca buscou. Ainda está aqui, dobrada.",,,,74,5.3,Lily · pFZP5JQG7iQjIQuC4Bku · eleven_v3,,—,—,,—,só português (2D),2D,,,não toca,não toca,,,,,pendente,não (herdada do 2D),data/dialogos/aldeoes.json › rendeira.assuntos[0] apresentacao.fala[2]
2d.aldeoes.rendeira.assunto.afinidade_janela.1,982,8 · Herdadas do 2D (não tocam no 3D),"Não toca: o 3D não mostra os assuntos (no 2D, 'quando': afinidade_2).",Dona Estefânia,rendeira,Assunto de conversa (2D: afinidade_janela),—,,,,,,,,Da minha janela vejo a praça inteira sem ninguém me ver. Rendeira é espia sem querer.,,,,85,6.1,Lily · pFZP5JQG7iQjIQuC4Bku · eleven_v3,,—,—,,—,só português (2D),2D,,,não toca,não toca,,,,,pendente,não (herdada do 2D),data/dialogos/aldeoes.json › rendeira.assuntos[1] afinidade_janela.fala[0]
2d.aldeoes.rendeira.assunto.afinidade_janela.2,983,8 · Herdadas do 2D (não tocam no 3D),"Não toca: o 3D não mostra os assuntos (no 2D, 'quando': afinidade_2).",Dona Estefânia,rendeira,Assunto de conversa (2D: afinidade_janela),—,,,,,,,,Vi você chegar com o Pedro. Vi o Tonho rindo. Faz tempo que o Tonho não ria.,,,,76,5.4,Lily · pFZP5JQG7iQjIQuC4Bku · eleven_v3,,—,—,,—,só português (2D),2D,,,não toca,não toca,,,,,pendente,não (herdada do 2D),data/dialogos/aldeoes.json › rendeira.assuntos[1] afinidade_janela.fala[1]
2d.aldeoes.rendeira.assunto.afinidade_toalha.1,984,8 · Herdadas do 2D (não tocam no 3D),"Não toca: o 3D não mostra os assuntos (no 2D, 'quando': afinidade_3).",Dona Estefânia,rendeira,Assunto de conversa (2D: afinidade_toalha),—,,,,,,,,"A toalha do seu tio é sua, se quiser. Tem o nome dele na borda, em ponto cheio.",,,,79,5.6,Lily · pFZP5JQG7iQjIQuC4Bku · eleven_v3,,—,—,,—,só português (2D),2D,,,não toca,não toca,,,,,pendente,não (herdada do 2D),data/dialogos/aldeoes.json › rendeira.assuntos[2] afinidade_toalha.fala[0]
2d.aldeoes.rendeira.assunto.afinidade_toalha.2,985,8 · Herdadas do 2D (não tocam no 3D),"Não toca: o 3D não mostra os assuntos (no 2D, 'quando': afinidade_3).",Dona Estefânia,rendeira,Assunto de conversa (2D: afinidade_toalha),—,,,,,,,,Ele pediu que fosse branca de todo. Disse que era pra mesa de alguém que ia chegar.,,,,83,5.9,Lily · pFZP5JQG7iQjIQuC4Bku · eleven_v3,,—,—,,—,só português (2D),2D,,,não toca,não toca,,,,,pendente,não (herdada do 2D),data/dialogos/aldeoes.json › rendeira.assuntos[2] afinidade_toalha.fala[1]
2d.aldeoes.quituteira.gostou.1,986,8 · Herdadas do 2D (não tocam no 3D),Não toca: no 3D o presente só lê o gosto (gosta / desgosta).,Dona Ambrósia,quituteira,Reação a presente que gosta (2D),—,,,,,,,,Farinha fina! Hoje o beiju fica rendado.,,,,40,2.9,Jessica · cgSgspJ2msm6clMCkdW9 · eleven_v3,,—,—,,—,só português (2D),2D,,,não toca,não toca,,,,,pendente,não (herdada do 2D),data/dialogos/aldeoes.json › quituteira.gostou[0]
2d.aldeoes.quituteira.gostou.2,987,8 · Herdadas do 2D (não tocam no 3D),Não toca: no 3D o presente só lê o gosto (gosta / desgosta).,Dona Ambrósia,quituteira,Reação a presente que gosta (2D),—,,,,,,,,Ovo! O bolo de milho agradece.,,,,30,2.1,Jessica · cgSgspJ2msm6clMCkdW9 · eleven_v3,,—,—,,—,só português (2D),2D,,,não toca,não toca,,,,,pendente,não (herdada do 2D),data/dialogos/aldeoes.json › quituteira.gostou[1]
2d.aldeoes.quituteira.nao_gostou.1,988,8 · Herdadas do 2D (não tocam no 3D),Não toca: no 3D o presente só lê o gosto (gosta / desgosta).,Dona Ambrósia,quituteira,Reação a presente que não aceita (2D),—,,,,,,,,"Peixe assado? Eu sou a que cozinha, meu filho.",,,,46,3.3,Jessica · cgSgspJ2msm6clMCkdW9 · eleven_v3,,—,—,,—,só português (2D),2D,,,não toca,não toca,,,,,pendente,não (herdada do 2D),data/dialogos/aldeoes.json › quituteira.nao_gostou[0]
2d.aldeoes.quituteira.nao_gostou.2,989,8 · Herdadas do 2D (não tocam no 3D),Não toca: no 3D o presente só lê o gosto (gosta / desgosta).,Dona Ambrósia,quituteira,Reação a presente que não aceita (2D),—,,,,,,,,"Leve pro guarda, que ele come de tudo.",,,,38,2.7,Jessica · cgSgspJ2msm6clMCkdW9 · eleven_v3,,—,—,,—,só português (2D),2D,,,não toca,não toca,,,,,pendente,não (herdada do 2D),data/dialogos/aldeoes.json › quituteira.nao_gostou[1]
2d.aldeoes.quituteira.agradeceu.1,990,8 · Herdadas do 2D (não tocam no 3D),Não toca: no 3D o presente só lê o gosto (gosta / desgosta).,Dona Ambrósia,quituteira,Agradece um presente (2D),—,,,,,,,,"Obrigada. Leva um beiju aí, vai.",,,,32,2.3,Jessica · cgSgspJ2msm6clMCkdW9 · eleven_v3,,—,—,,—,só português (2D),2D,,,não toca,não toca,,,,,pendente,não (herdada do 2D),data/dialogos/aldeoes.json › quituteira.agradeceu[0]
2d.aldeoes.quituteira.ja_ganhou.1,991,8 · Herdadas do 2D (não tocam no 3D),Não toca: no 3D o presente só lê o gosto (gosta / desgosta).,Dona Ambrósia,quituteira,Já ganhou presente hoje (2D),—,,,,,,,,"Hoje já, meu filho. Guarde.",,,,27,1.9,Jessica · cgSgspJ2msm6clMCkdW9 · eleven_v3,,—,—,,—,só português (2D),2D,,,não toca,não toca,,,,,pendente,não (herdada do 2D),data/dialogos/aldeoes.json › quituteira.ja_ganhou[0]
2d.aldeoes.quituteira.assunto.apresentacao.1,992,8 · Herdadas do 2D (não tocam no 3D),"Não toca: o 3D não mostra os assuntos (no 2D, 'quando': sempre).",Dona Ambrósia,quituteira,Assunto de conversa (2D: apresentacao),—,,,,,,,,"Ambrósia. Faço acarajé, beiju e cocada, e vendo no tabuleiro da praça à tarde.",,,,78,5.6,Jessica · cgSgspJ2msm6clMCkdW9 · eleven_v3,,—,—,,—,só português (2D),2D,,,não toca,não toca,,,,,pendente,não (herdada do 2D),data/dialogos/aldeoes.json › quituteira.assuntos[0] apresentacao.fala[0]
2d.aldeoes.quituteira.assunto.apresentacao.2,993,8 · Herdadas do 2D (não tocam no 3D),"Não toca: o 3D não mostra os assuntos (no 2D, 'quando': sempre).",Dona Ambrósia,quituteira,Assunto de conversa (2D: apresentacao),—,,,,,,,,O acarajé é de Iansã antes de ser meu. Por isso o primeiro do dia vai pro chão.,,,,79,5.6,Jessica · cgSgspJ2msm6clMCkdW9 · eleven_v3,,—,—,,—,só português (2D),2D,,,não toca,não toca,,,,,pendente,não (herdada do 2D),data/dialogos/aldeoes.json › quituteira.assuntos[0] apresentacao.fala[1]
2d.aldeoes.quituteira.assunto.apresentacao.3,994,8 · Herdadas do 2D (não tocam no 3D),"Não toca: o 3D não mostra os assuntos (no 2D, 'quando': sempre).",Dona Ambrósia,quituteira,Assunto de conversa (2D: apresentacao),—,,,,,,,,"Se tiver fome e não tiver moeda, come e paga quando puder. Fome não espera safra.",,,,81,5.8,Jessica · cgSgspJ2msm6clMCkdW9 · eleven_v3,,—,—,,—,só português (2D),2D,,,não toca,não toca,,,,,pendente,não (herdada do 2D),data/dialogos/aldeoes.json › quituteira.assuntos[0] apresentacao.fala[2]
2d.aldeoes.quituteira.assunto.afinidade_tabuleiro.1,995,8 · Herdadas do 2D (não tocam no 3D),"Não toca: o 3D não mostra os assuntos (no 2D, 'quando': afinidade_2).",Dona Ambrósia,quituteira,Assunto de conversa (2D: afinidade_tabuleiro),—,,,,,,,,"Esse tabuleiro era da minha mãe, e o pano é o mesmo. O arraial inteiro já comeu dele.",,,,85,6.1,Jessica · cgSgspJ2msm6clMCkdW9 · eleven_v3,,—,—,,—,só português (2D),2D,,,não toca,não toca,,,,,pendente,não (herdada do 2D),data/dialogos/aldeoes.json › quituteira.assuntos[1] afinidade_tabuleiro.fala[0]
2d.aldeoes.quituteira.assunto.afinidade_tabuleiro.2,996,8 · Herdadas do 2D (não tocam no 3D),"Não toca: o 3D não mostra os assuntos (no 2D, 'quando': afinidade_2).",Dona Ambrósia,quituteira,Assunto de conversa (2D: afinidade_tabuleiro),—,,,,,,,,"A Mariinha é minha filha. Se ela te pedir cocada, diga que a mãe disse não.",,,,75,5.4,Jessica · cgSgspJ2msm6clMCkdW9 · eleven_v3,,—,—,,—,só português (2D),2D,,,não toca,não toca,,,,,pendente,não (herdada do 2D),data/dialogos/aldeoes.json › quituteira.assuntos[1] afinidade_tabuleiro.fala[1]
2d.aldeoes.quituteira.assunto.afinidade_chamado.1,997,8 · Herdadas do 2D (não tocam no 3D),"Não toca: o 3D não mostra os assuntos (no 2D, 'quando': afinidade_3).",Dona Ambrósia,quituteira,Assunto de conversa (2D: afinidade_chamado),—,,,,,,,,Eu fui feita no terreiro aos quinze anos. Minha mãe de santo dizia que eu tinha mão de fogo.,,,,92,6.6,Jessica · cgSgspJ2msm6clMCkdW9 · eleven_v3,,—,—,,—,só português (2D),2D,,,não toca,não toca,,,,,pendente,não (herdada do 2D),data/dialogos/aldeoes.json › quituteira.assuntos[2] afinidade_chamado.fala[0]
2d.aldeoes.quituteira.assunto.afinidade_chamado.2,998,8 · Herdadas do 2D (não tocam no 3D),"Não toca: o 3D não mostra os assuntos (no 2D, 'quando': afinidade_3).",Dona Ambrósia,quituteira,Assunto de conversa (2D: afinidade_chamado),—,,,,,,,,Mão de fogo é boa pra cozinha e ruim pra briga. Até hoje eu escolho a cozinha.,,,,78,5.6,Jessica · cgSgspJ2msm6clMCkdW9 · eleven_v3,,—,—,,—,só português (2D),2D,,,não toca,não toca,,,,,pendente,não (herdada do 2D),data/dialogos/aldeoes.json › quituteira.assuntos[2] afinidade_chamado.fala[1]
2d.aldeoes.carpinteiro.gostou.1,999,8 · Herdadas do 2D (não tocam no 3D),Não toca: no 3D o presente só lê o gosto (gosta / desgosta).,Seu Epifânio,carpinteiro,Reação a presente que gosta (2D),—,,,,,,,,Tábua aplainada! Você sabe o que eu preciso.,,,,44,3.1,Eric · cjVigY5qzO86Huf0OWal · eleven_v3,,—,—,,—,só português (2D),2D,,,não toca,não toca,,,,,pendente,não (herdada do 2D),data/dialogos/aldeoes.json › carpinteiro.gostou[0]
2d.aldeoes.carpinteiro.gostou.2,1000,8 · Herdadas do 2D (não tocam no 3D),Não toca: no 3D o presente só lê o gosto (gosta / desgosta).,Seu Epifânio,carpinteiro,Reação a presente que gosta (2D),—,,,,,,,,"Madeira de coqueiro é dura, mas faz remo que dura.",,,,50,3.6,Eric · cjVigY5qzO86Huf0OWal · eleven_v3,,—,—,,—,só português (2D),2D,,,não toca,não toca,,,,,pendente,não (herdada do 2D),data/dialogos/aldeoes.json › carpinteiro.gostou[1]
2d.aldeoes.carpinteiro.nao_gostou.1,1001,8 · Herdadas do 2D (não tocam no 3D),Não toca: no 3D o presente só lê o gosto (gosta / desgosta).,Seu Epifânio,carpinteiro,Reação a presente que não aceita (2D),—,,,,,,,,Cana? Eu não bebo e não planto.,,,,31,2.2,Eric · cjVigY5qzO86Huf0OWal · eleven_v3,,—,—,,—,só português (2D),2D,,,não toca,não toca,,,,,pendente,não (herdada do 2D),data/dialogos/aldeoes.json › carpinteiro.nao_gostou[0]
2d.aldeoes.carpinteiro.nao_gostou.2,1002,8 · Herdadas do 2D (não tocam no 3D),Não toca: no 3D o presente só lê o gosto (gosta / desgosta).,Seu Epifânio,carpinteiro,Reação a presente que não aceita (2D),—,,,,,,,,Leve pra Dona Candinha.,,,,23,1.6,Eric · cjVigY5qzO86Huf0OWal · eleven_v3,,—,—,,—,só português (2D),2D,,,não toca,não toca,,,,,pendente,não (herdada do 2D),data/dialogos/aldeoes.json › carpinteiro.nao_gostou[1]
2d.aldeoes.carpinteiro.agradeceu.1,1003,8 · Herdadas do 2D (não tocam no 3D),Não toca: no 3D o presente só lê o gosto (gosta / desgosta).,Seu Epifânio,carpinteiro,Agradece um presente (2D),—,,,,,,,,"Obrigado. Precisando de canoa, me procure.",,,,42,3,Eric · cjVigY5qzO86Huf0OWal · eleven_v3,,—,—,,—,só português (2D),2D,,,não toca,não toca,,,,,pendente,não (herdada do 2D),data/dialogos/aldeoes.json › carpinteiro.agradeceu[0]
2d.aldeoes.carpinteiro.ja_ganhou.1,1004,8 · Herdadas do 2D (não tocam no 3D),Não toca: no 3D o presente só lê o gosto (gosta / desgosta).,Seu Epifânio,carpinteiro,Já ganhou presente hoje (2D),—,,,,,,,,Hoje já. Não gosto de dever.,,,,28,2,Eric · cjVigY5qzO86Huf0OWal · eleven_v3,,—,—,,—,só português (2D),2D,,,não toca,não toca,,,,,pendente,não (herdada do 2D),data/dialogos/aldeoes.json › carpinteiro.ja_ganhou[0]
2d.aldeoes.carpinteiro.assunto.apresentacao.1,1005,8 · Herdadas do 2D (não tocam no 3D),"Não toca: o 3D não mostra os assuntos (no 2D, 'quando': sempre).",Seu Epifânio,carpinteiro,Assunto de conversa (2D: apresentacao),—,,,,,,,,"Epifânio, carpinteiro. Faço canoa, remo, porta e caixão — na ordem em que o arraial precisa.",,,,92,6.6,Eric · cjVigY5qzO86Huf0OWal · eleven_v3,,—,—,,—,só português (2D),2D,,,não toca,não toca,,,,,pendente,não (herdada do 2D),data/dialogos/aldeoes.json › carpinteiro.assuntos[0] apresentacao.fala[0]
2d.aldeoes.carpinteiro.assunto.apresentacao.2,1006,8 · Herdadas do 2D (não tocam no 3D),"Não toca: o 3D não mostra os assuntos (no 2D, 'quando': sempre).",Seu Epifânio,carpinteiro,Assunto de conversa (2D: apresentacao),—,,,,,,,,"Madeira boa pra canoa é a que o mato dá, e o mato só dá se a gente pede.",,,,72,5.1,Eric · cjVigY5qzO86Huf0OWal · eleven_v3,,—,—,,—,só português (2D),2D,,,não toca,não toca,,,,,pendente,não (herdada do 2D),data/dialogos/aldeoes.json › carpinteiro.assuntos[0] apresentacao.fala[1]
2d.aldeoes.carpinteiro.assunto.apresentacao.3,1007,8 · Herdadas do 2D (não tocam no 3D),"Não toca: o 3D não mostra os assuntos (no 2D, 'quando': sempre).",Seu Epifânio,carpinteiro,Assunto de conversa (2D: apresentacao),—,,,,,,,,"O Tonico é meu filho. Se ele te amolar, mande pra casa.",,,,55,3.9,Eric · cjVigY5qzO86Huf0OWal · eleven_v3,,—,—,,—,só português (2D),2D,,,não toca,não toca,,,,,pendente,não (herdada do 2D),data/dialogos/aldeoes.json › carpinteiro.assuntos[0] apresentacao.fala[2]
2d.aldeoes.carpinteiro.assunto.afinidade_canoa.1,1008,8 · Herdadas do 2D (não tocam no 3D),"Não toca: o 3D não mostra os assuntos (no 2D, 'quando': afinidade_2).",Seu Epifânio,carpinteiro,Assunto de conversa (2D: afinidade_canoa),—,,,,,,,,"Canoa de um pau só, cavada no fogo. Levo um mês em cada uma, e vendo pra quem tem rio.",,,,86,6.1,Eric · cjVigY5qzO86Huf0OWal · eleven_v3,,—,—,,—,só português (2D),2D,,,não toca,não toca,,,,,pendente,não (herdada do 2D),data/dialogos/aldeoes.json › carpinteiro.assuntos[1] afinidade_canoa.fala[0]
2d.aldeoes.carpinteiro.assunto.afinidade_canoa.2,1009,8 · Herdadas do 2D (não tocam no 3D),"Não toca: o 3D não mostra os assuntos (no 2D, 'quando': afinidade_2).",Seu Epifânio,carpinteiro,Assunto de conversa (2D: afinidade_canoa),—,,,,,,,,"A do Tonho fui eu que fiz, há dez anos. Ele não usa mais. Pergunte a ele por quê.",,,,81,5.8,Eric · cjVigY5qzO86Huf0OWal · eleven_v3,,—,—,,—,só português (2D),2D,,,não toca,não toca,,,,,pendente,não (herdada do 2D),data/dialogos/aldeoes.json › carpinteiro.assuntos[1] afinidade_canoa.fala[1]
2d.aldeoes.carpinteiro.assunto.afinidade_pedido.1,1010,8 · Herdadas do 2D (não tocam no 3D),"Não toca: o 3D não mostra os assuntos (no 2D, 'quando': afinidade_3).",Seu Epifânio,carpinteiro,Assunto de conversa (2D: afinidade_pedido),—,,,,,,,,"Antes de derrubar uma árvore eu bato três vezes no tronco e espero. Se o mato responder, eu não corto.",,,,102,7.3,Eric · cjVigY5qzO86Huf0OWal · eleven_v3,,—,—,,—,só português (2D),2D,,,não toca,não toca,,,,,pendente,não (herdada do 2D),data/dialogos/aldeoes.json › carpinteiro.assuntos[2] afinidade_pedido.fala[0]
2d.aldeoes.carpinteiro.assunto.afinidade_pedido.2,1011,8 · Herdadas do 2D (não tocam no 3D),"Não toca: o 3D não mostra os assuntos (no 2D, 'quando': afinidade_3).",Seu Epifânio,carpinteiro,Assunto de conversa (2D: afinidade_pedido),—,,,,,,,,"Você ri. Seu tio também ria, até o dia em que a jaqueira dele caiu sozinha em cima do roçado.",,,,93,6.6,Eric · cjVigY5qzO86Huf0OWal · eleven_v3,,—,—,,—,só português (2D),2D,,,não toca,não toca,,,,,pendente,não (herdada do 2D),data/dialogos/aldeoes.json › carpinteiro.assuntos[2] afinidade_pedido.fala[1]
2d.aldeoes.menino.gostou.1,1012,8 · Herdadas do 2D (não tocam no 3D),Não toca: no 3D o presente só lê o gosto (gosta / desgosta).,Tonico,menino,Reação a presente que gosta (2D),—,,,,,,,,Cocada! Você é o melhor adulto do arraial.,,,,42,3,Liam · TX3LPaxmHKxFdv7VOQHJ · eleven_v3,,—,—,,—,só português (2D),2D,,,não toca,não toca,,,,,pendente,não (herdada do 2D),data/dialogos/aldeoes.json › menino.gostou[0]
2d.aldeoes.menino.gostou.2,1013,8 · Herdadas do 2D (não tocam no 3D),Não toca: no 3D o presente só lê o gosto (gosta / desgosta).,Tonico,menino,Reação a presente que gosta (2D),—,,,,,,,,Manga! Vou comer na árvore.,,,,27,1.9,Liam · TX3LPaxmHKxFdv7VOQHJ · eleven_v3,,—,—,,—,só português (2D),2D,,,não toca,não toca,,,,,pendente,não (herdada do 2D),data/dialogos/aldeoes.json › menino.gostou[1]
2d.aldeoes.menino.nao_gostou.1,1014,8 · Herdadas do 2D (não tocam no 3D),Não toca: no 3D o presente só lê o gosto (gosta / desgosta).,Tonico,menino,Reação a presente que não aceita (2D),—,,,,,,,,Chá? Eca. Isso é coisa de doente.,,,,33,2.4,Liam · TX3LPaxmHKxFdv7VOQHJ · eleven_v3,,—,—,,—,só português (2D),2D,,,não toca,não toca,,,,,pendente,não (herdada do 2D),data/dialogos/aldeoes.json › menino.nao_gostou[0]
2d.aldeoes.menino.nao_gostou.2,1015,8 · Herdadas do 2D (não tocam no 3D),Não toca: no 3D o presente só lê o gosto (gosta / desgosta).,Tonico,menino,Reação a presente que não aceita (2D),—,,,,,,,,"Dá pra Sá Joaquina, que ela tosse.",,,,34,2.4,Liam · TX3LPaxmHKxFdv7VOQHJ · eleven_v3,,—,—,,—,só português (2D),2D,,,não toca,não toca,,,,,pendente,não (herdada do 2D),data/dialogos/aldeoes.json › menino.nao_gostou[1]
2d.aldeoes.menino.agradeceu.1,1016,8 · Herdadas do 2D (não tocam no 3D),Não toca: no 3D o presente só lê o gosto (gosta / desgosta).,Tonico,menino,Agradece um presente (2D),—,,,,,,,,Valeu! Amanhã eu te mostro o lagarto.,,,,37,2.6,Liam · TX3LPaxmHKxFdv7VOQHJ · eleven_v3,,—,—,,—,só português (2D),2D,,,não toca,não toca,,,,,pendente,não (herdada do 2D),data/dialogos/aldeoes.json › menino.agradeceu[0]
2d.aldeoes.menino.ja_ganhou.1,1017,8 · Herdadas do 2D (não tocam no 3D),Não toca: no 3D o presente só lê o gosto (gosta / desgosta).,Tonico,menino,Já ganhou presente hoje (2D),—,,,,,,,,Hoje já me deu. Minha mãe disse que não pode ser duas vezes.,,,,60,4.3,Liam · TX3LPaxmHKxFdv7VOQHJ · eleven_v3,,—,—,,—,só português (2D),2D,,,não toca,não toca,,,,,pendente,não (herdada do 2D),data/dialogos/aldeoes.json › menino.ja_ganhou[0]
2d.aldeoes.menino.assunto.apresentacao.1,1018,8 · Herdadas do 2D (não tocam no 3D),"Não toca: o 3D não mostra os assuntos (no 2D, 'quando': sempre).",Tonico,menino,Assunto de conversa (2D: apresentacao),—,,,,,,,,"Eu sou o Tonico. Meu pai faz canoa e eu faço bagunça, ele diz.",,,,62,4.4,Liam · TX3LPaxmHKxFdv7VOQHJ · eleven_v3,,—,—,,—,só português (2D),2D,,,não toca,não toca,,,,,pendente,não (herdada do 2D),data/dialogos/aldeoes.json › menino.assuntos[0] apresentacao.fala[0]
2d.aldeoes.menino.assunto.apresentacao.2,1019,8 · Herdadas do 2D (não tocam no 3D),"Não toca: o 3D não mostra os assuntos (no 2D, 'quando': sempre).",Tonico,menino,Assunto de conversa (2D: apresentacao),—,,,,,,,,Você é o que chegou de saveiro? Eu vi. Você quase caiu da prancha.,,,,66,4.7,Liam · TX3LPaxmHKxFdv7VOQHJ · eleven_v3,,—,—,,—,só português (2D),2D,,,não toca,não toca,,,,,pendente,não (herdada do 2D),data/dialogos/aldeoes.json › menino.assuntos[0] apresentacao.fala[1]
2d.aldeoes.menino.assunto.apresentacao.3,1020,8 · Herdadas do 2D (não tocam no 3D),"Não toca: o 3D não mostra os assuntos (no 2D, 'quando': sempre).",Tonico,menino,Assunto de conversa (2D: apresentacao),—,,,,,,,,"Sabe jogar bola de capim? Eu te ensino, mas não conta pra minha mãe que eu tô na praça.",,,,87,6.2,Liam · TX3LPaxmHKxFdv7VOQHJ · eleven_v3,,—,—,,—,só português (2D),2D,,,não toca,não toca,,,,,pendente,não (herdada do 2D),data/dialogos/aldeoes.json › menino.assuntos[0] apresentacao.fala[2]
2d.aldeoes.menino.assunto.afinidade_mata.1,1021,8 · Herdadas do 2D (não tocam no 3D),"Não toca: o 3D não mostra os assuntos (no 2D, 'quando': afinidade_2).",Tonico,menino,Assunto de conversa (2D: afinidade_mata),—,,,,,,,,Eu conheço um caminho na mata que ninguém conhece. Vai dar numa pedra grande com desenho.,,,,89,6.4,Liam · TX3LPaxmHKxFdv7VOQHJ · eleven_v3,,—,—,,—,só português (2D),2D,,,não toca,não toca,,,,,pendente,não (herdada do 2D),data/dialogos/aldeoes.json › menino.assuntos[1] afinidade_mata.fala[0]
2d.aldeoes.menino.assunto.afinidade_mata.2,1022,8 · Herdadas do 2D (não tocam no 3D),"Não toca: o 3D não mostra os assuntos (no 2D, 'quando': afinidade_2).",Tonico,menino,Assunto de conversa (2D: afinidade_mata),—,,,,,,,,Não vou te levar. Meu pai disse que quem leva gente lá fica com dívida.,,,,71,5.1,Liam · TX3LPaxmHKxFdv7VOQHJ · eleven_v3,,—,—,,—,só português (2D),2D,,,não toca,não toca,,,,,pendente,não (herdada do 2D),data/dialogos/aldeoes.json › menino.assuntos[1] afinidade_mata.fala[1]
2d.aldeoes.menino.assunto.afinidade_medo.1,1023,8 · Herdadas do 2D (não tocam no 3D),"Não toca: o 3D não mostra os assuntos (no 2D, 'quando': afinidade_3).",Tonico,menino,Assunto de conversa (2D: afinidade_medo),—,,,,,,,,"Uma vez eu vi um homem alto na mata, parado, sem cara. Ele não andou, só olhou.",,,,79,5.6,Liam · TX3LPaxmHKxFdv7VOQHJ · eleven_v3,,—,—,,—,só português (2D),2D,,,não toca,não toca,,,,,pendente,não (herdada do 2D),data/dialogos/aldeoes.json › menino.assuntos[2] afinidade_medo.fala[0]
2d.aldeoes.menino.assunto.afinidade_medo.2,1024,8 · Herdadas do 2D (não tocam no 3D),"Não toca: o 3D não mostra os assuntos (no 2D, 'quando': afinidade_3).",Tonico,menino,Assunto de conversa (2D: afinidade_medo),—,,,,,,,,Eu corri. Meu pai disse que era o Caipora e que não se fala o nome dele à noite. Então eu só falo de dia.,,,,105,7.5,Liam · TX3LPaxmHKxFdv7VOQHJ · eleven_v3,,—,—,,—,só português (2D),2D,,,não toca,não toca,,,,,pendente,não (herdada do 2D),data/dialogos/aldeoes.json › menino.assuntos[2] afinidade_medo.fala[1]
2d.aldeoes.menina.gostou.1,1025,8 · Herdadas do 2D (não tocam no 3D),Não toca: no 3D o presente só lê o gosto (gosta / desgosta).,Mariinha,menina,Reação a presente que gosta (2D),—,,,,,,,,Cocada! Não conta pra minha mãe!,,,,32,2.3,Laura · FGY2WhTYpPnrIDTdsKH5 · eleven_v3,,—,—,,—,só português (2D),2D,,,não toca,não toca,,,,,pendente,não (herdada do 2D),data/dialogos/aldeoes.json › menina.gostou[0]
2d.aldeoes.menina.gostou.2,1026,8 · Herdadas do 2D (não tocam no 3D),Não toca: no 3D o presente só lê o gosto (gosta / desgosta).,Mariinha,menina,Reação a presente que gosta (2D),—,,,,,,,,Caju! Vou fazer brinco com a castanha.,,,,38,2.7,Laura · FGY2WhTYpPnrIDTdsKH5 · eleven_v3,,—,—,,—,só português (2D),2D,,,não toca,não toca,,,,,pendente,não (herdada do 2D),data/dialogos/aldeoes.json › menina.gostou[1]
2d.aldeoes.menina.nao_gostou.1,1027,8 · Herdadas do 2D (não tocam no 3D),Não toca: no 3D o presente só lê o gosto (gosta / desgosta).,Mariinha,menina,Reação a presente que não aceita (2D),—,,,,,,,,"Lenha? Eu sou menina, não sou fogão.",,,,36,2.6,Laura · FGY2WhTYpPnrIDTdsKH5 · eleven_v3,,—,—,,—,só português (2D),2D,,,não toca,não toca,,,,,pendente,não (herdada do 2D),data/dialogos/aldeoes.json › menina.nao_gostou[0]
2d.aldeoes.menina.nao_gostou.2,1028,8 · Herdadas do 2D (não tocam no 3D),Não toca: no 3D o presente só lê o gosto (gosta / desgosta).,Mariinha,menina,Reação a presente que não aceita (2D),—,,,,,,,,"Dá pro Tonico, que ele gosta de carregar coisa.",,,,47,3.4,Laura · FGY2WhTYpPnrIDTdsKH5 · eleven_v3,,—,—,,—,só português (2D),2D,,,não toca,não toca,,,,,pendente,não (herdada do 2D),data/dialogos/aldeoes.json › menina.nao_gostou[1]
2d.aldeoes.menina.agradeceu.1,1029,8 · Herdadas do 2D (não tocam no 3D),Não toca: no 3D o presente só lê o gosto (gosta / desgosta).,Mariinha,menina,Agradece um presente (2D),—,,,,,,,,Obrigada! Você é legal.,,,,23,1.6,Laura · FGY2WhTYpPnrIDTdsKH5 · eleven_v3,,—,—,,—,só português (2D),2D,,,não toca,não toca,,,,,pendente,não (herdada do 2D),data/dialogos/aldeoes.json › menina.agradeceu[0]
2d.aldeoes.menina.ja_ganhou.1,1030,8 · Herdadas do 2D (não tocam no 3D),Não toca: no 3D o presente só lê o gosto (gosta / desgosta).,Mariinha,menina,Já ganhou presente hoje (2D),—,,,,,,,,Hoje já me deu. Minha mãe tá olhando.,,,,37,2.6,Laura · FGY2WhTYpPnrIDTdsKH5 · eleven_v3,,—,—,,—,só português (2D),2D,,,não toca,não toca,,,,,pendente,não (herdada do 2D),data/dialogos/aldeoes.json › menina.ja_ganhou[0]
2d.aldeoes.menina.assunto.apresentacao.1,1031,8 · Herdadas do 2D (não tocam no 3D),"Não toca: o 3D não mostra os assuntos (no 2D, 'quando': sempre).",Mariinha,menina,Assunto de conversa (2D: apresentacao),—,,,,,,,,"Eu sou a Mariinha. Minha mãe é a Dona Ambrósia, do tabuleiro.",,,,61,4.4,Laura · FGY2WhTYpPnrIDTdsKH5 · eleven_v3,,—,—,,—,só português (2D),2D,,,não toca,não toca,,,,,pendente,não (herdada do 2D),data/dialogos/aldeoes.json › menina.assuntos[0] apresentacao.fala[0]
2d.aldeoes.menina.assunto.apresentacao.2,1032,8 · Herdadas do 2D (não tocam no 3D),"Não toca: o 3D não mostra os assuntos (no 2D, 'quando': sempre).",Mariinha,menina,Assunto de conversa (2D: apresentacao),—,,,,,,,,"Eu já sei fazer cocada, mas ela não deixa eu mexer no dendê.",,,,60,4.3,Laura · FGY2WhTYpPnrIDTdsKH5 · eleven_v3,,—,—,,—,só português (2D),2D,,,não toca,não toca,,,,,pendente,não (herdada do 2D),data/dialogos/aldeoes.json › menina.assuntos[0] apresentacao.fala[1]
2d.aldeoes.menina.assunto.apresentacao.3,1033,8 · Herdadas do 2D (não tocam no 3D),"Não toca: o 3D não mostra os assuntos (no 2D, 'quando': sempre).",Mariinha,menina,Assunto de conversa (2D: apresentacao),—,,,,,,,,Você fala engraçado. É de Salvador? Lá tem bonde de verdade?,,,,60,4.3,Laura · FGY2WhTYpPnrIDTdsKH5 · eleven_v3,,—,—,,—,só português (2D),2D,,,não toca,não toca,,,,,pendente,não (herdada do 2D),data/dialogos/aldeoes.json › menina.assuntos[0] apresentacao.fala[2]
2d.aldeoes.menina.assunto.afinidade_roda.1,1034,8 · Herdadas do 2D (não tocam no 3D),"Não toca: o 3D não mostra os assuntos (no 2D, 'quando': afinidade_2).",Mariinha,menina,Assunto de conversa (2D: afinidade_roda),—,,,,,,,,"Eu sei dançar roda. A Dona Rosa me ensinou na praia, de noite, quando a maré tá cheia.",,,,86,6.1,Laura · FGY2WhTYpPnrIDTdsKH5 · eleven_v3,,—,—,,—,só português (2D),2D,,,não toca,não toca,,,,,pendente,não (herdada do 2D),data/dialogos/aldeoes.json › menina.assuntos[1] afinidade_roda.fala[0]
2d.aldeoes.menina.assunto.afinidade_roda.2,1035,8 · Herdadas do 2D (não tocam no 3D),"Não toca: o 3D não mostra os assuntos (no 2D, 'quando': afinidade_2).",Mariinha,menina,Assunto de conversa (2D: afinidade_roda),—,,,,,,,,"Se você quiser aprender, tem que bater palma primeiro. Quem não bate palma não entra.",,,,85,6.1,Laura · FGY2WhTYpPnrIDTdsKH5 · eleven_v3,,—,—,,—,só português (2D),2D,,,não toca,não toca,,,,,pendente,não (herdada do 2D),data/dialogos/aldeoes.json › menina.assuntos[1] afinidade_roda.fala[1]
2d.aldeoes.menina.assunto.afinidade_sonho.1,1036,8 · Herdadas do 2D (não tocam no 3D),"Não toca: o 3D não mostra os assuntos (no 2D, 'quando': afinidade_3).",Mariinha,menina,Assunto de conversa (2D: afinidade_sonho),—,,,,,,,,"Eu sonhei que o rio grande tinha uma porta no fundo, e que atrás da porta tinha uma casa igual a essa aqui, só que de cabeça pra baixo.",,,,135,9.6,Laura · FGY2WhTYpPnrIDTdsKH5 · eleven_v3,,—,—,,—,só português (2D),2D,,,não toca,não toca,,,,,pendente,não (herdada do 2D),data/dialogos/aldeoes.json › menina.assuntos[2] afinidade_sonho.fala[0]
2d.aldeoes.menina.assunto.afinidade_sonho.2,1037,8 · Herdadas do 2D (não tocam no 3D),"Não toca: o 3D não mostra os assuntos (no 2D, 'quando': afinidade_3).",Mariinha,menina,Assunto de conversa (2D: afinidade_sonho),—,,,,,,,,"Minha mãe disse pra não contar pra ninguém. Mas você não é ninguém, é o moço do saveiro.",,,,88,6.3,Laura · FGY2WhTYpPnrIDTdsKH5 · eleven_v3,,—,—,,—,só português (2D),2D,,,não toca,não toca,,,,,pendente,não (herdada do 2D),data/dialogos/aldeoes.json › menina.assuntos[2] afinidade_sonho.fala[1]
2d.aldeoes.mestre_saveiro.gostou.1,1038,8 · Herdadas do 2D (não tocam no 3D),Não toca: no 3D o presente só lê o gosto (gosta / desgosta).,Seu Ladislau,mestre_saveiro,Reação a presente que gosta (2D),—,,,,,,,,Corda! Todo saveiro é feito de corda e teimosia.,,,,48,3.4,Charlie · IKne3meq5aSn9XLyUdCD · eleven_v3,,—,—,,—,só português (2D),2D,,,não toca,não toca,,,,,pendente,não (herdada do 2D),data/dialogos/aldeoes.json › mestre_saveiro.gostou[0]
2d.aldeoes.mestre_saveiro.gostou.2,1039,8 · Herdadas do 2D (não tocam no 3D),Não toca: no 3D o presente só lê o gosto (gosta / desgosta).,Seu Ladislau,mestre_saveiro,Reação a presente que gosta (2D),—,,,,,,,,Um cordel pra ler na calmaria. Obrigado.,,,,40,2.9,Charlie · IKne3meq5aSn9XLyUdCD · eleven_v3,,—,—,,—,só português (2D),2D,,,não toca,não toca,,,,,pendente,não (herdada do 2D),data/dialogos/aldeoes.json › mestre_saveiro.gostou[1]
2d.aldeoes.mestre_saveiro.nao_gostou.1,1040,8 · Herdadas do 2D (não tocam no 3D),Não toca: no 3D o presente só lê o gosto (gosta / desgosta).,Seu Ladislau,mestre_saveiro,Reação a presente que não aceita (2D),—,,,,,,,,Ostra a bordo? Nem morto. Estraga antes de Itaparica.,,,,53,3.8,Charlie · IKne3meq5aSn9XLyUdCD · eleven_v3,,—,—,,—,só português (2D),2D,,,não toca,não toca,,,,,pendente,não (herdada do 2D),data/dialogos/aldeoes.json › mestre_saveiro.nao_gostou[0]
2d.aldeoes.mestre_saveiro.nao_gostou.2,1041,8 · Herdadas do 2D (não tocam no 3D),Não toca: no 3D o presente só lê o gosto (gosta / desgosta).,Seu Ladislau,mestre_saveiro,Reação a presente que não aceita (2D),—,,,,,,,,"Leve, leve.",,,,11,1.5,Charlie · IKne3meq5aSn9XLyUdCD · eleven_v3,,—,—,,—,só português (2D),2D,,,não toca,não toca,,,,,pendente,não (herdada do 2D),data/dialogos/aldeoes.json › mestre_saveiro.nao_gostou[1]
2d.aldeoes.mestre_saveiro.agradeceu.1,1042,8 · Herdadas do 2D (não tocam no 3D),Não toca: no 3D o presente só lê o gosto (gosta / desgosta).,Seu Ladislau,mestre_saveiro,Agradece um presente (2D),—,,,,,,,,Obrigado. Bons ventos.,,,,22,1.6,Charlie · IKne3meq5aSn9XLyUdCD · eleven_v3,,—,—,,—,só português (2D),2D,,,não toca,não toca,,,,,pendente,não (herdada do 2D),data/dialogos/aldeoes.json › mestre_saveiro.agradeceu[0]
2d.aldeoes.mestre_saveiro.ja_ganhou.1,1043,8 · Herdadas do 2D (não tocam no 3D),Não toca: no 3D o presente só lê o gosto (gosta / desgosta).,Seu Ladislau,mestre_saveiro,Já ganhou presente hoje (2D),—,,,,,,,,"Hoje já me deu. Marinheiro não acumula, afunda.",,,,47,3.4,Charlie · IKne3meq5aSn9XLyUdCD · eleven_v3,,—,—,,—,só português (2D),2D,,,não toca,não toca,,,,,pendente,não (herdada do 2D),data/dialogos/aldeoes.json › mestre_saveiro.ja_ganhou[0]
2d.aldeoes.mestre_saveiro.assunto.apresentacao.1,1044,8 · Herdadas do 2D (não tocam no 3D),"Não toca: o 3D não mostra os assuntos (no 2D, 'quando': sempre).",Seu Ladislau,mestre_saveiro,Assunto de conversa (2D: apresentacao),—,,,,,,,,"Ladislau, saveirista. Trinta anos de Recôncavo: Cachoeira, Maragogipe, Salvador e volta, com farinha pra lá e sal pra cá.",,,,121,8.6,Charlie · IKne3meq5aSn9XLyUdCD · eleven_v3,,—,—,,—,só português (2D),2D,,,não toca,não toca,,,,,pendente,não (herdada do 2D),data/dialogos/aldeoes.json › mestre_saveiro.assuntos[0] apresentacao.fala[0]
2d.aldeoes.mestre_saveiro.assunto.apresentacao.2,1045,8 · Herdadas do 2D (não tocam no 3D),"Não toca: o 3D não mostra os assuntos (no 2D, 'quando': sempre).",Seu Ladislau,mestre_saveiro,Assunto de conversa (2D: apresentacao),—,,,,,,,,"Hoje o saveiro é do Quirino, e eu sou tripulação. Mas quem conhece a baía de noite sou eu.",,,,90,6.4,Charlie · IKne3meq5aSn9XLyUdCD · eleven_v3,,—,—,,—,só português (2D),2D,,,não toca,não toca,,,,,pendente,não (herdada do 2D),data/dialogos/aldeoes.json › mestre_saveiro.assuntos[0] apresentacao.fala[1]
2d.aldeoes.mestre_saveiro.assunto.apresentacao.3,1046,8 · Herdadas do 2D (não tocam no 3D),"Não toca: o 3D não mostra os assuntos (no 2D, 'quando': sempre).",Seu Ladislau,mestre_saveiro,Assunto de conversa (2D: apresentacao),—,,,,,,,,"Se o vento virar enquanto você fala, eu paro de ouvir. Não é falta de educação, é profissão.",,,,92,6.6,Charlie · IKne3meq5aSn9XLyUdCD · eleven_v3,,—,—,,—,só português (2D),2D,,,não toca,não toca,,,,,pendente,não (herdada do 2D),data/dialogos/aldeoes.json › mestre_saveiro.assuntos[0] apresentacao.fala[2]
2d.aldeoes.mestre_saveiro.assunto.afinidade_baia.1,1047,8 · Herdadas do 2D (não tocam no 3D),"Não toca: o 3D não mostra os assuntos (no 2D, 'quando': afinidade_2).",Seu Ladislau,mestre_saveiro,Assunto de conversa (2D: afinidade_baia),—,,,,,,,,"A Baía de Todos os Santos tem trezentas ilhas, e eu já dormi em cem. A melhor é a que não tem nome.",,,,99,7.1,Charlie · IKne3meq5aSn9XLyUdCD · eleven_v3,,—,—,,—,só português (2D),2D,,,não toca,não toca,,,,,pendente,não (herdada do 2D),data/dialogos/aldeoes.json › mestre_saveiro.assuntos[1] afinidade_baia.fala[0]
2d.aldeoes.mestre_saveiro.assunto.afinidade_baia.2,1048,8 · Herdadas do 2D (não tocam no 3D),"Não toca: o 3D não mostra os assuntos (no 2D, 'quando': afinidade_2).",Seu Ladislau,mestre_saveiro,Assunto de conversa (2D: afinidade_baia),—,,,,,,,,O seu tio navegou comigo uma vez. Enjoou do saveiro inteiro e no fim disse: 'Agora eu sei por que vocês não plantam.',,,,117,8.4,Charlie · IKne3meq5aSn9XLyUdCD · eleven_v3,,—,—,,—,só português (2D),2D,,,não toca,não toca,,,,,pendente,não (herdada do 2D),data/dialogos/aldeoes.json › mestre_saveiro.assuntos[1] afinidade_baia.fala[1]
2d.aldeoes.mestre_saveiro.assunto.afinidade_luz.1,1049,8 · Herdadas do 2D (não tocam no 3D),"Não toca: o 3D não mostra os assuntos (no 2D, 'quando': afinidade_3).",Seu Ladislau,mestre_saveiro,Assunto de conversa (2D: afinidade_luz),—,,,,,,,,"Uma noite, voltando de Maragogipe, vi luz na água perto da foz do rio grande. Não era barco. Andava contra o vento.",,,,115,8.2,Charlie · IKne3meq5aSn9XLyUdCD · eleven_v3,,—,—,,—,só português (2D),2D,,,não toca,não toca,,,,,pendente,não (herdada do 2D),data/dialogos/aldeoes.json › mestre_saveiro.assuntos[2] afinidade_luz.fala[0]
2d.aldeoes.mestre_saveiro.assunto.afinidade_luz.2,1050,8 · Herdadas do 2D (não tocam no 3D),"Não toca: o 3D não mostra os assuntos (no 2D, 'quando': afinidade_3).",Seu Ladislau,mestre_saveiro,Assunto de conversa (2D: afinidade_luz),—,,,,,,,,"O Quirino diz que foi cachaça. O Quirino não bebe, e também viu.",,,,64,4.6,Charlie · IKne3meq5aSn9XLyUdCD · eleven_v3,,—,—,,—,só português (2D),2D,,,não toca,não toca,,,,,pendente,não (herdada do 2D),data/dialogos/aldeoes.json › mestre_saveiro.assuntos[2] afinidade_luz.fala[1]
2d.pedro.abertura.0,1051,8 · Herdadas do 2D (não tocam no 3D),Não toca: no 3D a chegada é a de missoes_guia.json.,Pedro,pedro,Fala do 2D (Pedro),—,,,,,,,,"Opa! É você, né? O da capital.",,,,30,2.1,"Weverton - Youthful, Energetic and Clear · YbP0Eq5RE5uOoCEl7F3T · eleven_v3",,—,—,,—,só português (2D),2D,,,não toca,não toca,,,,,pendente,não (herdada do 2D),data/dialogos/pedro.json › abertura[0]
2d.pedro.abertura.1,1052,8 · Herdadas do 2D (não tocam no 3D),Não toca: no 3D a chegada é a de missoes_guia.json.,Pedro,pedro,Fala do 2D (Pedro),—,,,,,,,,Sou {npc_1_nome}. {npc_1_nome_completo}. Pescador — é o que dá pra ser aqui.,,,,76,5.4,"Weverton - Youthful, Energetic and Clear · YbP0Eq5RE5uOoCEl7F3T · eleven_v3",,—,—,,—,só português (2D),2D,,,não toca,não toca,,,,,pendente,não (herdada do 2D),data/dialogos/pedro.json › abertura[1]
2d.pedro.abertura.2,1053,8 · Herdadas do 2D (não tocam no 3D),Não toca: no 3D a chegada é a de missoes_guia.json.,Pedro,pedro,Fala do 2D (Pedro),—,,,,,,,,Vim te esperar no píer desde cedo. O padre leu a carta do cartório na missa de domingo e o arraial inteiro já sabe que o sobrinho do finado vinha.,,,,146,10.4,"Weverton - Youthful, Energetic and Clear · YbP0Eq5RE5uOoCEl7F3T · eleven_v3",,—,—,,—,só português (2D),2D,,,não toca,não toca,,,,,pendente,não (herdada do 2D),data/dialogos/pedro.json › abertura[2]
2d.pedro.abertura.3,1054,8 · Herdadas do 2D (não tocam no 3D),Não toca: no 3D a chegada é a de missoes_guia.json.,Pedro,pedro,Fala do 2D (Pedro),—,,,,,,,,"Desculpe a cara de espanto. É que a travessia da capital até aqui é longa demais, e mesmo assim você veio.",,,,106,7.6,"Weverton - Youthful, Energetic and Clear · YbP0Eq5RE5uOoCEl7F3T · eleven_v3",,—,—,,—,só português (2D),2D,,,não toca,não toca,,,,,pendente,não (herdada do 2D),data/dialogos/pedro.json › abertura[3]
2d.pedro.abertura.4,1055,8 · Herdadas do 2D (não tocam no 3D),Não toca: no 3D a chegada é a de missoes_guia.json.,Pedro,pedro,Fala do 2D (Pedro),—,,,,,,,,Chegou na hora boa. O sol ainda tá alto.,,,,40,2.9,"Weverton - Youthful, Energetic and Clear · YbP0Eq5RE5uOoCEl7F3T · eleven_v3",,—,—,,—,só português (2D),2D,,,não toca,não toca,,,,,pendente,não (herdada do 2D),data/dialogos/pedro.json › abertura[4]
2d.pedro.pergunta_nome,1056,8 · Herdadas do 2D (não tocam no 3D),Não toca: no 3D a chegada é a de missoes_guia.json.,Pedro,pedro,Fala do 2D (Pedro),—,,,,,,,,Antes de mais nada: como é que eu te chamo?,,,,43,3.1,"Weverton - Youthful, Energetic and Clear · YbP0Eq5RE5uOoCEl7F3T · eleven_v3",,—,—,,—,só português (2D),2D,,,não toca,não toca,,,,,pendente,não (herdada do 2D),data/dialogos/pedro.json › pergunta_nome
2d.pedro.depois_do_nome.0,1057,8 · Herdadas do 2D (não tocam no 3D),Não toca: no 3D a chegada é a de missoes_guia.json.,Pedro,pedro,Fala do 2D (Pedro),—,,,,,,,,"{jogador}. Bom nome. Pois então, {jogador}, seja bem-vindo ao recôncavo.",,,,72,5.1,"Weverton - Youthful, Energetic and Clear · YbP0Eq5RE5uOoCEl7F3T · eleven_v3",,—,—,,—,só português (2D),2D,,tem marcador que o jogo troca ({…} ou %s): áudio fixo não serve,não toca,não toca,,,,,pendente,não (herdada do 2D),data/dialogos/pedro.json › depois_do_nome[0]
2d.pedro.depois_do_nome.1,1058,8 · Herdadas do 2D (não tocam no 3D),Não toca: no 3D a chegada é a de missoes_guia.json.,Pedro,pedro,Fala do 2D (Pedro),—,,,,,,,,"Aqui não tem o que você tem lá. Tem rio, tem mata e tem gente que acorda cedo. E só.",,,,84,6,"Weverton - Youthful, Energetic and Clear · YbP0Eq5RE5uOoCEl7F3T · eleven_v3",,—,—,,—,só português (2D),2D,,,não toca,não toca,,,,,pendente,não (herdada do 2D),data/dialogos/pedro.json › depois_do_nome[1]
2d.pedro.depois_do_nome.2,1059,8 · Herdadas do 2D (não tocam no 3D),Não toca: no 3D a chegada é a de missoes_guia.json.,Pedro,pedro,Fala do 2D (Pedro),—,,,,,,,,Vou te avisando: aqui nada muda. As coisas sempre foram assim e vão continuar sendo.,,,,84,6,"Weverton - Youthful, Energetic and Clear · YbP0Eq5RE5uOoCEl7F3T · eleven_v3",,—,—,,—,só português (2D),2D,,,não toca,não toca,,,,,pendente,não (herdada do 2D),data/dialogos/pedro.json › depois_do_nome[2]
2d.pedro.depois_do_nome.3,1060,8 · Herdadas do 2D (não tocam no 3D),Não toca: no 3D a chegada é a de missoes_guia.json.,Pedro,pedro,Fala do 2D (Pedro),—,,,,,,,,"Seu tio morava lá em cima, passando o arraial. Roçado cercado, casa de taipa, terreno limpo. Ninguém mexeu em nada desde o enterro.",,,,131,9.4,"Weverton - Youthful, Energetic and Clear · YbP0Eq5RE5uOoCEl7F3T · eleven_v3",,—,—,,—,só português (2D),2D,,,não toca,não toca,,,,,pendente,não (herdada do 2D),data/dialogos/pedro.json › depois_do_nome[3]
2d.pedro.depois_do_nome.4,1061,8 · Herdadas do 2D (não tocam no 3D),Não toca: no 3D a chegada é a de missoes_guia.json.,Pedro,pedro,Fala do 2D (Pedro),—,,,,,,,,"Fora daquela cerca, cada palmo tem dono, e dono vivo. Aqui não existe terra de ninguém.",,,,87,6.2,"Weverton - Youthful, Energetic and Clear · YbP0Eq5RE5uOoCEl7F3T · eleven_v3",,—,—,,—,só português (2D),2D,,,não toca,não toca,,,,,pendente,não (herdada do 2D),data/dialogos/pedro.json › depois_do_nome[4]
2d.pedro.depois_do_nome.5,1062,8 · Herdadas do 2D (não tocam no 3D),Não toca: no 3D a chegada é a de missoes_guia.json.,Pedro,pedro,Fala do 2D (Pedro),—,,,,,,,,"Eu te ensino o que sei, que não é muito, mas dá pra viver. E vou junto: onde você for, eu vou atrás. Não é como se eu tivesse coisa melhor pra fazer.",,,,149,10.6,"Weverton - Youthful, Energetic and Clear · YbP0Eq5RE5uOoCEl7F3T · eleven_v3",,—,—,,—,só português (2D),2D,,,não toca,não toca,,,,,pendente,não (herdada do 2D),data/dialogos/pedro.json › depois_do_nome[5]
2d.pedro.passos.andar.fala.0,1063,8 · Herdadas do 2D (não tocam no 3D),Não toca: no 3D a chegada é a de missoes_guia.json.,Pedro,pedro,Fala do 2D (Pedro),—,,,,,,,,"Levanta e dá uns passos, pra ver se a viagem não te deixou duro. Use W, A, S e D — ou as setas, se preferir.",,,,108,7.7,"Weverton - Youthful, Energetic and Clear · YbP0Eq5RE5uOoCEl7F3T · eleven_v3",,—,—,,—,só português (2D),2D,"WASD (Andar), SETAS (Andar)",,não toca,não toca,,,,,pendente,não (herdada do 2D),data/dialogos/pedro.json › passos.andar.fala[0]
2d.pedro.passos.andar_fim.0,1064,8 · Herdadas do 2D (não tocam no 3D),Não toca: no 3D a chegada é a de missoes_guia.json.,Pedro,pedro,Fala do 2D (Pedro),—,,,,,,,,"Isso. O corpo respondeu — depois de meio dia em pé num saveiro, já é alguma coisa.",,,,82,5.9,"Weverton - Youthful, Energetic and Clear · YbP0Eq5RE5uOoCEl7F3T · eleven_v3",,—,—,,—,só português (2D),2D,,,não toca,não toca,,,,,pendente,não (herdada do 2D),data/dialogos/pedro.json › passos.andar_fim[0]
2d.pedro.passos.andar_fim.1,1065,8 · Herdadas do 2D (não tocam no 3D),Não toca: no 3D a chegada é a de missoes_guia.json.,Pedro,pedro,Fala do 2D (Pedro),—,,,,,,,,"Se precisar de pressa, segure Shift. Mas repare: correndo cansado não adianta, o corpo não obedece.",,,,99,7.1,"Weverton - Youthful, Energetic and Clear · YbP0Eq5RE5uOoCEl7F3T · eleven_v3",,—,—,,—,só português (2D),2D,SHIFT (Correr),,não toca,não toca,,,,,pendente,não (herdada do 2D),data/dialogos/pedro.json › passos.andar_fim[1]
2d.pedro.passos.subir.fala.0,1066,8 · Herdadas do 2D (não tocam no 3D),Não toca: no 3D a chegada é a de missoes_guia.json.,Pedro,pedro,Fala do 2D (Pedro),—,,,,,,,,"Agora vem comigo. A tábua do píer acaba na areia, a areia acaba na estrada, e a estrada sobe.",,,,93,6.6,"Weverton - Youthful, Energetic and Clear · YbP0Eq5RE5uOoCEl7F3T · eleven_v3",,—,—,,—,só português (2D),2D,,,não toca,não toca,,,,,pendente,não (herdada do 2D),data/dialogos/pedro.json › passos.subir.fala[0]
2d.pedro.passos.subir.fala.1,1067,8 · Herdadas do 2D (não tocam no 3D),Não toca: no 3D a chegada é a de missoes_guia.json.,Pedro,pedro,Fala do 2D (Pedro),—,,,,,,,,"Vou na frente porque conheço o caminho, não porque tenho pressa. Olhe o arraial enquanto sobe: é ele que você vai ter pelo resto da vida.",,,,137,9.8,"Weverton - Youthful, Energetic and Clear · YbP0Eq5RE5uOoCEl7F3T · eleven_v3",,—,—,,—,só português (2D),2D,,,não toca,não toca,,,,,pendente,não (herdada do 2D),data/dialogos/pedro.json › passos.subir.fala[1]
2d.pedro.passos.subir.fala.2,1068,8 · Herdadas do 2D (não tocam no 3D),Não toca: no 3D a chegada é a de missoes_guia.json.,Pedro,pedro,Fala do 2D (Pedro),—,,,,,,,,"Passamos pela praia, pelo riacho e pela igreja. Depois é subir até a cerca.",,,,75,5.4,"Weverton - Youthful, Energetic and Clear · YbP0Eq5RE5uOoCEl7F3T · eleven_v3",,—,—,,—,só português (2D),2D,,,não toca,não toca,,,,,pendente,não (herdada do 2D),data/dialogos/pedro.json › passos.subir.fala[2]
2d.pedro.passos.subir.fala.3,1069,8 · Herdadas do 2D (não tocam no 3D),Não toca: no 3D a chegada é a de missoes_guia.json.,Pedro,pedro,Fala do 2D (Pedro),—,,,,,,,,"Eu chego primeiro e abro a porteira pra você. Ela emperra, e tem jeito.",,,,71,5.1,"Weverton - Youthful, Energetic and Clear · YbP0Eq5RE5uOoCEl7F3T · eleven_v3",,—,—,,—,só português (2D),2D,,,não toca,não toca,,,,,pendente,não (herdada do 2D),data/dialogos/pedro.json › passos.subir.fala[3]
2d.pedro.passos.subir_fim.0,1070,8 · Herdadas do 2D (não tocam no 3D),Não toca: no 3D a chegada é a de missoes_guia.json.,Pedro,pedro,Fala do 2D (Pedro),—,,,,,,,,Chegamos. Essa cerca daqui pra dentro é sua.,,,,44,3.1,"Weverton - Youthful, Energetic and Clear · YbP0Eq5RE5uOoCEl7F3T · eleven_v3",,—,—,,—,só português (2D),2D,,,não toca,não toca,,,,,pendente,não (herdada do 2D),data/dialogos/pedro.json › passos.subir_fim[0]
2d.pedro.passos.subir_fim.1,1071,8 · Herdadas do 2D (não tocam no 3D),Não toca: no 3D a chegada é a de missoes_guia.json.,Pedro,pedro,Fala do 2D (Pedro),—,,,,,,,,Repare no mato tomando o terreno. Dois meses sem ninguém e a terra já esqueceu que era roçado.,,,,94,6.7,"Weverton - Youthful, Energetic and Clear · YbP0Eq5RE5uOoCEl7F3T · eleven_v3",,—,—,,—,só português (2D),2D,,,não toca,não toca,,,,,pendente,não (herdada do 2D),data/dialogos/pedro.json › passos.subir_fim[1]
2d.pedro.passos.subir_fim.2,1072,8 · Herdadas do 2D (não tocam no 3D),Não toca: no 3D a chegada é a de missoes_guia.json.,Pedro,pedro,Fala do 2D (Pedro),—,,,,,,,,Bota a mão nela hoje. Terra parada é terra que some.,,,,52,3.7,"Weverton - Youthful, Energetic and Clear · YbP0Eq5RE5uOoCEl7F3T · eleven_v3",,—,—,,—,só português (2D),2D,,,não toca,não toca,,,,,pendente,não (herdada do 2D),data/dialogos/pedro.json › passos.subir_fim[2]
2d.pedro.passos.casa.fala.0,1073,8 · Herdadas do 2D (não tocam no 3D),Não toca: no 3D a chegada é a de missoes_guia.json.,Pedro,pedro,Fala do 2D (Pedro),—,,,,,,,,Agora a casa. Era do seu tio; desde o enterro ninguém abriu aquela porta.,,,,73,5.2,"Weverton - Youthful, Energetic and Clear · YbP0Eq5RE5uOoCEl7F3T · eleven_v3",,—,—,,—,só português (2D),2D,,,não toca,não toca,,,,,pendente,não (herdada do 2D),data/dialogos/pedro.json › passos.casa.fala[0]
2d.pedro.passos.casa.fala.1,1074,8 · Herdadas do 2D (não tocam no 3D),Não toca: no 3D a chegada é a de missoes_guia.json.,Pedro,pedro,Fala do 2D (Pedro),—,,,,,,,,Olhe o losango amarelo na tela: é pra lá que você vai. Ele serve pra toda tarefa que eu te der.,,,,95,6.8,"Weverton - Youthful, Energetic and Clear · YbP0Eq5RE5uOoCEl7F3T · eleven_v3",,—,—,,—,só português (2D),2D,,,não toca,não toca,,,,,pendente,não (herdada do 2D),data/dialogos/pedro.json › passos.casa.fala[1]
2d.pedro.passos.casa.fala.2,1075,8 · Herdadas do 2D (não tocam no 3D),Não toca: no 3D a chegada é a de missoes_guia.json.,Pedro,pedro,Fala do 2D (Pedro),—,,,,,,,,Vem comigo que eu abro. A porta emperra.,,,,40,2.9,"Weverton - Youthful, Energetic and Clear · YbP0Eq5RE5uOoCEl7F3T · eleven_v3",,—,—,,—,só português (2D),2D,,,não toca,não toca,,,,,pendente,não (herdada do 2D),data/dialogos/pedro.json › passos.casa.fala[2]
2d.pedro.passos.casa_fim.0,1076,8 · Herdadas do 2D (não tocam no 3D),Não toca: no 3D a chegada é a de missoes_guia.json.,Pedro,pedro,Fala do 2D (Pedro),—,,,,,,,,"Cama, baú e fogão de barro. É o que tem, e é o que basta pra começar: onde dormir, onde guardar e onde botar fogo.",,,,114,8.1,"Weverton - Youthful, Energetic and Clear · YbP0Eq5RE5uOoCEl7F3T · eleven_v3",,—,—,,—,só português (2D),2D,,,não toca,não toca,,,,,pendente,não (herdada do 2D),data/dialogos/pedro.json › passos.casa_fim[0]
2d.pedro.passos.casa_fim.1,1077,8 · Herdadas do 2D (não tocam no 3D),Não toca: no 3D a chegada é a de missoes_guia.json.,Pedro,pedro,Fala do 2D (Pedro),—,,,,,,,,"Ah — e deixei dois beijus no baú. Trouxe ontem, quando vim abrir a janela pra arejar. Comida em casa fica guardada, não em cima do fogão.",,,,137,9.8,"Weverton - Youthful, Energetic and Clear · YbP0Eq5RE5uOoCEl7F3T · eleven_v3",,—,—,,—,só português (2D),2D,,,não toca,não toca,,,,,pendente,não (herdada do 2D),data/dialogos/pedro.json › passos.casa_fim[1]
2d.pedro.passos.casa_fim.2,1078,8 · Herdadas do 2D (não tocam no 3D),Não toca: no 3D a chegada é a de missoes_guia.json.,Pedro,pedro,Fala do 2D (Pedro),—,,,,,,,,"Chegue perto do baú e aperte E: de mão vazia, tira o que tem dentro; com alguma coisa na mão, guarda. Beiju não estraga — deixe pra quando o braço pesar.",,,,153,10.9,"Weverton - Youthful, Energetic and Clear · YbP0Eq5RE5uOoCEl7F3T · eleven_v3",,—,—,,—,só português (2D),2D,E (Ler / interagir),,não toca,não toca,,,,,pendente,não (herdada do 2D),data/dialogos/pedro.json › passos.casa_fim[2]
2d.pedro.passos.casa_fim.3,1079,8 · Herdadas do 2D (não tocam no 3D),Não toca: no 3D a chegada é a de missoes_guia.json.,Pedro,pedro,Fala do 2D (Pedro),—,,,,,,,,"O resto — mesa, jirau, o oratório, a cantareira — vai entrando conforme você levantar. O lugar de cada coisa já está esperando aí dentro.",,,,137,9.8,"Weverton - Youthful, Energetic and Clear · YbP0Eq5RE5uOoCEl7F3T · eleven_v3",,—,—,,—,só português (2D),2D,,,não toca,não toca,,,,,pendente,não (herdada do 2D),data/dialogos/pedro.json › passos.casa_fim[3]
2d.pedro.passos.casa_fim.4,1080,8 · Herdadas do 2D (não tocam no 3D),Não toca: no 3D a chegada é a de missoes_guia.json.,Pedro,pedro,Fala do 2D (Pedro),—,,,,,,,,"Se quiser ver o que tá carregando, aperte I. Abre a mochila inteira, e ali dá pra arrumar as coisas de lugar.",,,,109,7.8,"Weverton - Youthful, Energetic and Clear · YbP0Eq5RE5uOoCEl7F3T · eleven_v3",,—,—,,—,só português (2D),2D,I (Mochila),,não toca,não toca,,,,,pendente,não (herdada do 2D),data/dialogos/pedro.json › passos.casa_fim[4]
2d.pedro.passos.casa_fim.5,1081,8 · Herdadas do 2D (não tocam no 3D),Não toca: no 3D a chegada é a de missoes_guia.json.,Pedro,pedro,Fala do 2D (Pedro),—,,,,,,,,"Repare naquela barra no canto de baixo: é o seu fôlego. Cada enxadada, cada machadada, gasta um tanto.",,,,102,7.3,"Weverton - Youthful, Energetic and Clear · YbP0Eq5RE5uOoCEl7F3T · eleven_v3",,—,—,,—,só português (2D),2D,,,não toca,não toca,,,,,pendente,não (herdada do 2D),data/dialogos/pedro.json › passos.casa_fim[5]
2d.pedro.passos.casa_fim.6,1082,8 · Herdadas do 2D (não tocam no 3D),Não toca: no 3D a chegada é a de missoes_guia.json.,Pedro,pedro,Fala do 2D (Pedro),—,,,,,,,,"A cama devolve uma parte dele por noite. Uma parte, não tudo — corpo cansado não zera de uma vez.",,,,97,6.9,"Weverton - Youthful, Energetic and Clear · YbP0Eq5RE5uOoCEl7F3T · eleven_v3",,—,—,,—,só português (2D),2D,,,não toca,não toca,,,,,pendente,não (herdada do 2D),data/dialogos/pedro.json › passos.casa_fim[6]
2d.pedro.passos.casa_fim.7,1083,8 · Herdadas do 2D (não tocam no 3D),Não toca: no 3D a chegada é a de missoes_guia.json.,Pedro,pedro,Fala do 2D (Pedro),—,,,,,,,,"Quando quiser mexer na casa, encoste nela e aperte E. Dá pra levantar parede, trocar móvel e até crescer o cômodo — a varanda alarga a casa por fora e por dentro.",,,,162,11.6,"Weverton - Youthful, Energetic and Clear · YbP0Eq5RE5uOoCEl7F3T · eleven_v3",,—,—,,—,só português (2D),2D,E (Ler / interagir),,não toca,não toca,,,,,pendente,não (herdada do 2D),data/dialogos/pedro.json › passos.casa_fim[7]
2d.pedro.passos.casa_fim.8,1084,8 · Herdadas do 2D (não tocam no 3D),Não toca: no 3D a chegada é a de missoes_guia.json.,Pedro,pedro,Fala do 2D (Pedro),—,,,,,,,,"Agora escute, porque isso é o mais importante que eu tenho pra te dizer.",,,,72,5.1,"Weverton - Youthful, Energetic and Clear · YbP0Eq5RE5uOoCEl7F3T · eleven_v3",,—,—,,—,só português (2D),2D,,,não toca,não toca,,,,,pendente,não (herdada do 2D),data/dialogos/pedro.json › passos.casa_fim[8]
2d.pedro.passos.frentes.fala.0,1085,8 · Herdadas do 2D (não tocam no 3D),Não toca: no 3D a chegada é a de missoes_guia.json.,Pedro,pedro,Fala do 2D (Pedro),—,,,,,,,,Roça não é fila. Ninguém aqui faz uma coisa de cada vez esperando a outra acabar.,,,,81,5.8,"Weverton - Youthful, Energetic and Clear · YbP0Eq5RE5uOoCEl7F3T · eleven_v3",,—,—,,—,só português (2D),2D,,,não toca,não toca,,,,,pendente,não (herdada do 2D),data/dialogos/pedro.json › passos.frentes.fala[0]
2d.pedro.passos.frentes.fala.1,1086,8 · Herdadas do 2D (não tocam no 3D),Não toca: no 3D a chegada é a de missoes_guia.json.,Pedro,pedro,Fala do 2D (Pedro),—,,,,,,,,"Enquanto a mandioca cresce, você abre caminho. É assim que o dia rende.",,,,71,5.1,"Weverton - Youthful, Energetic and Clear · YbP0Eq5RE5uOoCEl7F3T · eleven_v3",,—,—,,—,só português (2D),2D,,,não toca,não toca,,,,,pendente,não (herdada do 2D),data/dialogos/pedro.json › passos.frentes.fala[1]
2d.pedro.passos.frentes.fala.2,1087,8 · Herdadas do 2D (não tocam no 3D),Não toca: no 3D a chegada é a de missoes_guia.json.,Pedro,pedro,Fala do 2D (Pedro),—,,,,,,,,Então são duas coisas por ora: o seu roçado e a trilha até a vila.,,,,66,4.7,"Weverton - Youthful, Energetic and Clear · YbP0Eq5RE5uOoCEl7F3T · eleven_v3",,—,—,,—,só português (2D),2D,,,não toca,não toca,,,,,pendente,não (herdada do 2D),data/dialogos/pedro.json › passos.frentes.fala[2]
2d.pedro.passos.frentes.fala.3,1088,8 · Herdadas do 2D (não tocam no 3D),Não toca: no 3D a chegada é a de missoes_guia.json.,Pedro,pedro,Fala do 2D (Pedro),—,,,,,,,,No alto da tela aparece a tarefa em foco. Aperte Tab pra trocar qual delas você está seguindo — a bússola muda junto.,,,,117,8.4,"Weverton - Youthful, Energetic and Clear · YbP0Eq5RE5uOoCEl7F3T · eleven_v3",,—,—,,—,só português (2D),2D,TAB (Trocar de aba),,não toca,não toca,,,,,pendente,não (herdada do 2D),data/dialogos/pedro.json › passos.frentes.fala[3]
2d.pedro.passos.frentes.fala.4,1089,8 · Herdadas do 2D (não tocam no 3D),Não toca: no 3D a chegada é a de missoes_guia.json.,Pedro,pedro,Fala do 2D (Pedro),—,,,,,,,,Faça na ordem que quiser. Eu vou atrás de você de qualquer jeito.,,,,65,4.6,"Weverton - Youthful, Energetic and Clear · YbP0Eq5RE5uOoCEl7F3T · eleven_v3",,—,—,,—,só português (2D),2D,,,não toca,não toca,,,,,pendente,não (herdada do 2D),data/dialogos/pedro.json › passos.frentes.fala[4]
2d.pedro.passos.frentes.fala.5,1090,8 · Herdadas do 2D (não tocam no 3D),Não toca: no 3D a chegada é a de missoes_guia.json.,Pedro,pedro,Fala do 2D (Pedro),—,,,,,,,,"Tem mais coisa depois. Uma de cada vez, que o dia é curto e a cabeça é uma só.",,,,78,5.6,"Weverton - Youthful, Energetic and Clear · YbP0Eq5RE5uOoCEl7F3T · eleven_v3",,—,—,,—,só português (2D),2D,,,não toca,não toca,,,,,pendente,não (herdada do 2D),data/dialogos/pedro.json › passos.frentes.fala[5]
2d.pedro.passos.pegar.fala.0,1091,8 · Herdadas do 2D (não tocam no 3D),Não toca: no 3D a chegada é a de missoes_guia.json.,Pedro,pedro,Fala do 2D (Pedro),—,,,,,,,,"Primeiro o roçado. As ferramentas do finado tão no baú da varanda — enxada, balde e um punhado de maniva.",,,,105,7.5,"Weverton - Youthful, Energetic and Clear · YbP0Eq5RE5uOoCEl7F3T · eleven_v3",,—,—,,—,só português (2D),2D,,,não toca,não toca,,,,,pendente,não (herdada do 2D),data/dialogos/pedro.json › passos.pegar.fala[0]
2d.pedro.passos.pegar.fala.1,1092,8 · Herdadas do 2D (não tocam no 3D),Não toca: no 3D a chegada é a de missoes_guia.json.,Pedro,pedro,Fala do 2D (Pedro),—,,,,,,,,"A chave se perdeu, mas eu arrombei a fechadura ontem à tarde. Ele não vai reclamar.",,,,83,5.9,"Weverton - Youthful, Energetic and Clear · YbP0Eq5RE5uOoCEl7F3T · eleven_v3",,—,—,,—,só português (2D),2D,,,não toca,não toca,,,,,pendente,não (herdada do 2D),data/dialogos/pedro.json › passos.pegar.fala[1]
2d.pedro.passos.pegar.fala.2,1093,8 · Herdadas do 2D (não tocam no 3D),Não toca: no 3D a chegada é a de missoes_guia.json.,Pedro,pedro,Fala do 2D (Pedro),—,,,,,,,,Abre o baú e pega cada coisa. Chegue perto e aperte E.,,,,54,3.9,"Weverton - Youthful, Energetic and Clear · YbP0Eq5RE5uOoCEl7F3T · eleven_v3",,—,—,,—,só português (2D),2D,E (Ler / interagir),,não toca,não toca,,,,,pendente,não (herdada do 2D),data/dialogos/pedro.json › passos.pegar.fala[2]
2d.pedro.passos.pegar.lista.0.id,1094,8 · Herdadas do 2D (não tocam no 3D),Não toca: no 3D a chegada é a de missoes_guia.json.,Pedro,pedro,Fala do 2D (Pedro),—,,,,,,,,enxada,,,,6,1.5,"Weverton - Youthful, Energetic and Clear · YbP0Eq5RE5uOoCEl7F3T · eleven_v3",,—,—,,—,só português (2D),2D,,,não toca,não toca,,,,,pendente,não (herdada do 2D),data/dialogos/pedro.json › passos.pegar.lista[0].id
2d.pedro.passos.pegar.lista.0.texto,1095,8 · Herdadas do 2D (não tocam no 3D),Não toca: no 3D a chegada é a de missoes_guia.json.,Pedro,pedro,Fala do 2D (Pedro),—,,,,,,,,A enxada,,,,8,1.5,"Weverton - Youthful, Energetic and Clear · YbP0Eq5RE5uOoCEl7F3T · eleven_v3",,—,—,,—,só português (2D),2D,,,não toca,não toca,,,,,pendente,não (herdada do 2D),data/dialogos/pedro.json › passos.pegar.lista[0].texto
2d.pedro.passos.pegar.lista.1.id,1096,8 · Herdadas do 2D (não tocam no 3D),Não toca: no 3D a chegada é a de missoes_guia.json.,Pedro,pedro,Fala do 2D (Pedro),—,,,,,,,,balde,,,,5,1.5,"Weverton - Youthful, Energetic and Clear · YbP0Eq5RE5uOoCEl7F3T · eleven_v3",,—,—,,—,só português (2D),2D,,,não toca,não toca,,,,,pendente,não (herdada do 2D),data/dialogos/pedro.json › passos.pegar.lista[1].id
2d.pedro.passos.pegar.lista.1.texto,1097,8 · Herdadas do 2D (não tocam no 3D),Não toca: no 3D a chegada é a de missoes_guia.json.,Pedro,pedro,Fala do 2D (Pedro),—,,,,,,,,O balde,,,,7,1.5,"Weverton - Youthful, Energetic and Clear · YbP0Eq5RE5uOoCEl7F3T · eleven_v3",,—,—,,—,só português (2D),2D,,,não toca,não toca,,,,,pendente,não (herdada do 2D),data/dialogos/pedro.json › passos.pegar.lista[1].texto
2d.pedro.passos.pegar.lista.2.id,1098,8 · Herdadas do 2D (não tocam no 3D),Não toca: no 3D a chegada é a de missoes_guia.json.,Pedro,pedro,Fala do 2D (Pedro),—,,,,,,,,semente_mandioca,,,,16,1.5,"Weverton - Youthful, Energetic and Clear · YbP0Eq5RE5uOoCEl7F3T · eleven_v3",,—,—,,—,só português (2D),2D,,,não toca,não toca,,,,,pendente,não (herdada do 2D),data/dialogos/pedro.json › passos.pegar.lista[2].id
2d.pedro.passos.pegar.lista.2.texto,1099,8 · Herdadas do 2D (não tocam no 3D),Não toca: no 3D a chegada é a de missoes_guia.json.,Pedro,pedro,Fala do 2D (Pedro),—,,,,,,,,O punhado de maniva,,,,19,1.5,"Weverton - Youthful, Energetic and Clear · YbP0Eq5RE5uOoCEl7F3T · eleven_v3",,—,—,,—,só português (2D),2D,,,não toca,não toca,,,,,pendente,não (herdada do 2D),data/dialogos/pedro.json › passos.pegar.lista[2].texto
2d.pedro.passos.pegar_fim.0,1100,8 · Herdadas do 2D (não tocam no 3D),Não toca: no 3D a chegada é a de missoes_guia.json.,Pedro,pedro,Fala do 2D (Pedro),—,,,,,,,,"Guardado. O que você carrega aparece ali embaixo, na fileira.",,,,61,4.4,"Weverton - Youthful, Energetic and Clear · YbP0Eq5RE5uOoCEl7F3T · eleven_v3",,—,—,,—,só português (2D),2D,,,não toca,não toca,,,,,pendente,não (herdada do 2D),data/dialogos/pedro.json › passos.pegar_fim[0]
2d.pedro.passos.pegar_fim.1,1101,8 · Herdadas do 2D (não tocam no 3D),Não toca: no 3D a chegada é a de missoes_guia.json.,Pedro,pedro,Fala do 2D (Pedro),—,,,,,,,,"Aperte de 1 a 6, ou role o botão do meio do mouse, pra trocar o que está na mão.",,,,80,5.7,"Weverton - Youthful, Energetic and Clear · YbP0Eq5RE5uOoCEl7F3T · eleven_v3",,—,—,,—,só português (2D),2D,,,não toca,não toca,,,,,pendente,não (herdada do 2D),data/dialogos/pedro.json › passos.pegar_fim[1]
2d.pedro.passos.pegar_fim.2,1102,8 · Herdadas do 2D (não tocam no 3D),Não toca: no 3D a chegada é a de missoes_guia.json.,Pedro,pedro,Fala do 2D (Pedro),—,,,,,,,,"Apertando de novo o mesmo número você guarda o que estava segurando e fica de mão livre. Serve pra colher, que é coisa de mão.",,,,126,9,"Weverton - Youthful, Energetic and Clear · YbP0Eq5RE5uOoCEl7F3T · eleven_v3",,—,—,,—,só português (2D),2D,,,não toca,não toca,,,,,pendente,não (herdada do 2D),data/dialogos/pedro.json › passos.pegar_fim[2]
2d.pedro.passos.pegar_fim.3,1103,8 · Herdadas do 2D (não tocam no 3D),Não toca: no 3D a chegada é a de missoes_guia.json.,Pedro,pedro,Fala do 2D (Pedro),—,,,,,,,,Repare que a ferramenta aparece do seu lado. Ela age no chão bem à sua frente — não embaixo do pé.,,,,98,7,"Weverton - Youthful, Energetic and Clear · YbP0Eq5RE5uOoCEl7F3T · eleven_v3",,—,—,,—,só português (2D),2D,,,não toca,não toca,,,,,pendente,não (herdada do 2D),data/dialogos/pedro.json › passos.pegar_fim[3]
2d.pedro.passos.roca.fala.0,1104,8 · Herdadas do 2D (não tocam no 3D),Não toca: no 3D a chegada é a de missoes_guia.json.,Pedro,pedro,Fala do 2D (Pedro),—,,,,,,,,"Três coisas pra essa terra virar roça: abrir, plantar e molhar. Na ordem que você quiser — eu não mando na sua enxada.",,,,118,8.4,"Weverton - Youthful, Energetic and Clear · YbP0Eq5RE5uOoCEl7F3T · eleven_v3",,—,—,,—,só português (2D),2D,,,não toca,não toca,,,,,pendente,não (herdada do 2D),data/dialogos/pedro.json › passos.roca.fala[0]
2d.pedro.passos.roca.fala.1,1105,8 · Herdadas do 2D (não tocam no 3D),Não toca: no 3D a chegada é a de missoes_guia.json.,Pedro,pedro,Fala do 2D (Pedro),—,,,,,,,,"A enxada abre. Qualquer chão limpo aqui dentro da cerca serve; em pedra, em caminho batido ou embaixo de construção ela não entra.",,,,130,9.3,"Weverton - Youthful, Energetic and Clear · YbP0Eq5RE5uOoCEl7F3T · eleven_v3",,—,—,,—,só português (2D),2D,,,não toca,não toca,,,,,pendente,não (herdada do 2D),data/dialogos/pedro.json › passos.roca.fala[1]
2d.pedro.passos.roca.fala.2,1106,8 · Herdadas do 2D (não tocam no 3D),Não toca: no 3D a chegada é a de missoes_guia.json.,Pedro,pedro,Fala do 2D (Pedro),—,,,,,,,,"Fique de frente pro chão e aperte E. Aparece uma marca amarela no tile que vai receber a ferramenta; se ela ficar vermelha, ou a ação não cabe ali, ou seu fôlego acabou.",,,,169,12.1,"Weverton - Youthful, Energetic and Clear · YbP0Eq5RE5uOoCEl7F3T · eleven_v3",,—,—,,—,só português (2D),2D,E (Ler / interagir),,não toca,não toca,,,,,pendente,não (herdada do 2D),data/dialogos/pedro.json › passos.roca.fala[2]
2d.pedro.passos.roca.fala.3,1107,8 · Herdadas do 2D (não tocam no 3D),Não toca: no 3D a chegada é a de missoes_guia.json.,Pedro,pedro,Fala do 2D (Pedro),—,,,,,,,,"A maniva vai no leito aberto. E o balde molha — dá pra molhar antes de plantar, que a terra não reclama.",,,,104,7.4,"Weverton - Youthful, Energetic and Clear · YbP0Eq5RE5uOoCEl7F3T · eleven_v3",,—,—,,—,só português (2D),2D,,,não toca,não toca,,,,,pendente,não (herdada do 2D),data/dialogos/pedro.json › passos.roca.fala[3]
2d.pedro.passos.roca.fala.4,1108,8 · Herdadas do 2D (não tocam no 3D),Não toca: no 3D a chegada é a de missoes_guia.json.,Pedro,pedro,Fala do 2D (Pedro),—,,,,,,,,No alto da tela ficam as três marcas. Vá riscando.,,,,50,3.6,"Weverton - Youthful, Energetic and Clear · YbP0Eq5RE5uOoCEl7F3T · eleven_v3",,—,—,,—,só português (2D),2D,,,não toca,não toca,,,,,pendente,não (herdada do 2D),data/dialogos/pedro.json › passos.roca.fala[4]
2d.pedro.passos.roca.lista.0.id,1109,8 · Herdadas do 2D (não tocam no 3D),Não toca: no 3D a chegada é a de missoes_guia.json.,Pedro,pedro,Fala do 2D (Pedro),—,,,,,,,,arar,,,,4,1.5,"Weverton - Youthful, Energetic and Clear · YbP0Eq5RE5uOoCEl7F3T · eleven_v3",,—,—,,—,só português (2D),2D,,,não toca,não toca,,,,,pendente,não (herdada do 2D),data/dialogos/pedro.json › passos.roca.lista[0].id
2d.pedro.passos.roca.lista.0.texto,1110,8 · Herdadas do 2D (não tocam no 3D),Não toca: no 3D a chegada é a de missoes_guia.json.,Pedro,pedro,Fala do 2D (Pedro),—,,,,,,,,Abrir a terra com a enxada,,,,26,1.9,"Weverton - Youthful, Energetic and Clear · YbP0Eq5RE5uOoCEl7F3T · eleven_v3",,—,—,,—,só português (2D),2D,,,não toca,não toca,,,,,pendente,não (herdada do 2D),data/dialogos/pedro.json › passos.roca.lista[0].texto
2d.pedro.passos.roca.lista.1.id,1111,8 · Herdadas do 2D (não tocam no 3D),Não toca: no 3D a chegada é a de missoes_guia.json.,Pedro,pedro,Fala do 2D (Pedro),—,,,,,,,,plantar,,,,7,1.5,"Weverton - Youthful, Energetic and Clear · YbP0Eq5RE5uOoCEl7F3T · eleven_v3",,—,—,,—,só português (2D),2D,,,não toca,não toca,,,,,pendente,não (herdada do 2D),data/dialogos/pedro.json › passos.roca.lista[1].id
2d.pedro.passos.roca.lista.1.texto,1112,8 · Herdadas do 2D (não tocam no 3D),Não toca: no 3D a chegada é a de missoes_guia.json.,Pedro,pedro,Fala do 2D (Pedro),—,,,,,,,,Enfiar a maniva no leito,,,,24,1.7,"Weverton - Youthful, Energetic and Clear · YbP0Eq5RE5uOoCEl7F3T · eleven_v3",,—,—,,—,só português (2D),2D,,,não toca,não toca,,,,,pendente,não (herdada do 2D),data/dialogos/pedro.json › passos.roca.lista[1].texto
2d.pedro.passos.roca.lista.2.id,1113,8 · Herdadas do 2D (não tocam no 3D),Não toca: no 3D a chegada é a de missoes_guia.json.,Pedro,pedro,Fala do 2D (Pedro),—,,,,,,,,regar,,,,5,1.5,"Weverton - Youthful, Energetic and Clear · YbP0Eq5RE5uOoCEl7F3T · eleven_v3",,—,—,,—,só português (2D),2D,,,não toca,não toca,,,,,pendente,não (herdada do 2D),data/dialogos/pedro.json › passos.roca.lista[2].id
2d.pedro.passos.roca.lista.2.texto,1114,8 · Herdadas do 2D (não tocam no 3D),Não toca: no 3D a chegada é a de missoes_guia.json.,Pedro,pedro,Fala do 2D (Pedro),—,,,,,,,,Molhar com o balde,,,,18,1.5,"Weverton - Youthful, Energetic and Clear · YbP0Eq5RE5uOoCEl7F3T · eleven_v3",,—,—,,—,só português (2D),2D,,,não toca,não toca,,,,,pendente,não (herdada do 2D),data/dialogos/pedro.json › passos.roca.lista[2].texto
2d.pedro.passos.roca_fim.0,1115,8 · Herdadas do 2D (não tocam no 3D),Não toca: no 3D a chegada é a de missoes_guia.json.,Pedro,pedro,Fala do 2D (Pedro),—,,,,,,,,Pronto: roça feita. Daqui pra frente é o tempo que trabalha — planta regada cresce um pouco a cada dia.,,,,103,7.4,"Weverton - Youthful, Energetic and Clear · YbP0Eq5RE5uOoCEl7F3T · eleven_v3",,—,—,,—,só português (2D),2D,,,não toca,não toca,,,,,pendente,não (herdada do 2D),data/dialogos/pedro.json › passos.roca_fim[0]
2d.pedro.passos.roca_fim.1,1116,8 · Herdadas do 2D (não tocam no 3D),Não toca: no 3D a chegada é a de missoes_guia.json.,Pedro,pedro,Fala do 2D (Pedro),—,,,,,,,,"E tem que molhar todo dia. Se passar um dia seco, ela para de crescer e você perde a semana.",,,,92,6.6,"Weverton - Youthful, Energetic and Clear · YbP0Eq5RE5uOoCEl7F3T · eleven_v3",,—,—,,—,só português (2D),2D,,,não toca,não toca,,,,,pendente,não (herdada do 2D),data/dialogos/pedro.json › passos.roca_fim[1]
2d.pedro.passos.roca_fim.2,1117,8 · Herdadas do 2D (não tocam no 3D),Não toca: no 3D a chegada é a de missoes_guia.json.,Pedro,pedro,Fala do 2D (Pedro),—,,,,,,,,Não fique parado esperando. Tem trilha pra abrir e terra pra ver — aperte Tab e escolha.,,,,88,6.3,"Weverton - Youthful, Energetic and Clear · YbP0Eq5RE5uOoCEl7F3T · eleven_v3",,—,—,,—,só português (2D),2D,TAB (Trocar de aba),,não toca,não toca,,,,,pendente,não (herdada do 2D),data/dialogos/pedro.json › passos.roca_fim[2]
2d.pedro.passos.colher.fala.0,1118,8 · Herdadas do 2D (não tocam no 3D),Não toca: no 3D a chegada é a de missoes_guia.json.,Pedro,pedro,Fala do 2D (Pedro),—,,,,,,,,"Olha lá, {jogador}: a mandioca chegou no ponto.",,,,47,3.4,"Weverton - Youthful, Energetic and Clear · YbP0Eq5RE5uOoCEl7F3T · eleven_v3",,—,—,,—,só português (2D),2D,,tem marcador que o jogo troca ({…} ou %s): áudio fixo não serve,não toca,não toca,,,,,pendente,não (herdada do 2D),data/dialogos/pedro.json › passos.colher.fala[0]
2d.pedro.passos.colher.fala.1,1119,8 · Herdadas do 2D (não tocam no 3D),Não toca: no 3D a chegada é a de missoes_guia.json.,Pedro,pedro,Fala do 2D (Pedro),—,,,,,,,,Deixe a mão livre — aperte de novo o número da ferramenta pra guardar — e aperte E de frente pra ela.,,,,101,7.2,"Weverton - Youthful, Energetic and Clear · YbP0Eq5RE5uOoCEl7F3T · eleven_v3",,—,—,,—,só português (2D),2D,E (Ler / interagir),,não toca,não toca,,,,,pendente,não (herdada do 2D),data/dialogos/pedro.json › passos.colher.fala[1]
2d.pedro.passos.colher_fim.0,1120,8 · Herdadas do 2D (não tocam no 3D),Não toca: no 3D a chegada é a de missoes_guia.json.,Pedro,pedro,Fala do 2D (Pedro),—,,,,,,,,"Aí está. Primeira colheita sua nesta terra, {jogador}.",,,,54,3.9,"Weverton - Youthful, Energetic and Clear · YbP0Eq5RE5uOoCEl7F3T · eleven_v3",,—,—,,—,só português (2D),2D,,tem marcador que o jogo troca ({…} ou %s): áudio fixo não serve,não toca,não toca,,,,,pendente,não (herdada do 2D),data/dialogos/pedro.json › passos.colher_fim[0]
2d.pedro.passos.colher_fim.1,1121,8 · Herdadas do 2D (não tocam no 3D),Não toca: no 3D a chegada é a de missoes_guia.json.,Pedro,pedro,Fala do 2D (Pedro),—,,,,,,,,"Mas mandioca crua não é comida, é raiz. Falta o fogo.",,,,53,3.8,"Weverton - Youthful, Energetic and Clear · YbP0Eq5RE5uOoCEl7F3T · eleven_v3",,—,—,,—,só português (2D),2D,,,não toca,não toca,,,,,pendente,não (herdada do 2D),data/dialogos/pedro.json › passos.colher_fim[1]
2d.pedro.passos.cozinhar.fala.0,1122,8 · Herdadas do 2D (não tocam no 3D),Não toca: no 3D a chegada é a de missoes_guia.json.,Pedro,pedro,Fala do 2D (Pedro),—,,,,,,,,Volta pra casa e chega perto do fogão de barro. Aperte E ali e abre a cozinha.,,,,78,5.6,"Weverton - Youthful, Energetic and Clear · YbP0Eq5RE5uOoCEl7F3T · eleven_v3",,—,—,,—,só português (2D),2D,,,não toca,não toca,,,,,pendente,não (herdada do 2D),data/dialogos/pedro.json › passos.cozinhar.fala[0]
2d.pedro.passos.cozinhar.fala.1,1123,8 · Herdadas do 2D (não tocam no 3D),Não toca: no 3D a chegada é a de missoes_guia.json.,Pedro,pedro,Fala do 2D (Pedro),—,,,,,,,,"Toma duas achas de lenha, que eu trouxe. A primeira coisa que se faz com mandioca é farinha: rala, prensa e torra.",,,,114,8.1,"Weverton - Youthful, Energetic and Clear · YbP0Eq5RE5uOoCEl7F3T · eleven_v3",,—,—,,—,só português (2D),2D,,,não toca,não toca,,,,,pendente,não (herdada do 2D),data/dialogos/pedro.json › passos.cozinhar.fala[1]
2d.pedro.passos.cozinhar.fala.2,1124,8 · Herdadas do 2D (não tocam no 3D),Não toca: no 3D a chegada é a de missoes_guia.json.,Pedro,pedro,Fala do 2D (Pedro),—,,,,,,,,"Duas mandiocas dão duas farinhas. É pouco, e é assim mesmo — casa de farinha de verdade é outra história.",,,,105,7.5,"Weverton - Youthful, Energetic and Clear · YbP0Eq5RE5uOoCEl7F3T · eleven_v3",,—,—,,—,só português (2D),2D,,,não toca,não toca,,,,,pendente,não (herdada do 2D),data/dialogos/pedro.json › passos.cozinhar.fala[2]
2d.pedro.passos.cozinhar.lista.0.id,1125,8 · Herdadas do 2D (não tocam no 3D),Não toca: no 3D a chegada é a de missoes_guia.json.,Pedro,pedro,Fala do 2D (Pedro),—,,,,,,,,farinha,,,,7,1.5,"Weverton - Youthful, Energetic and Clear · YbP0Eq5RE5uOoCEl7F3T · eleven_v3",,—,—,,—,só português (2D),2D,,,não toca,não toca,,,,,pendente,não (herdada do 2D),data/dialogos/pedro.json › passos.cozinhar.lista[0].id
2d.pedro.passos.cozinhar.lista.0.texto,1126,8 · Herdadas do 2D (não tocam no 3D),Não toca: no 3D a chegada é a de missoes_guia.json.,Pedro,pedro,Fala do 2D (Pedro),—,,,,,,,,Farinha torrada,,,,15,1.5,"Weverton - Youthful, Energetic and Clear · YbP0Eq5RE5uOoCEl7F3T · eleven_v3",,—,—,,—,só português (2D),2D,,,não toca,não toca,,,,,pendente,não (herdada do 2D),data/dialogos/pedro.json › passos.cozinhar.lista[0].texto
2d.pedro.passos.cozinhar.lista.0.item,1127,8 · Herdadas do 2D (não tocam no 3D),Não toca: no 3D a chegada é a de missoes_guia.json.,Pedro,pedro,Fala do 2D (Pedro),—,,,,,,,,farinha,,,,7,1.5,"Weverton - Youthful, Energetic and Clear · YbP0Eq5RE5uOoCEl7F3T · eleven_v3",,—,—,,—,só português (2D),2D,,,não toca,não toca,,,,,pendente,não (herdada do 2D),data/dialogos/pedro.json › passos.cozinhar.lista[0].item
2d.pedro.passos.cozinhar_fim.0,1128,8 · Herdadas do 2D (não tocam no 3D),Não toca: no 3D a chegada é a de missoes_guia.json.,Pedro,pedro,Fala do 2D (Pedro),—,,,,,,,,Sentiu o cheiro? Isso aí é o cheiro de Bom Jesus inteiro de manhã.,,,,66,4.7,"Weverton - Youthful, Energetic and Clear · YbP0Eq5RE5uOoCEl7F3T · eleven_v3",,—,—,,—,só português (2D),2D,,,não toca,não toca,,,,,pendente,não (herdada do 2D),data/dialogos/pedro.json › passos.cozinhar_fim[0]
2d.pedro.passos.cozinhar_fim.1,1129,8 · Herdadas do 2D (não tocam no 3D),Não toca: no 3D a chegada é a de missoes_guia.json.,Pedro,pedro,Fala do 2D (Pedro),—,,,,,,,,"Farinha sozinha enche a barriga e não sustenta. Ela é base, não prato.",,,,70,5,"Weverton - Youthful, Energetic and Clear · YbP0Eq5RE5uOoCEl7F3T · eleven_v3",,—,—,,—,só português (2D),2D,,,não toca,não toca,,,,,pendente,não (herdada do 2D),data/dialogos/pedro.json › passos.cozinhar_fim[1]
2d.pedro.passos.pirao.fala.0,1130,8 · Herdadas do 2D (não tocam no 3D),Não toca: no 3D a chegada é a de missoes_guia.json.,Pedro,pedro,Fala do 2D (Pedro),—,,,,,,,,"Peguei esse peixe hoje cedo, antes de te encontrar. Toma.",,,,57,4.1,"Weverton - Youthful, Energetic and Clear · YbP0Eq5RE5uOoCEl7F3T · eleven_v3",,—,—,,—,só português (2D),2D,,,não toca,não toca,,,,,pendente,não (herdada do 2D),data/dialogos/pedro.json › passos.pirao.fala[0]
2d.pedro.passos.pirao.fala.1,1131,8 · Herdadas do 2D (não tocam no 3D),Não toca: no 3D a chegada é a de missoes_guia.json.,Pedro,pedro,Fala do 2D (Pedro),—,,,,,,,,"Com ele e a sua farinha sai pirão: cozinha o peixe, engrossa o caldo na farinha e mexe até pegar ponto.",,,,103,7.4,"Weverton - Youthful, Energetic and Clear · YbP0Eq5RE5uOoCEl7F3T · eleven_v3",,—,—,,—,só português (2D),2D,,,não toca,não toca,,,,,pendente,não (herdada do 2D),data/dialogos/pedro.json › passos.pirao.fala[1]
2d.pedro.passos.pirao.fala.2,1132,8 · Herdadas do 2D (não tocam no 3D),Não toca: no 3D a chegada é a de missoes_guia.json.,Pedro,pedro,Fala do 2D (Pedro),—,,,,,,,,É o prato que a gente come quando o dia foi longo. E o seu foi.,,,,63,4.5,"Weverton - Youthful, Energetic and Clear · YbP0Eq5RE5uOoCEl7F3T · eleven_v3",,—,—,,—,só português (2D),2D,,,não toca,não toca,,,,,pendente,não (herdada do 2D),data/dialogos/pedro.json › passos.pirao.fala[2]
2d.pedro.passos.pirao_fim.0,1133,8 · Herdadas do 2D (não tocam no 3D),Não toca: no 3D a chegada é a de missoes_guia.json.,Pedro,pedro,Fala do 2D (Pedro),—,,,,,,,,"Olha o ponto disso. Você tem mão, {jogador}, não vou nem mentir.",,,,64,4.6,"Weverton - Youthful, Energetic and Clear · YbP0Eq5RE5uOoCEl7F3T · eleven_v3",,—,—,,—,só português (2D),2D,,tem marcador que o jogo troca ({…} ou %s): áudio fixo não serve,não toca,não toca,,,,,pendente,não (herdada do 2D),data/dialogos/pedro.json › passos.pirao_fim[0]
2d.pedro.passos.comer.fala.0,1134,8 · Herdadas do 2D (não tocam no 3D),Não toca: no 3D a chegada é a de missoes_guia.json.,Pedro,pedro,Fala do 2D (Pedro),—,,,,,,,,"Agora come. Aperte I, ande até o pirão e aperte F.",,,,50,3.6,"Weverton - Youthful, Energetic and Clear · YbP0Eq5RE5uOoCEl7F3T · eleven_v3",,—,—,,—,só português (2D),2D,F (Observar),,não toca,não toca,,,,,pendente,não (herdada do 2D),data/dialogos/pedro.json › passos.comer.fala[0]
2d.pedro.passos.comer.fala.1,1135,8 · Herdadas do 2D (não tocam no 3D),Não toca: no 3D a chegada é a de missoes_guia.json.,Pedro,pedro,Fala do 2D (Pedro),—,,,,,,,,"Repare no fôlego subindo: é comida que devolve na hora, sem esperar a noite.",,,,76,5.4,"Weverton - Youthful, Energetic and Clear · YbP0Eq5RE5uOoCEl7F3T · eleven_v3",,—,—,,—,só português (2D),2D,,,não toca,não toca,,,,,pendente,não (herdada do 2D),data/dialogos/pedro.json › passos.comer.fala[1]
2d.pedro.passos.comer.fala.2,1136,8 · Herdadas do 2D (não tocam no 3D),Não toca: no 3D a chegada é a de missoes_guia.json.,Pedro,pedro,Fala do 2D (Pedro),—,,,,,,,,"E não coma com a barriga cheia. O que passa do seu limite vai no lixo, e o jogo te avisa antes de você fazer besteira.",,,,118,8.4,"Weverton - Youthful, Energetic and Clear · YbP0Eq5RE5uOoCEl7F3T · eleven_v3",,—,—,,—,só português (2D),2D,,,não toca,não toca,,,,,pendente,não (herdada do 2D),data/dialogos/pedro.json › passos.comer.fala[2]
2d.pedro.passos.comer_fim.0,1137,8 · Herdadas do 2D (não tocam no 3D),Não toca: no 3D a chegada é a de missoes_guia.json.,Pedro,pedro,Fala do 2D (Pedro),—,,,,,,,,"Pronto: plantou, regou, colheu, torrou e comeu. O ciclo inteiro num dia.",,,,72,5.1,"Weverton - Youthful, Energetic and Clear · YbP0Eq5RE5uOoCEl7F3T · eleven_v3",,—,—,,—,só português (2D),2D,,,não toca,não toca,,,,,pendente,não (herdada do 2D),data/dialogos/pedro.json › passos.comer_fim[0]
2d.pedro.passos.comer_fim.1,1138,8 · Herdadas do 2D (não tocam no 3D),Não toca: no 3D a chegada é a de missoes_guia.json.,Pedro,pedro,Fala do 2D (Pedro),—,,,,,,,,Daqui pra frente é isso que sustenta você. Cama devolve um tanto por noite; panela devolve na hora.,,,,99,7.1,"Weverton - Youthful, Energetic and Clear · YbP0Eq5RE5uOoCEl7F3T · eleven_v3",,—,—,,—,só português (2D),2D,,,não toca,não toca,,,,,pendente,não (herdada do 2D),data/dialogos/pedro.json › passos.comer_fim[1]
2d.pedro.passos.comer_fim.2,1139,8 · Herdadas do 2D (não tocam no 3D),Não toca: no 3D a chegada é a de missoes_guia.json.,Pedro,pedro,Fala do 2D (Pedro),—,,,,,,,,"Quando tiver cana, faça garapa. Quando pescar, asse o peixe. O fogão aceita tudo que a terra e o mar dão.",,,,105,7.5,"Weverton - Youthful, Energetic and Clear · YbP0Eq5RE5uOoCEl7F3T · eleven_v3",,—,—,,—,só português (2D),2D,,,não toca,não toca,,,,,pendente,não (herdada do 2D),data/dialogos/pedro.json › passos.comer_fim[2]
2d.pedro.passos.ponte_caida.fala.0,1140,8 · Herdadas do 2D (não tocam no 3D),Não toca: no 3D a chegada é a de missoes_guia.json.,Pedro,pedro,Fala do 2D (Pedro),—,,,,,,,,"A fazenda do convite fica pro nascente, do outro lado do rio grande.",,,,68,4.9,"Weverton - Youthful, Energetic and Clear · YbP0Eq5RE5uOoCEl7F3T · eleven_v3",,—,—,,—,só português (2D),2D,,,não toca,não toca,,,,,pendente,não (herdada do 2D),data/dialogos/pedro.json › passos.ponte_caida.fala[0]
2d.pedro.passos.ponte_caida.fala.1,1141,8 · Herdadas do 2D (não tocam no 3D),Não toca: no 3D a chegada é a de missoes_guia.json.,Pedro,pedro,Fala do 2D (Pedro),—,,,,,,,,Desça pela estrada da praia e vá pro leste até o rio. Eu quero que você veja uma coisa com os próprios olhos.,,,,109,7.8,"Weverton - Youthful, Energetic and Clear · YbP0Eq5RE5uOoCEl7F3T · eleven_v3",,—,—,,—,só português (2D),2D,,,não toca,não toca,,,,,pendente,não (herdada do 2D),data/dialogos/pedro.json › passos.ponte_caida.fala[1]
2d.pedro.passos.ponte_caida_fim.0,1142,8 · Herdadas do 2D (não tocam no 3D),Não toca: no 3D a chegada é a de missoes_guia.json.,Pedro,pedro,Fala do 2D (Pedro),—,,,,,,,,"Tá vendo? Caiu. A cheia de fevereiro levou o meio, e o que sobrou tá pendurado.",,,,79,5.6,"Weverton - Youthful, Energetic and Clear · YbP0Eq5RE5uOoCEl7F3T · eleven_v3",,—,—,,—,só português (2D),2D,,,não toca,não toca,,,,,pendente,não (herdada do 2D),data/dialogos/pedro.json › passos.ponte_caida_fim[0]
2d.pedro.passos.ponte_caida_fim.1,1143,8 · Herdadas do 2D (não tocam no 3D),Não toca: no 3D a chegada é a de missoes_guia.json.,Pedro,pedro,Fala do 2D (Pedro),—,,,,,,,,"Ninguém consertou. Aqui nada muda, eu já disse — a gente espera cair e depois espera alguém.",,,,92,6.6,"Weverton - Youthful, Energetic and Clear · YbP0Eq5RE5uOoCEl7F3T · eleven_v3",,—,—,,—,só português (2D),2D,,,não toca,não toca,,,,,pendente,não (herdada do 2D),data/dialogos/pedro.json › passos.ponte_caida_fim[1]
2d.pedro.passos.ponte_caida_fim.2,1144,8 · Herdadas do 2D (não tocam no 3D),Não toca: no 3D a chegada é a de missoes_guia.json.,Pedro,pedro,Fala do 2D (Pedro),—,,,,,,,,"Dessa vez o alguém somos nós. Vou em casa buscar os machados do meu avô. Me espera, ou vem junto.",,,,97,6.9,"Weverton - Youthful, Energetic and Clear · YbP0Eq5RE5uOoCEl7F3T · eleven_v3",,—,—,,—,só português (2D),2D,,,não toca,não toca,,,,,pendente,não (herdada do 2D),data/dialogos/pedro.json › passos.ponte_caida_fim[2]
2d.pedro.passos.buscar_machado.fala.0,1145,8 · Herdadas do 2D (não tocam no 3D),Não toca: no 3D a chegada é a de missoes_guia.json.,Pedro,pedro,Fala do 2D (Pedro),—,,,,,,,,"Vem comigo. A casa é na praia, perto do píer — eu vou na frente.",,,,64,4.6,"Weverton - Youthful, Energetic and Clear · YbP0Eq5RE5uOoCEl7F3T · eleven_v3",,—,—,,—,só português (2D),2D,,,não toca,não toca,,,,,pendente,não (herdada do 2D),data/dialogos/pedro.json › passos.buscar_machado.fala[0]
2d.pedro.passos.buscar_machado_fim.0,1146,8 · Herdadas do 2D (não tocam no 3D),Não toca: no 3D a chegada é a de missoes_guia.json.,Pedro,pedro,Fala do 2D (Pedro),—,,,,,,,,Toma. Esse tem mais idade que nós dois somados; meu avô diz que corta melhor por isso.,,,,86,6.1,"Weverton - Youthful, Energetic and Clear · YbP0Eq5RE5uOoCEl7F3T · eleven_v3",,—,—,,—,só português (2D),2D,,,não toca,não toca,,,,,pendente,não (herdada do 2D),data/dialogos/pedro.json › passos.buscar_machado_fim[0]
2d.pedro.passos.buscar_machado_fim.1,1147,8 · Herdadas do 2D (não tocam no 3D),Não toca: no 3D a chegada é a de missoes_guia.json.,Pedro,pedro,Fala do 2D (Pedro),—,,,,,,,,"Ferramenta certa pra cada coisa, {jogador}: machado é pra pau, picareta é pra pedra. Na coisa errada você só bate e cansa.",,,,122,8.7,"Weverton - Youthful, Energetic and Clear · YbP0Eq5RE5uOoCEl7F3T · eleven_v3",,—,—,,—,só português (2D),2D,,tem marcador que o jogo troca ({…} ou %s): áudio fixo não serve,não toca,não toca,,,,,pendente,não (herdada do 2D),data/dialogos/pedro.json › passos.buscar_machado_fim[1]
2d.pedro.passos.lenha.fala.0,1148,8 · Herdadas do 2D (não tocam no 3D),Não toca: no 3D a chegada é a de missoes_guia.json.,Pedro,pedro,Fala do 2D (Pedro),—,,,,,,,,"Ponte se faz de tábua, e tábua se faz de lenha. Muita lenha.",,,,60,4.3,"Weverton - Youthful, Energetic and Clear · YbP0Eq5RE5uOoCEl7F3T · eleven_v3",,—,—,,—,só português (2D),2D,,,não toca,não toca,,,,,pendente,não (herdada do 2D),data/dialogos/pedro.json › passos.lenha.fala[0]
2d.pedro.passos.lenha.fala.1,1149,8 · Herdadas do 2D (não tocam no 3D),Não toca: no 3D a chegada é a de missoes_guia.json.,Pedro,pedro,Fala do 2D (Pedro),—,,,,,,,,"Derrube pau na mata até juntar trinta e seis. Fique de frente pra árvore, com o machado na mão, e bata — não sai no primeiro golpe.",,,,131,9.4,"Weverton - Youthful, Energetic and Clear · YbP0Eq5RE5uOoCEl7F3T · eleven_v3",,—,—,,—,só português (2D),2D,,,não toca,não toca,,,,,pendente,não (herdada do 2D),data/dialogos/pedro.json › passos.lenha.fala[1]
2d.pedro.passos.lenha.lista.0.id,1150,8 · Herdadas do 2D (não tocam no 3D),Não toca: no 3D a chegada é a de missoes_guia.json.,Pedro,pedro,Fala do 2D (Pedro),—,,,,,,,,lenha,,,,5,1.5,"Weverton - Youthful, Energetic and Clear · YbP0Eq5RE5uOoCEl7F3T · eleven_v3",,—,—,,—,só português (2D),2D,,,não toca,não toca,,,,,pendente,não (herdada do 2D),data/dialogos/pedro.json › passos.lenha.lista[0].id
2d.pedro.passos.lenha.lista.0.texto,1151,8 · Herdadas do 2D (não tocam no 3D),Não toca: no 3D a chegada é a de missoes_guia.json.,Pedro,pedro,Fala do 2D (Pedro),—,,,,,,,,Lenha derrubada,,,,15,1.5,"Weverton - Youthful, Energetic and Clear · YbP0Eq5RE5uOoCEl7F3T · eleven_v3",,—,—,,—,só português (2D),2D,,,não toca,não toca,,,,,pendente,não (herdada do 2D),data/dialogos/pedro.json › passos.lenha.lista[0].texto
2d.pedro.passos.lenha.lista.0.item,1152,8 · Herdadas do 2D (não tocam no 3D),Não toca: no 3D a chegada é a de missoes_guia.json.,Pedro,pedro,Fala do 2D (Pedro),—,,,,,,,,lenha,,,,5,1.5,"Weverton - Youthful, Energetic and Clear · YbP0Eq5RE5uOoCEl7F3T · eleven_v3",,—,—,,—,só português (2D),2D,,,não toca,não toca,,,,,pendente,não (herdada do 2D),data/dialogos/pedro.json › passos.lenha.lista[0].item
2d.pedro.passos.lenha_fim.0,1153,8 · Herdadas do 2D (não tocam no 3D),Não toca: no 3D a chegada é a de missoes_guia.json.,Pedro,pedro,Fala do 2D (Pedro),—,,,,,,,,Chega de lenha. Agora é serrar.,,,,31,2.2,"Weverton - Youthful, Energetic and Clear · YbP0Eq5RE5uOoCEl7F3T · eleven_v3",,—,—,,—,só português (2D),2D,,,não toca,não toca,,,,,pendente,não (herdada do 2D),data/dialogos/pedro.json › passos.lenha_fim[0]
2d.pedro.passos.tabuas.fala.0,1154,8 · Herdadas do 2D (não tocam no 3D),Não toca: no 3D a chegada é a de missoes_guia.json.,Pedro,pedro,Fala do 2D (Pedro),—,,,,,,,,"Tem uma bancada de carpinteiro no seu terreno, a céu aberto. Encoste nela e aperte E: ali a lenha vira tábua e vira corda.",,,,122,8.7,"Weverton - Youthful, Energetic and Clear · YbP0Eq5RE5uOoCEl7F3T · eleven_v3",,—,—,,—,só português (2D),2D,E (Ler / interagir),,não toca,não toca,,,,,pendente,não (herdada do 2D),data/dialogos/pedro.json › passos.tabuas.fala[0]
2d.pedro.passos.tabuas.fala.1,1155,8 · Herdadas do 2D (não tocam no 3D),Não toca: no 3D a chegada é a de missoes_guia.json.,Pedro,pedro,Fala do 2D (Pedro),—,,,,,,,,"A do lado, com a planta em cima, é outra coisa — é onde se decide obra. Não confunda: uma é serrote, a outra é prumo.",,,,117,8.4,"Weverton - Youthful, Energetic and Clear · YbP0Eq5RE5uOoCEl7F3T · eleven_v3",,—,—,,—,só português (2D),2D,,,não toca,não toca,,,,,pendente,não (herdada do 2D),data/dialogos/pedro.json › passos.tabuas.fala[1]
2d.pedro.passos.tabuas.fala.2,1156,8 · Herdadas do 2D (não tocam no 3D),Não toca: no 3D a chegada é a de missoes_guia.json.,Pedro,pedro,Fala do 2D (Pedro),—,,,,,,,,A ponte pede doze tábuas e quatro cordas. Serre até ter tudo.,,,,61,4.4,"Weverton - Youthful, Energetic and Clear · YbP0Eq5RE5uOoCEl7F3T · eleven_v3",,—,—,,—,só português (2D),2D,,,não toca,não toca,,,,,pendente,não (herdada do 2D),data/dialogos/pedro.json › passos.tabuas.fala[2]
2d.pedro.passos.tabuas.lista.0.id,1157,8 · Herdadas do 2D (não tocam no 3D),Não toca: no 3D a chegada é a de missoes_guia.json.,Pedro,pedro,Fala do 2D (Pedro),—,,,,,,,,tabua,,,,5,1.5,"Weverton - Youthful, Energetic and Clear · YbP0Eq5RE5uOoCEl7F3T · eleven_v3",,—,—,,—,só português (2D),2D,,,não toca,não toca,,,,,pendente,não (herdada do 2D),data/dialogos/pedro.json › passos.tabuas.lista[0].id
2d.pedro.passos.tabuas.lista.0.texto,1158,8 · Herdadas do 2D (não tocam no 3D),Não toca: no 3D a chegada é a de missoes_guia.json.,Pedro,pedro,Fala do 2D (Pedro),—,,,,,,,,Tábuas serradas,,,,15,1.5,"Weverton - Youthful, Energetic and Clear · YbP0Eq5RE5uOoCEl7F3T · eleven_v3",,—,—,,—,só português (2D),2D,,,não toca,não toca,,,,,pendente,não (herdada do 2D),data/dialogos/pedro.json › passos.tabuas.lista[0].texto
2d.pedro.passos.tabuas.lista.0.item,1159,8 · Herdadas do 2D (não tocam no 3D),Não toca: no 3D a chegada é a de missoes_guia.json.,Pedro,pedro,Fala do 2D (Pedro),—,,,,,,,,tabua,,,,5,1.5,"Weverton - Youthful, Energetic and Clear · YbP0Eq5RE5uOoCEl7F3T · eleven_v3",,—,—,,—,só português (2D),2D,,,não toca,não toca,,,,,pendente,não (herdada do 2D),data/dialogos/pedro.json › passos.tabuas.lista[0].item
2d.pedro.passos.tabuas.lista.1.id,1160,8 · Herdadas do 2D (não tocam no 3D),Não toca: no 3D a chegada é a de missoes_guia.json.,Pedro,pedro,Fala do 2D (Pedro),—,,,,,,,,corda,,,,5,1.5,"Weverton - Youthful, Energetic and Clear · YbP0Eq5RE5uOoCEl7F3T · eleven_v3",,—,—,,—,só português (2D),2D,,,não toca,não toca,,,,,pendente,não (herdada do 2D),data/dialogos/pedro.json › passos.tabuas.lista[1].id
2d.pedro.passos.tabuas.lista.1.texto,1161,8 · Herdadas do 2D (não tocam no 3D),Não toca: no 3D a chegada é a de missoes_guia.json.,Pedro,pedro,Fala do 2D (Pedro),—,,,,,,,,Cordas torcidas,,,,15,1.5,"Weverton - Youthful, Energetic and Clear · YbP0Eq5RE5uOoCEl7F3T · eleven_v3",,—,—,,—,só português (2D),2D,,,não toca,não toca,,,,,pendente,não (herdada do 2D),data/dialogos/pedro.json › passos.tabuas.lista[1].texto
2d.pedro.passos.tabuas.lista.1.item,1162,8 · Herdadas do 2D (não tocam no 3D),Não toca: no 3D a chegada é a de missoes_guia.json.,Pedro,pedro,Fala do 2D (Pedro),—,,,,,,,,corda,,,,5,1.5,"Weverton - Youthful, Energetic and Clear · YbP0Eq5RE5uOoCEl7F3T · eleven_v3",,—,—,,—,só português (2D),2D,,,não toca,não toca,,,,,pendente,não (herdada do 2D),data/dialogos/pedro.json › passos.tabuas.lista[1].item
2d.pedro.passos.tabuas_fim.0,1163,8 · Herdadas do 2D (não tocam no 3D),Não toca: no 3D a chegada é a de missoes_guia.json.,Pedro,pedro,Fala do 2D (Pedro),—,,,,,,,,Material pronto. Agora é carregar até o rio.,,,,44,3.1,"Weverton - Youthful, Energetic and Clear · YbP0Eq5RE5uOoCEl7F3T · eleven_v3",,—,—,,—,só português (2D),2D,,,não toca,não toca,,,,,pendente,não (herdada do 2D),data/dialogos/pedro.json › passos.tabuas_fim[0]
2d.pedro.passos.ponte.fala.0,1164,8 · Herdadas do 2D (não tocam no 3D),Não toca: no 3D a chegada é a de missoes_guia.json.,Pedro,pedro,Fala do 2D (Pedro),—,,,,,,,,Volte ao vau com tudo isso nas costas e aperte E na ponte caída. A gente levanta ela junto.,,,,91,6.5,"Weverton - Youthful, Energetic and Clear · YbP0Eq5RE5uOoCEl7F3T · eleven_v3",,—,—,,—,só português (2D),2D,E (Ler / interagir),,não toca,não toca,,,,,pendente,não (herdada do 2D),data/dialogos/pedro.json › passos.ponte.fala[0]
2d.pedro.passos.ponte_fim.0,1165,8 · Herdadas do 2D (não tocam no 3D),Não toca: no 3D a chegada é a de missoes_guia.json.,Pedro,pedro,Fala do 2D (Pedro),—,,,,,,,,"De pé. Olha isso, {jogador} — primeira coisa que muda aqui em vinte anos, e fomos nós.",,,,86,6.1,"Weverton - Youthful, Energetic and Clear · YbP0Eq5RE5uOoCEl7F3T · eleven_v3",,—,—,,—,só português (2D),2D,,tem marcador que o jogo troca ({…} ou %s): áudio fixo não serve,não toca,não toca,,,,,pendente,não (herdada do 2D),data/dialogos/pedro.json › passos.ponte_fim[0]
2d.pedro.passos.ponte_fim.1,1166,8 · Herdadas do 2D (não tocam no 3D),Não toca: no 3D a chegada é a de missoes_guia.json.,Pedro,pedro,Fala do 2D (Pedro),—,,,,,,,,"No que meus avós contam, foi assim que o povo chegou naquela fazenda: abrindo caminho um ajudando o outro.",,,,106,7.6,"Weverton - Youthful, Energetic and Clear · YbP0Eq5RE5uOoCEl7F3T · eleven_v3",,—,—,,—,só português (2D),2D,,,não toca,não toca,,,,,pendente,não (herdada do 2D),data/dialogos/pedro.json › passos.ponte_fim[1]
2d.pedro.passos.vilarejo.fala.0,1167,8 · Herdadas do 2D (não tocam no 3D),Não toca: no 3D a chegada é a de missoes_guia.json.,Pedro,pedro,Fala do 2D (Pedro),—,,,,,,,,"Segunda coisa: a praça. Saia pelo portão, desça até a estrada da praia e vá pro poente.",,,,87,6.2,"Weverton - Youthful, Energetic and Clear · YbP0Eq5RE5uOoCEl7F3T · eleven_v3",,—,—,,—,só português (2D),2D,,,não toca,não toca,,,,,pendente,não (herdada do 2D),data/dialogos/pedro.json › passos.vilarejo.fala[0]
2d.pedro.passos.vilarejo.fala.1,1168,8 · Herdadas do 2D (não tocam no 3D),Não toca: no 3D a chegada é a de missoes_guia.json.,Pedro,pedro,Fala do 2D (Pedro),—,,,,,,,,"Passa a igreja, passa o riacho, e a praça é logo ali pra dentro — um largo com um cruzeiro no meio.",,,,99,7.1,"Weverton - Youthful, Energetic and Clear · YbP0Eq5RE5uOoCEl7F3T · eleven_v3",,—,—,,—,só português (2D),2D,,,não toca,não toca,,,,,pendente,não (herdada do 2D),data/dialogos/pedro.json › passos.vilarejo.fala[1]
2d.pedro.passos.vilarejo.fala.2,1169,8 · Herdadas do 2D (não tocam no 3D),Não toca: no 3D a chegada é a de missoes_guia.json.,Pedro,pedro,Fala do 2D (Pedro),—,,,,,,,,Tem um mural lá que eu quero que você leia.,,,,43,3.1,"Weverton - Youthful, Energetic and Clear · YbP0Eq5RE5uOoCEl7F3T · eleven_v3",,—,—,,—,só português (2D),2D,,,não toca,não toca,,,,,pendente,não (herdada do 2D),data/dialogos/pedro.json › passos.vilarejo.fala[2]
2d.pedro.passos.vilarejo_fim.0,1170,8 · Herdadas do 2D (não tocam no 3D),Não toca: no 3D a chegada é a de missoes_guia.json.,Pedro,pedro,Fala do 2D (Pedro),—,,,,,,,,Pronto. Agora você conhece todo mundo que eu conheço.,,,,53,3.8,"Weverton - Youthful, Energetic and Clear · YbP0Eq5RE5uOoCEl7F3T · eleven_v3",,—,—,,—,só português (2D),2D,,,não toca,não toca,,,,,pendente,não (herdada do 2D),data/dialogos/pedro.json › passos.vilarejo_fim[0]
2d.pedro.passos.vilarejo_fim.1,1171,8 · Herdadas do 2D (não tocam no 3D),Não toca: no 3D a chegada é a de missoes_guia.json.,Pedro,pedro,Fala do 2D (Pedro),—,,,,,,,,E tem uma coisa pregada no poste da praça que eu quero que você veja. Siga o losango.,,,,85,6.1,"Weverton - Youthful, Energetic and Clear · YbP0Eq5RE5uOoCEl7F3T · eleven_v3",,—,—,,—,só português (2D),2D,,,não toca,não toca,,,,,pendente,não (herdada do 2D),data/dialogos/pedro.json › passos.vilarejo_fim[1]
2d.pedro.passos.companhia.0,1172,8 · Herdadas do 2D (não tocam no 3D),Não toca: no 3D a chegada é a de missoes_guia.json.,Pedro,pedro,Fala do 2D (Pedro),—,,,,,,,,"Ó, {jogador}: eu tenho minhas coisas pra fazer, e você tem as suas.",,,,67,4.8,"Weverton - Youthful, Energetic and Clear · YbP0Eq5RE5uOoCEl7F3T · eleven_v3",,—,—,,—,só português (2D),2D,,tem marcador que o jogo troca ({…} ou %s): áudio fixo não serve,não toca,não toca,,,,,pendente,não (herdada do 2D),data/dialogos/pedro.json › passos.companhia[0]
2d.pedro.passos.companhia.1,1173,8 · Herdadas do 2D (não tocam no 3D),Não toca: no 3D a chegada é a de missoes_guia.json.,Pedro,pedro,Fala do 2D (Pedro),—,,,,,,,,"Se quiser andar sozinho, aperte C. Eu paro de te seguir e volto pro meu canto cuidar da minha vida.",,,,99,7.1,"Weverton - Youthful, Energetic and Clear · YbP0Eq5RE5uOoCEl7F3T · eleven_v3",,—,—,,—,só português (2D),2D,C (Alternar a câmera),,não toca,não toca,,,,,pendente,não (herdada do 2D),data/dialogos/pedro.json › passos.companhia[1]
2d.pedro.passos.companhia.2,1174,8 · Herdadas do 2D (não tocam no 3D),Não toca: no 3D a chegada é a de missoes_guia.json.,Pedro,pedro,Fala do 2D (Pedro),—,,,,,,,,Aperta C de novo quando quiser companhia. Vale pra mim e pra qualquer um que ande com você mais pra frente.,,,,107,7.6,"Weverton - Youthful, Energetic and Clear · YbP0Eq5RE5uOoCEl7F3T · eleven_v3",,—,—,,—,só português (2D),2D,,,não toca,não toca,,,,,pendente,não (herdada do 2D),data/dialogos/pedro.json › passos.companhia[2]
2d.pedro.passos.convite.fala.0,1175,8 · Herdadas do 2D (não tocam no 3D),Não toca: no 3D a chegada é a de missoes_guia.json.,Pedro,pedro,Fala do 2D (Pedro),—,,,,,,,,"Tá ali, no mural. Chegue de frente pra ele e aperte E.",,,,54,3.9,"Weverton - Youthful, Energetic and Clear · YbP0Eq5RE5uOoCEl7F3T · eleven_v3",,—,—,,—,só português (2D),2D,E (Ler / interagir),,não toca,não toca,,,,,pendente,não (herdada do 2D),data/dialogos/pedro.json › passos.convite.fala[0]
2d.pedro.passos.convite.fala.1,1176,8 · Herdadas do 2D (não tocam no 3D),Não toca: no 3D a chegada é a de missoes_guia.json.,Pedro,pedro,Fala do 2D (Pedro),—,,,,,,,,"Leia você, que estudou na capital. Eu leio devagar demais e o povo ri.",,,,70,5,"Weverton - Youthful, Energetic and Clear · YbP0Eq5RE5uOoCEl7F3T · eleven_v3",,—,—,,—,só português (2D),2D,,,não toca,não toca,,,,,pendente,não (herdada do 2D),data/dialogos/pedro.json › passos.convite.fala[1]
2d.pedro.passos.convite_fim.0,1177,8 · Herdadas do 2D (não tocam no 3D),Não toca: no 3D a chegada é a de missoes_guia.json.,Pedro,pedro,Fala do 2D (Pedro),—,,,,,,,,"""Compareçam. Haverá um grande evento."" Só isso? Nem quem assina?",,,,64,4.6,"Weverton - Youthful, Energetic and Clear · YbP0Eq5RE5uOoCEl7F3T · eleven_v3",,—,—,,—,só português (2D),2D,,,não toca,não toca,,,,,pendente,não (herdada do 2D),data/dialogos/pedro.json › passos.convite_fim[0]
2d.pedro.passos.convite_fim.1,1178,8 · Herdadas do 2D (não tocam no 3D),Não toca: no 3D a chegada é a de missoes_guia.json.,Pedro,pedro,Fala do 2D (Pedro),—,,,,,,,,"Chegou numa fazenda isolada, lá pros lados do mato fechado, e convidaram o vilarejo inteiro.",,,,92,6.6,"Weverton - Youthful, Energetic and Clear · YbP0Eq5RE5uOoCEl7F3T · eleven_v3",,—,—,,—,só português (2D),2D,,,não toca,não toca,,,,,pendente,não (herdada do 2D),data/dialogos/pedro.json › passos.convite_fim[1]
2d.pedro.passos.convite_fim.2,1179,8 · Herdadas do 2D (não tocam no 3D),Não toca: no 3D a chegada é a de missoes_guia.json.,Pedro,pedro,Fala do 2D (Pedro),—,,,,,,,,"Terra grande daquele jeito, e ninguém nunca viu o dono. Agora manda chamar todo mundo.",,,,86,6.1,"Weverton - Youthful, Energetic and Clear · YbP0Eq5RE5uOoCEl7F3T · eleven_v3",,—,—,,—,só português (2D),2D,,,não toca,não toca,,,,,pendente,não (herdada do 2D),data/dialogos/pedro.json › passos.convite_fim[2]
2d.pedro.passos.convite_fim.3,1180,8 · Herdadas do 2D (não tocam no 3D),Não toca: no 3D a chegada é a de missoes_guia.json.,Pedro,pedro,Fala do 2D (Pedro),—,,,,,,,,"Meus avós já decidiram que vão. Eu vou junto — e queria que você fosse também, {jogador}.",,,,89,6.4,"Weverton - Youthful, Energetic and Clear · YbP0Eq5RE5uOoCEl7F3T · eleven_v3",,—,—,,—,só português (2D),2D,,tem marcador que o jogo troca ({…} ou %s): áudio fixo não serve,não toca,não toca,,,,,pendente,não (herdada do 2D),data/dialogos/pedro.json › passos.convite_fim[3]
2d.pedro.passos.picareta.fala.0,1181,8 · Herdadas do 2D (não tocam no 3D),Não toca: no 3D a chegada é a de missoes_guia.json.,Pedro,pedro,Fala do 2D (Pedro),—,,,,,,,,"Olha lá em cima, {jogador}. Naquela lombada, na boca da subida.",,,,63,4.5,"Weverton - Youthful, Energetic and Clear · YbP0Eq5RE5uOoCEl7F3T · eleven_v3",,—,—,,—,só português (2D),2D,,tem marcador que o jogo troca ({…} ou %s): áudio fixo não serve,não toca,não toca,,,,,pendente,não (herdada do 2D),data/dialogos/pedro.json › passos.picareta.fala[0]
2d.pedro.passos.picareta.fala.1,1182,8 · Herdadas do 2D (não tocam no 3D),Não toca: no 3D a chegada é a de missoes_guia.json.,Pedro,pedro,Fala do 2D (Pedro),—,,,,,,,,"Choveu forte na semana que você passou embarcado. A ladeira amoleceu e uma lapa desceu rolando — parou bem atravessada na rampa, que é a subida de cá.",,,,150,10.7,"Weverton - Youthful, Energetic and Clear · YbP0Eq5RE5uOoCEl7F3T · eleven_v3",,—,—,,—,só português (2D),2D,,,não toca,não toca,,,,,pendente,não (herdada do 2D),data/dialogos/pedro.json › passos.picareta.fala[1]
2d.pedro.passos.picareta.fala.2,1183,8 · Herdadas do 2D (não tocam no 3D),Não toca: no 3D a chegada é a de missoes_guia.json.,Pedro,pedro,Fala do 2D (Pedro),—,,,,,,,,"Dá pra chegar lá em cima dando a volta inteira pelo norte, mas é volta de meia manhã. E não é que a lombada faça falta hoje: é que pedra atravessada num caminho vira pedra atravessada pra sempre, se ninguém encostar nela.",,,,221,15.8,"Weverton - Youthful, Energetic and Clear · YbP0Eq5RE5uOoCEl7F3T · eleven_v3",,—,—,,—,só português (2D),2D,,,não toca,não toca,,,,,pendente,não (herdada do 2D),data/dialogos/pedro.json › passos.picareta.fala[2]
2d.pedro.passos.picareta.fala.3,1184,8 · Herdadas do 2D (não tocam no 3D),Não toca: no 3D a chegada é a de missoes_guia.json.,Pedro,pedro,Fala do 2D (Pedro),—,,,,,,,,Repare uma coisa nesse pau que você acabou de derrubar: o machado entrou fácil. Agora imagine o mesmo machado naquela pedra.,,,,124,8.9,"Weverton - Youthful, Energetic and Clear · YbP0Eq5RE5uOoCEl7F3T · eleven_v3",,—,—,,—,só português (2D),2D,,,não toca,não toca,,,,,pendente,não (herdada do 2D),data/dialogos/pedro.json › passos.picareta.fala[3]
2d.pedro.passos.picareta.fala.4,1185,8 · Herdadas do 2D (não tocam no 3D),Não toca: no 3D a chegada é a de missoes_guia.json.,Pedro,pedro,Fala do 2D (Pedro),—,,,,,,,,"Não imagine não, que você é capaz de tentar. Toma — guarde essa picareta. Era do meu tio.",,,,89,6.4,"Weverton - Youthful, Energetic and Clear · YbP0Eq5RE5uOoCEl7F3T · eleven_v3",,—,—,,—,só português (2D),2D,,,não toca,não toca,,,,,pendente,não (herdada do 2D),data/dialogos/pedro.json › passos.picareta.fala[4]
2d.pedro.passos.picareta.fala.5,1186,8 · Herdadas do 2D (não tocam no 3D),Não toca: no 3D a chegada é a de missoes_guia.json.,Pedro,pedro,Fala do 2D (Pedro),—,,,,,,,,"Ferramenta certa pra cada coisa: machado é pra pau, picareta é pra pedra. Na coisa errada você só bate e cansa.",,,,111,7.9,"Weverton - Youthful, Energetic and Clear · YbP0Eq5RE5uOoCEl7F3T · eleven_v3",,—,—,,—,só português (2D),2D,,,não toca,não toca,,,,,pendente,não (herdada do 2D),data/dialogos/pedro.json › passos.picareta.fala[5]
2d.pedro.passos.picareta.fala.6,1187,8 · Herdadas do 2D (não tocam no 3D),Não toca: no 3D a chegada é a de missoes_guia.json.,Pedro,pedro,Fala do 2D (Pedro),—,,,,,,,,"E tem mais: a lapa não é só estorvo, é material. Aquela sua casa pede uma varanda — telheiro na frente, esteio de madeira, e calço de pedra embaixo de cada esteio. Só o calço são oito pedras.",,,,191,13.6,"Weverton - Youthful, Energetic and Clear · YbP0Eq5RE5uOoCEl7F3T · eleven_v3",,—,—,,—,só português (2D),2D,,,não toca,não toca,,,,,pendente,não (herdada do 2D),data/dialogos/pedro.json › passos.picareta.fala[6]
2d.pedro.passos.picareta.fala.7,1188,8 · Herdadas do 2D (não tocam no 3D),Não toca: no 3D a chegada é a de missoes_guia.json.,Pedro,pedro,Fala do 2D (Pedro),—,,,,,,,,"A lapa dá oito certinhas. Você abre a passagem e sai de lá com o calço no ombro. Duas coisas, um serviço.",,,,105,7.5,"Weverton - Youthful, Energetic and Clear · YbP0Eq5RE5uOoCEl7F3T · eleven_v3",,—,—,,—,só português (2D),2D,,,não toca,não toca,,,,,pendente,não (herdada do 2D),data/dialogos/pedro.json › passos.picareta.fala[7]
2d.pedro.passos.picareta.fala.8,1189,8 · Herdadas do 2D (não tocam no 3D),Não toca: no 3D a chegada é a de missoes_guia.json.,Pedro,pedro,Fala do 2D (Pedro),—,,,,,,,,"Fique de frente, aperte E, e bata até rachar — o losango te leva até ela.",,,,73,5.2,"Weverton - Youthful, Energetic and Clear · YbP0Eq5RE5uOoCEl7F3T · eleven_v3",,—,—,,—,só português (2D),2D,E (Ler / interagir),,não toca,não toca,,,,,pendente,não (herdada do 2D),data/dialogos/pedro.json › passos.picareta.fala[8]
2d.pedro.passos.picareta.fala.9,1190,8 · Herdadas do 2D (não tocam no 3D),Não toca: no 3D a chegada é a de missoes_guia.json.,Pedro,pedro,Fala do 2D (Pedro),—,,,,,,,,"E só racha o que for da sua terra ou de terra de ninguém. Aquela lombada não é de ninguém. Pedra de quintal alheio tem dono, igual ao pau.",,,,138,9.9,"Weverton - Youthful, Energetic and Clear · YbP0Eq5RE5uOoCEl7F3T · eleven_v3",,—,—,,—,só português (2D),2D,,,não toca,não toca,,,,,pendente,não (herdada do 2D),data/dialogos/pedro.json › passos.picareta.fala[9]
2d.pedro.passos.picareta.lista.0.id,1191,8 · Herdadas do 2D (não tocam no 3D),Não toca: no 3D a chegada é a de missoes_guia.json.,Pedro,pedro,Fala do 2D (Pedro),—,,,,,,,,passagem,,,,8,1.5,"Weverton - Youthful, Energetic and Clear · YbP0Eq5RE5uOoCEl7F3T · eleven_v3",,—,—,,—,só português (2D),2D,,,não toca,não toca,,,,,pendente,não (herdada do 2D),data/dialogos/pedro.json › passos.picareta.lista[0].id
2d.pedro.passos.picareta.lista.0.texto,1192,8 · Herdadas do 2D (não tocam no 3D),Não toca: no 3D a chegada é a de missoes_guia.json.,Pedro,pedro,Fala do 2D (Pedro),—,,,,,,,,Passagem da lombada aberta,,,,26,1.9,"Weverton - Youthful, Energetic and Clear · YbP0Eq5RE5uOoCEl7F3T · eleven_v3",,—,—,,—,só português (2D),2D,,,não toca,não toca,,,,,pendente,não (herdada do 2D),data/dialogos/pedro.json › passos.picareta.lista[0].texto
2d.pedro.passos.picareta.lista.1.id,1193,8 · Herdadas do 2D (não tocam no 3D),Não toca: no 3D a chegada é a de missoes_guia.json.,Pedro,pedro,Fala do 2D (Pedro),—,,,,,,,,pedra,,,,5,1.5,"Weverton - Youthful, Energetic and Clear · YbP0Eq5RE5uOoCEl7F3T · eleven_v3",,—,—,,—,só português (2D),2D,,,não toca,não toca,,,,,pendente,não (herdada do 2D),data/dialogos/pedro.json › passos.picareta.lista[1].id
2d.pedro.passos.picareta.lista.1.texto,1194,8 · Herdadas do 2D (não tocam no 3D),Não toca: no 3D a chegada é a de missoes_guia.json.,Pedro,pedro,Fala do 2D (Pedro),—,,,,,,,,Pedra rachada,,,,13,1.5,"Weverton - Youthful, Energetic and Clear · YbP0Eq5RE5uOoCEl7F3T · eleven_v3",,—,—,,—,só português (2D),2D,,,não toca,não toca,,,,,pendente,não (herdada do 2D),data/dialogos/pedro.json › passos.picareta.lista[1].texto
2d.pedro.passos.picareta.lista.1.item,1195,8 · Herdadas do 2D (não tocam no 3D),Não toca: no 3D a chegada é a de missoes_guia.json.,Pedro,pedro,Fala do 2D (Pedro),—,,,,,,,,pedra,,,,5,1.5,"Weverton - Youthful, Energetic and Clear · YbP0Eq5RE5uOoCEl7F3T · eleven_v3",,—,—,,—,só português (2D),2D,,,não toca,não toca,,,,,pendente,não (herdada do 2D),data/dialogos/pedro.json › passos.picareta.lista[1].item
2d.pedro.passos.picareta_fim.0,1196,8 · Herdadas do 2D (não tocam no 3D),Não toca: no 3D a chegada é a de missoes_guia.json.,Pedro,pedro,Fala do 2D (Pedro),—,,,,,,,,"Passou. Subi ali agora de manhã só pra ver se dava, e dá.",,,,57,4.1,"Weverton - Youthful, Energetic and Clear · YbP0Eq5RE5uOoCEl7F3T · eleven_v3",,—,—,,—,só português (2D),2D,,,não toca,não toca,,,,,pendente,não (herdada do 2D),data/dialogos/pedro.json › passos.picareta_fim[0]
2d.pedro.passos.picareta_fim.1,1197,8 · Herdadas do 2D (não tocam no 3D),Não toca: no 3D a chegada é a de missoes_guia.json.,Pedro,pedro,Fala do 2D (Pedro),—,,,,,,,,"E oito pedras no ombro. Dá pro calço da varanda, exatamente.",,,,60,4.3,"Weverton - Youthful, Energetic and Clear · YbP0Eq5RE5uOoCEl7F3T · eleven_v3",,—,—,,—,só português (2D),2D,,,não toca,não toca,,,,,pendente,não (herdada do 2D),data/dialogos/pedro.json › passos.picareta_fim[1]
2d.pedro.passos.picareta_fim.2,1198,8 · Herdadas do 2D (não tocam no 3D),Não toca: no 3D a chegada é a de missoes_guia.json.,Pedro,pedro,Fala do 2D (Pedro),—,,,,,,,,"A obra inteira pede mais que isso — tábua e lenha também —, mas a pedra é a parte que não se serra: ou você racha, ou não tem.",,,,126,9,"Weverton - Youthful, Energetic and Clear · YbP0Eq5RE5uOoCEl7F3T · eleven_v3",,—,—,,—,só português (2D),2D,,,não toca,não toca,,,,,pendente,não (herdada do 2D),data/dialogos/pedro.json › passos.picareta_fim[2]
2d.pedro.passos.picareta_fim.3,1199,8 · Herdadas do 2D (não tocam no 3D),Não toca: no 3D a chegada é a de missoes_guia.json.,Pedro,pedro,Fala do 2D (Pedro),—,,,,,,,,"Quando juntar o resto, encoste na casa e aperte E, que a obra tá lá esperando. Muda a casa por fora e por dentro.",,,,113,8.1,"Weverton - Youthful, Energetic and Clear · YbP0Eq5RE5uOoCEl7F3T · eleven_v3",,—,—,,—,só português (2D),2D,E (Ler / interagir),,não toca,não toca,,,,,pendente,não (herdada do 2D),data/dialogos/pedro.json › passos.picareta_fim[3]
2d.pedro.passos.picareta_fim.4,1200,8 · Herdadas do 2D (não tocam no 3D),Não toca: no 3D a chegada é a de missoes_guia.json.,Pedro,pedro,Fala do 2D (Pedro),—,,,,,,,,"E tem pedra que essa picareta ainda não racha. Quando esbarrar numa dessas, não insista: é ferramenta melhor que falta, não força.",,,,130,9.3,"Weverton - Youthful, Energetic and Clear · YbP0Eq5RE5uOoCEl7F3T · eleven_v3",,—,—,,—,só português (2D),2D,,,não toca,não toca,,,,,pendente,não (herdada do 2D),data/dialogos/pedro.json › passos.picareta_fim[4]
2d.pedro.passos.pesca.fala.0,1201,8 · Herdadas do 2D (não tocam no 3D),Não toca: no 3D a chegada é a de missoes_guia.json.,Pedro,pedro,Fala do 2D (Pedro),—,,,,,,,,Agora o que eu sei de verdade. Essa vara era do meu pai.,,,,56,4,"Weverton - Youthful, Energetic and Clear · YbP0Eq5RE5uOoCEl7F3T · eleven_v3",,—,—,,—,só português (2D),2D,,,não toca,não toca,,,,,pendente,não (herdada do 2D),data/dialogos/pedro.json › passos.pesca.fala[0]
2d.pedro.passos.pesca.fala.1,1202,8 · Herdadas do 2D (não tocam no 3D),Não toca: no 3D a chegada é a de missoes_guia.json.,Pedro,pedro,Fala do 2D (Pedro),—,,,,,,,,"Volte lá no píer, fique de frente pra água com a vara na mão e aperte E. A linha vai.",,,,85,6.1,"Weverton - Youthful, Energetic and Clear · YbP0Eq5RE5uOoCEl7F3T · eleven_v3",,—,—,,—,só português (2D),2D,E (Ler / interagir),,não toca,não toca,,,,,pendente,não (herdada do 2D),data/dialogos/pedro.json › passos.pesca.fala[1]
2d.pedro.passos.pesca.fala.2,1203,8 · Herdadas do 2D (não tocam no 3D),Não toca: no 3D a chegada é a de missoes_guia.json.,Pedro,pedro,Fala do 2D (Pedro),—,,,,,,,,"Aí é esperar. O peixe vem quando quer, não quando você quer — pode demorar.",,,,75,5.4,"Weverton - Youthful, Energetic and Clear · YbP0Eq5RE5uOoCEl7F3T · eleven_v3",,—,—,,—,só português (2D),2D,,,não toca,não toca,,,,,pendente,não (herdada do 2D),data/dialogos/pedro.json › passos.pesca.fala[2]
2d.pedro.passos.pesca.fala.3,1204,8 · Herdadas do 2D (não tocam no 3D),Não toca: no 3D a chegada é a de missoes_guia.json.,Pedro,pedro,Fala do 2D (Pedro),—,,,,,,,,"Quando ferrar, eu grito. Você tem MENOS DE UM SEGUNDO pra apertar E de novo. Se dormir no ponto, ele leva a isca e some.",,,,120,8.6,"Weverton - Youthful, Energetic and Clear · YbP0Eq5RE5uOoCEl7F3T · eleven_v3",,—,—,,—,só português (2D),2D,E (Ler / interagir),,não toca,não toca,,,,,pendente,não (herdada do 2D),data/dialogos/pedro.json › passos.pesca.fala[3]
2d.pedro.passos.pesca.fala.4,1205,8 · Herdadas do 2D (não tocam no 3D),Não toca: no 3D a chegada é a de missoes_guia.json.,Pedro,pedro,Fala do 2D (Pedro),—,,,,,,,,"Traga dois peixes. Depois disso você não passa fome nunca mais, aconteça o que acontecer com a roça.",,,,100,7.1,"Weverton - Youthful, Energetic and Clear · YbP0Eq5RE5uOoCEl7F3T · eleven_v3",,—,—,,—,só português (2D),2D,,,não toca,não toca,,,,,pendente,não (herdada do 2D),data/dialogos/pedro.json › passos.pesca.fala[4]
2d.pedro.passos.pesca.lista.0.id,1206,8 · Herdadas do 2D (não tocam no 3D),Não toca: no 3D a chegada é a de missoes_guia.json.,Pedro,pedro,Fala do 2D (Pedro),—,,,,,,,,peixe,,,,5,1.5,"Weverton - Youthful, Energetic and Clear · YbP0Eq5RE5uOoCEl7F3T · eleven_v3",,—,—,,—,só português (2D),2D,,,não toca,não toca,,,,,pendente,não (herdada do 2D),data/dialogos/pedro.json › passos.pesca.lista[0].id
2d.pedro.passos.pesca.lista.0.texto,1207,8 · Herdadas do 2D (não tocam no 3D),Não toca: no 3D a chegada é a de missoes_guia.json.,Pedro,pedro,Fala do 2D (Pedro),—,,,,,,,,Peixe na cesta,,,,14,1.5,"Weverton - Youthful, Energetic and Clear · YbP0Eq5RE5uOoCEl7F3T · eleven_v3",,—,—,,—,só português (2D),2D,,,não toca,não toca,,,,,pendente,não (herdada do 2D),data/dialogos/pedro.json › passos.pesca.lista[0].texto
2d.pedro.passos.pesca.lista.0.item,1208,8 · Herdadas do 2D (não tocam no 3D),Não toca: no 3D a chegada é a de missoes_guia.json.,Pedro,pedro,Fala do 2D (Pedro),—,,,,,,,,peixe,,,,5,1.5,"Weverton - Youthful, Energetic and Clear · YbP0Eq5RE5uOoCEl7F3T · eleven_v3",,—,—,,—,só português (2D),2D,,,não toca,não toca,,,,,pendente,não (herdada do 2D),data/dialogos/pedro.json › passos.pesca.lista[0].item
2d.pedro.passos.pesca_fim.0,1209,8 · Herdadas do 2D (não tocam no 3D),Não toca: no 3D a chegada é a de missoes_guia.json.,Pedro,pedro,Fala do 2D (Pedro),—,,,,,,,,Viu? É só atenção. Metade do arraial vive disso e a outra metade acha que é sorte.,,,,82,5.9,"Weverton - Youthful, Energetic and Clear · YbP0Eq5RE5uOoCEl7F3T · eleven_v3",,—,—,,—,só português (2D),2D,,,não toca,não toca,,,,,pendente,não (herdada do 2D),data/dialogos/pedro.json › passos.pesca_fim[0]
2d.pedro.passos.pesca_fim.1,1210,8 · Herdadas do 2D (não tocam no 3D),Não toca: no 3D a chegada é a de missoes_guia.json.,Pedro,pedro,Fala do 2D (Pedro),—,,,,,,,,Peixe e farinha é pirão. Pirão é dia inteiro de trabalho. Faz a conta.,,,,70,5,"Weverton - Youthful, Energetic and Clear · YbP0Eq5RE5uOoCEl7F3T · eleven_v3",,—,—,,—,só português (2D),2D,,,não toca,não toca,,,,,pendente,não (herdada do 2D),data/dialogos/pedro.json › passos.pesca_fim[1]
2d.pedro.passos.talentos.fala.0,1211,8 · Herdadas do 2D (não tocam no 3D),Não toca: no 3D a chegada é a de missoes_guia.json.,Pedro,pedro,Fala do 2D (Pedro),—,,,,,,,,"Uma última coisa, e essa nem todo mundo percebe sozinho.",,,,56,4,"Weverton - Youthful, Energetic and Clear · YbP0Eq5RE5uOoCEl7F3T · eleven_v3",,—,—,,—,só português (2D),2D,,,não toca,não toca,,,,,pendente,não (herdada do 2D),data/dialogos/pedro.json › passos.talentos.fala[0]
2d.pedro.passos.talentos.fala.1,1212,8 · Herdadas do 2D (não tocam no 3D),Não toca: no 3D a chegada é a de missoes_guia.json.,Pedro,pedro,Fala do 2D (Pedro),—,,,,,,,,"Tudo que você faz — arar, plantar, derrubar, pescar, rezar — o corpo aprende. E de tanto aprender, uma hora ele muda.",,,,117,8.4,"Weverton - Youthful, Energetic and Clear · YbP0Eq5RE5uOoCEl7F3T · eleven_v3",,—,—,,—,só português (2D),2D,,,não toca,não toca,,,,,pendente,não (herdada do 2D),data/dialogos/pedro.json › passos.talentos.fala[1]
2d.pedro.passos.talentos.fala.2,1213,8 · Herdadas do 2D (não tocam no 3D),Não toca: no 3D a chegada é a de missoes_guia.json.,Pedro,pedro,Fala do 2D (Pedro),—,,,,,,,,Aperte K. Vai abrir uma teia com você no meio e os caminhos saindo pra tudo quanto é lado.,,,,90,6.4,"Weverton - Youthful, Energetic and Clear · YbP0Eq5RE5uOoCEl7F3T · eleven_v3",,—,—,,—,só português (2D),2D,,,não toca,não toca,,,,,pendente,não (herdada do 2D),data/dialogos/pedro.json › passos.talentos.fala[2]
2d.pedro.passos.talentos.fala.3,1214,8 · Herdadas do 2D (não tocam no 3D),Não toca: no 3D a chegada é a de missoes_guia.json.,Pedro,pedro,Fala do 2D (Pedro),—,,,,,,,,Cada ponto que você juntou dá pra gastar num desses caminhos. Escolha um e aperte E em cima dele.,,,,97,6.9,"Weverton - Youthful, Energetic and Clear · YbP0Eq5RE5uOoCEl7F3T · eleven_v3",,—,—,,—,só português (2D),2D,E (Ler / interagir),,não toca,não toca,,,,,pendente,não (herdada do 2D),data/dialogos/pedro.json › passos.talentos.fala[3]
2d.pedro.passos.talentos.fala.4,1215,8 · Herdadas do 2D (não tocam no 3D),Não toca: no 3D a chegada é a de missoes_guia.json.,Pedro,pedro,Fala do 2D (Pedro),—,,,,,,,,"Não tem escolha errada, só tem escolha. Gaste o que você tem.",,,,61,4.4,"Weverton - Youthful, Energetic and Clear · YbP0Eq5RE5uOoCEl7F3T · eleven_v3",,—,—,,—,só português (2D),2D,,,não toca,não toca,,,,,pendente,não (herdada do 2D),data/dialogos/pedro.json › passos.talentos.fala[4]
2d.pedro.passos.pomar.fala.0,1216,8 · Herdadas do 2D (não tocam no 3D),Não toca: no 3D a chegada é a de missoes_guia.json.,Pedro,pedro,Fala do 2D (Pedro),—,,,,,,,,Você já colheu o bastante pra eu te falar de uma coisa que eu não falei no começo.,,,,82,5.9,"Weverton - Youthful, Energetic and Clear · YbP0Eq5RE5uOoCEl7F3T · eleven_v3",,—,—,,—,só português (2D),2D,,,não toca,não toca,,,,,pendente,não (herdada do 2D),data/dialogos/pedro.json › passos.pomar.fala[0]
2d.pedro.passos.pomar.fala.1,1217,8 · Herdadas do 2D (não tocam no 3D),Não toca: no 3D a chegada é a de missoes_guia.json.,Pedro,pedro,Fala do 2D (Pedro),—,,,,,,,,"Mandioca é comida de agora. Você planta, espera, arranca, e o pé vai junto. Todo ciclo é do zero.",,,,97,6.9,"Weverton - Youthful, Energetic and Clear · YbP0Eq5RE5uOoCEl7F3T · eleven_v3",,—,—,,—,só português (2D),2D,,,não toca,não toca,,,,,pendente,não (herdada do 2D),data/dialogos/pedro.json › passos.pomar.fala[1]
2d.pedro.passos.pomar.fala.2,1218,8 · Herdadas do 2D (não tocam no 3D),Não toca: no 3D a chegada é a de missoes_guia.json.,Pedro,pedro,Fala do 2D (Pedro),—,,,,,,,,"Pé de fruta não. Pé de fruta você planta UMA vez, cuida, e ele fica. Dá fruta, descansa, dá de novo. Enquanto você tiver vivo e ele também.",,,,139,9.9,"Weverton - Youthful, Energetic and Clear · YbP0Eq5RE5uOoCEl7F3T · eleven_v3",,—,—,,—,só português (2D),2D,,,não toca,não toca,,,,,pendente,não (herdada do 2D),data/dialogos/pedro.json › passos.pomar.fala[2]
2d.pedro.passos.pomar.fala.3,1219,8 · Herdadas do 2D (não tocam no 3D),Não toca: no 3D a chegada é a de missoes_guia.json.,Pedro,pedro,Fala do 2D (Pedro),—,,,,,,,,"Tome estas mudas. Duas de banana, que é a que menos faz esperar, e uma de manga, que é a que mais.",,,,98,7,"Weverton - Youthful, Energetic and Clear · YbP0Eq5RE5uOoCEl7F3T · eleven_v3",,—,—,,—,só português (2D),2D,,,não toca,não toca,,,,,pendente,não (herdada do 2D),data/dialogos/pedro.json › passos.pomar.fala[3]
2d.pedro.passos.pomar.fala.4,1220,8 · Herdadas do 2D (não tocam no 3D),Não toca: no 3D a chegada é a de missoes_guia.json.,Pedro,pedro,Fala do 2D (Pedro),—,,,,,,,,"Plante como você planta mandioca: are, molhe, ponha a muda. Só que não conte os dias, que dá agonia.",,,,100,7.1,"Weverton - Youthful, Energetic and Clear · YbP0Eq5RE5uOoCEl7F3T · eleven_v3",,—,—,,—,só português (2D),2D,,,não toca,não toca,,,,,pendente,não (herdada do 2D),data/dialogos/pedro.json › passos.pomar.fala[4]
2d.pedro.passos.pomar.fala.5,1221,8 · Herdadas do 2D (não tocam no 3D),Não toca: no 3D a chegada é a de missoes_guia.json.,Pedro,pedro,Fala do 2D (Pedro),—,,,,,,,,"Meu avô dizia que quem planta manga não come manga — planta pro neto. Ele estava errado, mas não por muito.",,,,107,7.6,"Weverton - Youthful, Energetic and Clear · YbP0Eq5RE5uOoCEl7F3T · eleven_v3",,—,—,,—,só português (2D),2D,,,não toca,não toca,,,,,pendente,não (herdada do 2D),data/dialogos/pedro.json › passos.pomar.fala[5]
2d.pedro.passos.pomar_fim.0,1222,8 · Herdadas do 2D (não tocam no 3D),Não toca: no 3D a chegada é a de missoes_guia.json.,Pedro,pedro,Fala do 2D (Pedro),—,,,,,,,,Pronto. Daqui a muitos dias você passa por aqui e tem fruta onde não tinha nada.,,,,80,5.7,"Weverton - Youthful, Energetic and Clear · YbP0Eq5RE5uOoCEl7F3T · eleven_v3",,—,—,,—,só português (2D),2D,,,não toca,não toca,,,,,pendente,não (herdada do 2D),data/dialogos/pedro.json › passos.pomar_fim[0]
2d.pedro.passos.pomar_fim.1,1223,8 · Herdadas do 2D (não tocam no 3D),Não toca: no 3D a chegada é a de missoes_guia.json.,Pedro,pedro,Fala do 2D (Pedro),—,,,,,,,,E aí você vai lembrar deste dia e achar que valeu a pena ter esperado. Todo mundo acha.,,,,87,6.2,"Weverton - Youthful, Energetic and Clear · YbP0Eq5RE5uOoCEl7F3T · eleven_v3",,—,—,,—,só português (2D),2D,,,não toca,não toca,,,,,pendente,não (herdada do 2D),data/dialogos/pedro.json › passos.pomar_fim[1]
2d.pedro.passos.curral_aprender.fala.0,1224,8 · Herdadas do 2D (não tocam no 3D),Não toca: no 3D a chegada é a de missoes_guia.json.,Pedro,pedro,Fala do 2D (Pedro),—,,,,,,,,Agora o contrário do pé de fruta: uma coisa que rende amanhã.,,,,61,4.4,"Weverton - Youthful, Energetic and Clear · YbP0Eq5RE5uOoCEl7F3T · eleven_v3",,—,—,,—,só português (2D),2D,,,não toca,não toca,,,,,pendente,não (herdada do 2D),data/dialogos/pedro.json › passos.curral_aprender.fala[0]
2d.pedro.passos.curral_aprender.fala.1,1225,8 · Herdadas do 2D (não tocam no 3D),Não toca: no 3D a chegada é a de missoes_guia.json.,Pedro,pedro,Fala do 2D (Pedro),—,,,,,,,,"Só que bicho não é semente, {jogador}. Semente qualquer um enfia no chão. Bicho você tem que SABER — de quanto em quanto tempo bota, o que come, onde dorme, o que faz quando adoece.",,,,181,12.9,"Weverton - Youthful, Energetic and Clear · YbP0Eq5RE5uOoCEl7F3T · eleven_v3",,—,—,,—,só português (2D),2D,,tem marcador que o jogo troca ({…} ou %s): áudio fixo não serve,não toca,não toca,,,,,pendente,não (herdada do 2D),data/dialogos/pedro.json › passos.curral_aprender.fala[1]
2d.pedro.passos.curral_aprender.fala.2,1226,8 · Herdadas do 2D (não tocam no 3D),Não toca: no 3D a chegada é a de missoes_guia.json.,Pedro,pedro,Fala do 2D (Pedro),—,,,,,,,,Seu quintal tá vazio e vai continuar vazio até você aprender isso. Não adianta eu soltar galinha aí e te desejar sorte.,,,,119,8.5,"Weverton - Youthful, Energetic and Clear · YbP0Eq5RE5uOoCEl7F3T · eleven_v3",,—,—,,—,só português (2D),2D,,,não toca,não toca,,,,,pendente,não (herdada do 2D),data/dialogos/pedro.json › passos.curral_aprender.fala[2]
2d.pedro.passos.curral_aprender.fala.3,1227,8 · Herdadas do 2D (não tocam no 3D),Não toca: no 3D a chegada é a de missoes_guia.json.,Pedro,pedro,Fala do 2D (Pedro),—,,,,,,,,"Abre a tal da lista de ofícios — aquela tecla K que eu te mostrei. Tem uma raiz chamada Pastoreio, e o primeiro galho dela é o Curral.",,,,134,9.6,"Weverton - Youthful, Energetic and Clear · YbP0Eq5RE5uOoCEl7F3T · eleven_v3",,—,—,,—,só português (2D),2D,K (Árvore de habilidades),,não toca,não toca,,,,,pendente,não (herdada do 2D),data/dialogos/pedro.json › passos.curral_aprender.fala[3]
2d.pedro.passos.curral_aprender.fala.4,1228,8 · Herdadas do 2D (não tocam no 3D),Não toca: no 3D a chegada é a de missoes_guia.json.,Pedro,pedro,Fala do 2D (Pedro),—,,,,,,,,"Gasta um ponto ali. Quando gastar, nós dois levantamos o galinheiro e eu te trago as primeiras três.",,,,100,7.1,"Weverton - Youthful, Energetic and Clear · YbP0Eq5RE5uOoCEl7F3T · eleven_v3",,—,—,,—,só português (2D),2D,,,não toca,não toca,,,,,pendente,não (herdada do 2D),data/dialogos/pedro.json › passos.curral_aprender.fala[4]
2d.pedro.passos.curral_aprender_fim.0,1229,8 · Herdadas do 2D (não tocam no 3D),Não toca: no 3D a chegada é a de missoes_guia.json.,Pedro,pedro,Fala do 2D (Pedro),—,,,,,,,,Pronto. Olha lá o galinheiro de pé e as três dentro.,,,,52,3.7,"Weverton - Youthful, Energetic and Clear · YbP0Eq5RE5uOoCEl7F3T · eleven_v3",,—,—,,—,só português (2D),2D,,,não toca,não toca,,,,,pendente,não (herdada do 2D),data/dialogos/pedro.json › passos.curral_aprender_fim[0]
2d.pedro.passos.curral_aprender_fim.1,1230,8 · Herdadas do 2D (não tocam no 3D),Não toca: no 3D a chegada é a de missoes_guia.json.,Pedro,pedro,Fala do 2D (Pedro),—,,,,,,,,Ponto de ofício gasto é ponto que vira coisa no chão. É assim que essa lista funciona — ela não é enfeite.,,,,106,7.6,"Weverton - Youthful, Energetic and Clear · YbP0Eq5RE5uOoCEl7F3T · eleven_v3",,—,—,,—,só português (2D),2D,,,não toca,não toca,,,,,pendente,não (herdada do 2D),data/dialogos/pedro.json › passos.curral_aprender_fim[1]
2d.pedro.passos.curral.fala.0,1231,8 · Herdadas do 2D (não tocam no 3D),Não toca: no 3D a chegada é a de missoes_guia.json.,Pedro,pedro,Fala do 2D (Pedro),—,,,,,,,,Agora vai lá ver o que elas deixaram.,,,,37,2.6,"Weverton - Youthful, Energetic and Clear · YbP0Eq5RE5uOoCEl7F3T · eleven_v3",,—,—,,—,só português (2D),2D,,,não toca,não toca,,,,,pendente,não (herdada do 2D),data/dialogos/pedro.json › passos.curral.fala[0]
2d.pedro.passos.curral.fala.1,1232,8 · Herdadas do 2D (não tocam no 3D),Não toca: no 3D a chegada é a de missoes_guia.json.,Pedro,pedro,Fala do 2D (Pedro),—,,,,,,,,Galinha bota todo dia. Chegue perto e aperte E — o ovo tá ali.,,,,62,4.4,"Weverton - Youthful, Energetic and Clear · YbP0Eq5RE5uOoCEl7F3T · eleven_v3",,—,—,,—,só português (2D),2D,E (Ler / interagir),,não toca,não toca,,,,,pendente,não (herdada do 2D),data/dialogos/pedro.json › passos.curral.fala[1]
2d.pedro.passos.curral.fala.2,1233,8 · Herdadas do 2D (não tocam no 3D),Não toca: no 3D a chegada é a de missoes_guia.json.,Pedro,pedro,Fala do 2D (Pedro),—,,,,,,,,"Cabra é de dois em dois dias, e dá leite. Mesma coisa: chega perto, aperta E.",,,,77,5.5,"Weverton - Youthful, Energetic and Clear · YbP0Eq5RE5uOoCEl7F3T · eleven_v3",,—,—,,—,só português (2D),2D,E (Ler / interagir),,não toca,não toca,,,,,pendente,não (herdada do 2D),data/dialogos/pedro.json › passos.curral.fala[2]
2d.pedro.passos.curral.fala.3,1234,8 · Herdadas do 2D (não tocam no 3D),Não toca: no 3D a chegada é a de missoes_guia.json.,Pedro,pedro,Fala do 2D (Pedro),—,,,,,,,,"Não adianta ficar em cima do bicho apertando. Ele deu, acabou; volte amanhã.",,,,76,5.4,"Weverton - Youthful, Energetic and Clear · YbP0Eq5RE5uOoCEl7F3T · eleven_v3",,—,—,,—,só português (2D),2D,,,não toca,não toca,,,,,pendente,não (herdada do 2D),data/dialogos/pedro.json › passos.curral.fala[3]
2d.pedro.passos.curral.lista.0.id,1235,8 · Herdadas do 2D (não tocam no 3D),Não toca: no 3D a chegada é a de missoes_guia.json.,Pedro,pedro,Fala do 2D (Pedro),—,,,,,,,,ovo,,,,3,1.5,"Weverton - Youthful, Energetic and Clear · YbP0Eq5RE5uOoCEl7F3T · eleven_v3",,—,—,,—,só português (2D),2D,,,não toca,não toca,,,,,pendente,não (herdada do 2D),data/dialogos/pedro.json › passos.curral.lista[0].id
2d.pedro.passos.curral.lista.0.texto,1236,8 · Herdadas do 2D (não tocam no 3D),Não toca: no 3D a chegada é a de missoes_guia.json.,Pedro,pedro,Fala do 2D (Pedro),—,,,,,,,,Ovos recolhidos,,,,15,1.5,"Weverton - Youthful, Energetic and Clear · YbP0Eq5RE5uOoCEl7F3T · eleven_v3",,—,—,,—,só português (2D),2D,,,não toca,não toca,,,,,pendente,não (herdada do 2D),data/dialogos/pedro.json › passos.curral.lista[0].texto
2d.pedro.passos.curral.lista.0.item,1237,8 · Herdadas do 2D (não tocam no 3D),Não toca: no 3D a chegada é a de missoes_guia.json.,Pedro,pedro,Fala do 2D (Pedro),—,,,,,,,,ovo,,,,3,1.5,"Weverton - Youthful, Energetic and Clear · YbP0Eq5RE5uOoCEl7F3T · eleven_v3",,—,—,,—,só português (2D),2D,,,não toca,não toca,,,,,pendente,não (herdada do 2D),data/dialogos/pedro.json › passos.curral.lista[0].item
2d.pedro.passos.curral_fim.0,1238,8 · Herdadas do 2D (não tocam no 3D),Não toca: no 3D a chegada é a de missoes_guia.json.,Pedro,pedro,Fala do 2D (Pedro),—,,,,,,,,"Viu? Fruteira é pra daqui a muito, bicho é pra amanhã. Fazenda boa tem os dois.",,,,79,5.6,"Weverton - Youthful, Energetic and Clear · YbP0Eq5RE5uOoCEl7F3T · eleven_v3",,—,—,,—,só português (2D),2D,,,não toca,não toca,,,,,pendente,não (herdada do 2D),data/dialogos/pedro.json › passos.curral_fim[0]
2d.pedro.passos.curral_fim.1,1239,8 · Herdadas do 2D (não tocam no 3D),Não toca: no 3D a chegada é a de missoes_guia.json.,Pedro,pedro,Fala do 2D (Pedro),—,,,,,,,,Um paga o dia de hoje e o outro paga o ano que vem.,,,,51,3.6,"Weverton - Youthful, Energetic and Clear · YbP0Eq5RE5uOoCEl7F3T · eleven_v3",,—,—,,—,só português (2D),2D,,,não toca,não toca,,,,,pendente,não (herdada do 2D),data/dialogos/pedro.json › passos.curral_fim[1]
2d.pedro.passos.capataz.fala.0,1240,8 · Herdadas do 2D (não tocam no 3D),Não toca: no 3D a chegada é a de missoes_guia.json.,Pedro,pedro,Fala do 2D (Pedro),—,,,,,,,,"Última coisa, e essa é a mais difícil de aceitar pra quem veio de baixo.",,,,72,5.1,"Weverton - Youthful, Energetic and Clear · YbP0Eq5RE5uOoCEl7F3T · eleven_v3",,—,—,,—,só português (2D),2D,,,não toca,não toca,,,,,pendente,não (herdada do 2D),data/dialogos/pedro.json › passos.capataz.fala[0]
2d.pedro.passos.capataz.fala.1,1241,8 · Herdadas do 2D (não tocam no 3D),Não toca: no 3D a chegada é a de missoes_guia.json.,Pedro,pedro,Fala do 2D (Pedro),—,,,,,,,,Uma hora a terra é mais do que o seu braço dá conta. Aí você para de trabalhar mais e começa a trabalhar melhor.,,,,112,8,"Weverton - Youthful, Energetic and Clear · YbP0Eq5RE5uOoCEl7F3T · eleven_v3",,—,—,,—,só português (2D),2D,,,não toca,não toca,,,,,pendente,não (herdada do 2D),data/dialogos/pedro.json › passos.capataz.fala[1]
2d.pedro.passos.capataz.fala.2,1242,8 · Herdadas do 2D (não tocam no 3D),Não toca: no 3D a chegada é a de missoes_guia.json.,Pedro,pedro,Fala do 2D (Pedro),—,,,,,,,,"Quando a terra de um vizinho for sua, fale com quem mora nela. Vai abrir uma aba de trabalho.",,,,93,6.6,"Weverton - Youthful, Energetic and Clear · YbP0Eq5RE5uOoCEl7F3T · eleven_v3",,—,—,,—,só português (2D),2D,,,não toca,não toca,,,,,pendente,não (herdada do 2D),data/dialogos/pedro.json › passos.capataz.fala[2]
2d.pedro.passos.capataz.fala.3,1243,8 · Herdadas do 2D (não tocam no 3D),Não toca: no 3D a chegada é a de missoes_guia.json.,Pedro,pedro,Fala do 2D (Pedro),—,,,,,,,,"Diga o que você quer que a pessoa faça — roçado, lenha, farinha, cestaria, criação — e no outro dia de manhã o que ela fez tá na sua mochila.",,,,141,10.1,"Weverton - Youthful, Energetic and Clear · YbP0Eq5RE5uOoCEl7F3T · eleven_v3",,—,—,,—,só português (2D),2D,,,não toca,não toca,,,,,pendente,não (herdada do 2D),data/dialogos/pedro.json › passos.capataz.fala[3]
2d.pedro.passos.capataz.fala.4,1244,8 · Herdadas do 2D (não tocam no 3D),Não toca: no 3D a chegada é a de missoes_guia.json.,Pedro,pedro,Fala do 2D (Pedro),—,,,,,,,,"Só não peça serviço de lombo a quem já passou dos setenta. O Seu Benedito e a Dona Zefa fazem muita coisa, mas não capinam mais.",,,,128,9.1,"Weverton - Youthful, Energetic and Clear · YbP0Eq5RE5uOoCEl7F3T · eleven_v3",,—,—,,—,só português (2D),2D,,,não toca,não toca,,,,,pendente,não (herdada do 2D),data/dialogos/pedro.json › passos.capataz.fala[4]
2d.pedro.passos.capataz_fim.0,1245,8 · Herdadas do 2D (não tocam no 3D),Não toca: no 3D a chegada é a de missoes_guia.json.,Pedro,pedro,Fala do 2D (Pedro),—,,,,,,,,Agora tem gente trabalhando enquanto você tá longe. É assim que fazenda vira fazenda.,,,,85,6.1,"Weverton - Youthful, Energetic and Clear · YbP0Eq5RE5uOoCEl7F3T · eleven_v3",,—,—,,—,só português (2D),2D,,,não toca,não toca,,,,,pendente,não (herdada do 2D),data/dialogos/pedro.json › passos.capataz_fim[0]
2d.pedro.passos.capataz_fim.1,1246,8 · Herdadas do 2D (não tocam no 3D),Não toca: no 3D a chegada é a de missoes_guia.json.,Pedro,pedro,Fala do 2D (Pedro),—,,,,,,,,E guarde uma coisa: quem trabalha pra você tem nome. Use.,,,,57,4.1,"Weverton - Youthful, Energetic and Clear · YbP0Eq5RE5uOoCEl7F3T · eleven_v3",,—,—,,—,só português (2D),2D,,,não toca,não toca,,,,,pendente,não (herdada do 2D),data/dialogos/pedro.json › passos.capataz_fim[1]
2d.pedro.passos.talentos_fim.0,1247,8 · Herdadas do 2D (não tocam no 3D),Não toca: no 3D a chegada é a de missoes_guia.json.,Pedro,pedro,Fala do 2D (Pedro),—,,,,,,,,Pronto. Agora você não é mais só o da capital: é gente que sabe fazer uma coisa melhor que a média.,,,,99,7.1,"Weverton - Youthful, Energetic and Clear · YbP0Eq5RE5uOoCEl7F3T · eleven_v3",,—,—,,—,só português (2D),2D,,,não toca,não toca,,,,,pendente,não (herdada do 2D),data/dialogos/pedro.json › passos.talentos_fim[0]
2d.pedro.passos.talentos_fim.1,1248,8 · Herdadas do 2D (não tocam no 3D),Não toca: no 3D a chegada é a de missoes_guia.json.,Pedro,pedro,Fala do 2D (Pedro),—,,,,,,,,Junte mais pontos trabalhando. E olhe a teia de vez em quando — o que tá longe hoje fica perto depressa.,,,,104,7.4,"Weverton - Youthful, Energetic and Clear · YbP0Eq5RE5uOoCEl7F3T · eleven_v3",,—,—,,—,só português (2D),2D,,,não toca,não toca,,,,,pendente,não (herdada do 2D),data/dialogos/pedro.json › passos.talentos_fim[1]
2d.pedro.passos.chapada.fala.0,1249,8 · Herdadas do 2D (não tocam no 3D),Não toca: no 3D a chegada é a de missoes_guia.json.,Pedro,pedro,Fala do 2D (Pedro),—,,,,,,,,"Agora que você já tirou coisa do chão com a própria mão, tem uma que eu quero te mostrar.",,,,89,6.4,"Weverton - Youthful, Energetic and Clear · YbP0Eq5RE5uOoCEl7F3T · eleven_v3",,—,—,,—,só português (2D),2D,,,não toca,não toca,,,,,pendente,não (herdada do 2D),data/dialogos/pedro.json › passos.chapada.fala[0]
2d.pedro.passos.chapada.fala.1,1250,8 · Herdadas do 2D (não tocam no 3D),Não toca: no 3D a chegada é a de missoes_guia.json.,Pedro,pedro,Fala do 2D (Pedro),—,,,,,,,,"É só pra olhar. Não é sua, que fique claro.",,,,43,3.1,"Weverton - Youthful, Energetic and Clear · YbP0Eq5RE5uOoCEl7F3T · eleven_v3",,—,—,,—,só português (2D),2D,,,não toca,não toca,,,,,pendente,não (herdada do 2D),data/dialogos/pedro.json › passos.chapada.fala[1]
2d.pedro.passos.chapada.fala.2,1251,8 · Herdadas do 2D (não tocam no 3D),Não toca: no 3D a chegada é a de missoes_guia.json.,Pedro,pedro,Fala do 2D (Pedro),—,,,,,,,,"Saindo do portão pro nascente vêm três terras, uma atrás da outra, cada uma com a placa do dono na frente.",,,,106,7.6,"Weverton - Youthful, Energetic and Clear · YbP0Eq5RE5uOoCEl7F3T · eleven_v3",,—,—,,—,só português (2D),2D,,,não toca,não toca,,,,,pendente,não (herdada do 2D),data/dialogos/pedro.json › passos.chapada.fala[2]
2d.pedro.passos.chapada.fala.3,1252,8 · Herdadas do 2D (não tocam no 3D),Não toca: no 3D a chegada é a de missoes_guia.json.,Pedro,pedro,Fala do 2D (Pedro),—,,,,,,,,"A primeira, colada na sua cerca, é da Dona Zefa. Depois dela vem a chapada do Seu Benedito, que é a que eu quero te mostrar.",,,,124,8.9,"Weverton - Youthful, Energetic and Clear · YbP0Eq5RE5uOoCEl7F3T · eleven_v3",,—,—,,—,só português (2D),2D,,,não toca,não toca,,,,,pendente,não (herdada do 2D),data/dialogos/pedro.json › passos.chapada.fala[3]
2d.pedro.passos.chapada.fala.4,1253,8 · Herdadas do 2D (não tocam no 3D),Não toca: no 3D a chegada é a de missoes_guia.json.,Pedro,pedro,Fala do 2D (Pedro),—,,,,,,,,"Ele tá velho e os filhos foram tudo pra Salvador. Anda dizendo que vende, se aparecer quem queira.",,,,98,7,"Weverton - Youthful, Energetic and Clear · YbP0Eq5RE5uOoCEl7F3T · eleven_v3",,—,—,,—,só português (2D),2D,,,não toca,não toca,,,,,pendente,não (herdada do 2D),data/dialogos/pedro.json › passos.chapada.fala[4]
2d.pedro.passos.chapada.fala.5,1254,8 · Herdadas do 2D (não tocam no 3D),Não toca: no 3D a chegada é a de missoes_guia.json.,Pedro,pedro,Fala do 2D (Pedro),—,,,,,,,,"Mas terra se toma pela divisa, {jogador}. Pra chegar na dele você precisa ter a da Zefa antes — não dá pra pular por cima do quintal dos outros.",,,,144,10.3,"Weverton - Youthful, Energetic and Clear · YbP0Eq5RE5uOoCEl7F3T · eleven_v3",,—,—,,—,só português (2D),2D,,tem marcador que o jogo troca ({…} ou %s): áudio fixo não serve,não toca,não toca,,,,,pendente,não (herdada do 2D),data/dialogos/pedro.json › passos.chapada.fala[5]
2d.pedro.passos.chapada.fala.6,1255,8 · Herdadas do 2D (não tocam no 3D),Não toca: no 3D a chegada é a de missoes_guia.json.,Pedro,pedro,Fala do 2D (Pedro),—,,,,,,,,"Vá lá medir com os olhos. Leia as placas no caminho, que elas dizem o preço de cada uma.",,,,88,6.3,"Weverton - Youthful, Energetic and Clear · YbP0Eq5RE5uOoCEl7F3T · eleven_v3",,—,—,,—,só português (2D),2D,,,não toca,não toca,,,,,pendente,não (herdada do 2D),data/dialogos/pedro.json › passos.chapada.fala[6]
2d.pedro.passos.chapada_fim.0,1256,8 · Herdadas do 2D (não tocam no 3D),Não toca: no 3D a chegada é a de missoes_guia.json.,Pedro,pedro,Fala do 2D (Pedro),—,,,,,,,,Vem cá na beira comigo. É daqui que se entende o terreno.,,,,57,4.1,"Weverton - Youthful, Energetic and Clear · YbP0Eq5RE5uOoCEl7F3T · eleven_v3",,—,—,,—,só português (2D),2D,,,não toca,não toca,,,,,pendente,não (herdada do 2D),data/dialogos/pedro.json › passos.chapada_fim[0]
2d.pedro.passos.chapada_fim.1,1257,8 · Herdadas do 2D (não tocam no 3D),Não toca: no 3D a chegada é a de missoes_guia.json.,Pedro,pedro,Fala do 2D (Pedro),—,,,,,,,,"Tá vendo a água? Ela corre o ano todo, {jogador} — nem na seca de setenta e sete ela parou.",,,,91,6.5,"Weverton - Youthful, Energetic and Clear · YbP0Eq5RE5uOoCEl7F3T · eleven_v3",,—,—,,—,só português (2D),2D,,tem marcador que o jogo troca ({…} ou %s): áudio fixo não serve,não toca,não toca,,,,,pendente,não (herdada do 2D),data/dialogos/pedro.json › passos.chapada_fim[1]
2d.pedro.passos.chapada_fim.2,1258,8 · Herdadas do 2D (não tocam no 3D),Não toca: no 3D a chegada é a de missoes_guia.json.,Pedro,pedro,Fala do 2D (Pedro),—,,,,,,,,"Cabe muita coisa numa terra dessas. Casa de farinha, curral, roda d'água, moradia pra quem vier.",,,,96,6.9,"Weverton - Youthful, Energetic and Clear · YbP0Eq5RE5uOoCEl7F3T · eleven_v3",,—,—,,—,só português (2D),2D,,,não toca,não toca,,,,,pendente,não (herdada do 2D),data/dialogos/pedro.json › passos.chapada_fim[2]
2d.pedro.passos.chapada_fim.3,1259,8 · Herdadas do 2D (não tocam no 3D),Não toca: no 3D a chegada é a de missoes_guia.json.,Pedro,pedro,Fala do 2D (Pedro),—,,,,,,,,"Mas é conversa pra quando tiver dinheiro — e pra depois da terra da Zefa, que é o que separa a sua desta aqui.",,,,110,7.9,"Weverton - Youthful, Energetic and Clear · YbP0Eq5RE5uOoCEl7F3T · eleven_v3",,—,—,,—,só português (2D),2D,,,não toca,não toca,,,,,pendente,não (herdada do 2D),data/dialogos/pedro.json › passos.chapada_fim[3]
2d.pedro.passos.chapada_fim.4,1260,8 · Herdadas do 2D (não tocam no 3D),Não toca: no 3D a chegada é a de missoes_guia.json.,Pedro,pedro,Fala do 2D (Pedro),—,,,,,,,,"E outra: o Seu Benedito mora ali no terreno, e não sai de lá nem vendendo. Quem compra a terra herda o vizinho.",,,,111,7.9,"Weverton - Youthful, Energetic and Clear · YbP0Eq5RE5uOoCEl7F3T · eleven_v3",,—,—,,—,só português (2D),2D,,,não toca,não toca,,,,,pendente,não (herdada do 2D),data/dialogos/pedro.json › passos.chapada_fim[4]
2d.pedro.passos.chapada_fim.5,1261,8 · Herdadas do 2D (não tocam no 3D),Não toca: no 3D a chegada é a de missoes_guia.json.,Pedro,pedro,Fala do 2D (Pedro),—,,,,,,,,Não que isso seja ruim. Velho que plantou quarenta e duas safras sabe dessa terra o que você não vai saber em dez anos.,,,,119,8.5,"Weverton - Youthful, Energetic and Clear · YbP0Eq5RE5uOoCEl7F3T · eleven_v3",,—,—,,—,só português (2D),2D,,,não toca,não toca,,,,,pendente,não (herdada do 2D),data/dialogos/pedro.json › passos.chapada_fim[5]
2d.pedro.passos.socorro.fala.0,1262,8 · Herdadas do 2D (não tocam no 3D),Não toca: no 3D a chegada é a de missoes_guia.json.,Pedro,pedro,Fala do 2D (Pedro),—,,,,,,,,Para. Olha pra sua cara. Você não bota mais esse machado no ombro hoje.,,,,71,5.1,"Weverton - Youthful, Energetic and Clear · YbP0Eq5RE5uOoCEl7F3T · eleven_v3",,—,—,,—,só português (2D),2D,,,não toca,não toca,,,,,pendente,não (herdada do 2D),data/dialogos/pedro.json › passos.socorro.fala[0]
2d.pedro.passos.socorro.fala.1,1263,8 · Herdadas do 2D (não tocam no 3D),Não toca: no 3D a chegada é a de missoes_guia.json.,Pedro,pedro,Fala do 2D (Pedro),—,,,,,,,,"Minha mãe fez mungunzá de manhã e mandou trazer a panela inteira. Milho branco, leite de coco e canela, da panela de ferro.",,,,123,8.8,"Weverton - Youthful, Energetic and Clear · YbP0Eq5RE5uOoCEl7F3T · eleven_v3",,—,—,,—,só português (2D),2D,,,não toca,não toca,,,,,pendente,não (herdada do 2D),data/dialogos/pedro.json › passos.socorro.fala[1]
2d.pedro.passos.socorro.fala.2,1264,8 · Herdadas do 2D (não tocam no 3D),Não toca: no 3D a chegada é a de missoes_guia.json.,Pedro,pedro,Fala do 2D (Pedro),—,,,,,,,,"Tem seis cuias aí. Come uma agora e as outras quando o braço pesar de novo — aperte I, ande até ela e aperte F.",,,,111,7.9,"Weverton - Youthful, Energetic and Clear · YbP0Eq5RE5uOoCEl7F3T · eleven_v3",,—,—,,—,só português (2D),2D,"I (Mochila), F (Observar)",,não toca,não toca,,,,,pendente,não (herdada do 2D),data/dialogos/pedro.json › passos.socorro.fala[2]
2d.pedro.passos.socorro.fala.3,1265,8 · Herdadas do 2D (não tocam no 3D),Não toca: no 3D a chegada é a de missoes_guia.json.,Pedro,pedro,Fala do 2D (Pedro),—,,,,,,,,"Isso sustenta o corpo até a ponte subir. Dá pra fechar tudo hoje, se você não parar.",,,,84,6,"Weverton - Youthful, Energetic and Clear · YbP0Eq5RE5uOoCEl7F3T · eleven_v3",,—,—,,—,só português (2D),2D,,,não toca,não toca,,,,,pendente,não (herdada do 2D),data/dialogos/pedro.json › passos.socorro.fala[3]
2d.pedro.passos.socorro.fala.4,1266,8 · Herdadas do 2D (não tocam no 3D),Não toca: no 3D a chegada é a de missoes_guia.json.,Pedro,pedro,Fala do 2D (Pedro),—,,,,,,,,"Só que é hoje, viu? Amanhã o corpo cobra o que você gastou. Aqui as coisas sempre foram assim.",,,,94,6.7,"Weverton - Youthful, Energetic and Clear · YbP0Eq5RE5uOoCEl7F3T · eleven_v3",,—,—,,—,só português (2D),2D,,,não toca,não toca,,,,,pendente,não (herdada do 2D),data/dialogos/pedro.json › passos.socorro.fala[4]
2d.pedro.passos.arremate.0,1267,8 · Herdadas do 2D (não tocam no 3D),Não toca: no 3D a chegada é a de missoes_guia.json.,Pedro,pedro,Fala do 2D (Pedro),—,,,,,,,,"Olha só, {jogador}: roçado plantado, trilha aberta e terreno visto. Num dia.",,,,76,5.4,"Weverton - Youthful, Energetic and Clear · YbP0Eq5RE5uOoCEl7F3T · eleven_v3",,—,—,,—,só português (2D),2D,,tem marcador que o jogo troca ({…} ou %s): áudio fixo não serve,não toca,não toca,,,,,pendente,não (herdada do 2D),data/dialogos/pedro.json › passos.arremate[0]
2d.pedro.passos.arremate.1,1268,8 · Herdadas do 2D (não tocam no 3D),Não toca: no 3D a chegada é a de missoes_guia.json.,Pedro,pedro,Fala do 2D (Pedro),—,,,,,,,,Gente da capital não costuma aguentar. Você aguentou.,,,,53,3.8,"Weverton - Youthful, Energetic and Clear · YbP0Eq5RE5uOoCEl7F3T · eleven_v3",,—,—,,—,só português (2D),2D,,,não toca,não toca,,,,,pendente,não (herdada do 2D),data/dialogos/pedro.json › passos.arremate[1]
2d.pedro.passos.arremate.2,1269,8 · Herdadas do 2D (não tocam no 3D),Não toca: no 3D a chegada é a de missoes_guia.json.,Pedro,pedro,Fala do 2D (Pedro),—,,,,,,,,"Agora cuide do que é seu, junte mantimento — e quando estiver pronto, a gente sobe aquela trilha até a fazenda.",,,,111,7.9,"Weverton - Youthful, Energetic and Clear · YbP0Eq5RE5uOoCEl7F3T · eleven_v3",,—,—,,—,só português (2D),2D,,,não toca,não toca,,,,,pendente,não (herdada do 2D),data/dialogos/pedro.json › passos.arremate[2]
2d.pedro.missoes.crescer,1270,8 · Herdadas do 2D (não tocam no 3D),Não toca: no 3D a chegada é a de missoes_guia.json.,Pedro,pedro,Fala do 2D (Pedro),—,,,,,,,,Regue todo dia e durma até a mandioca crescer,,,,45,3.2,"Weverton - Youthful, Energetic and Clear · YbP0Eq5RE5uOoCEl7F3T · eleven_v3",,—,—,,—,só português (2D),2D,,,não toca,não toca,,,,,pendente,não (herdada do 2D),data/dialogos/pedro.json › missoes.crescer
2d.pedro.casa_convite.0,1271,8 · Herdadas do 2D (não tocam no 3D),Não toca: no 3D a chegada é a de missoes_guia.json.,Pedro,pedro,Fala do 2D (Pedro),—,,,,,,,,"Entra, {jogador}. A casa é sua desde que o cartório leu a carta — só faltava alguém empurrar essa porta.",,,,104,7.4,"Weverton - Youthful, Energetic and Clear · YbP0Eq5RE5uOoCEl7F3T · eleven_v3",,—,—,,—,só português (2D),2D,,tem marcador que o jogo troca ({…} ou %s): áudio fixo não serve,não toca,não toca,,,,,pendente,não (herdada do 2D),data/dialogos/pedro.json › casa_convite[0]
2d.pedro.convite_texto.0,1272,8 · Herdadas do 2D (não tocam no 3D),Não toca: no 3D a chegada é a de missoes_guia.json.,Pedro,pedro,Fala do 2D (Pedro),—,,,,,,,,"""Aos moradores de Bom Jesus e redondezas: compareçam à fazenda no dia marcado. Haverá um grande evento, com fartura para todos.""",,,,128,9.1,"Weverton - Youthful, Energetic and Clear · YbP0Eq5RE5uOoCEl7F3T · eleven_v3",,—,—,,—,só português (2D),2D,,,não toca,não toca,,,,,pendente,não (herdada do 2D),data/dialogos/pedro.json › convite_texto[0]
2d.pedro.convite_texto.1,1273,8 · Herdadas do 2D (não tocam no 3D),Não toca: no 3D a chegada é a de missoes_guia.json.,Pedro,pedro,Fala do 2D (Pedro),—,,,,,,,,"""Todos são convidados. Venham.""",,,,31,2.2,"Weverton - Youthful, Energetic and Clear · YbP0Eq5RE5uOoCEl7F3T · eleven_v3",,—,—,,—,só português (2D),2D,,,não toca,não toca,,,,,pendente,não (herdada do 2D),data/dialogos/pedro.json › convite_texto[1]
2d.pedro.convite_texto.2,1274,8 · Herdadas do 2D (não tocam no 3D),Não toca: no 3D a chegada é a de missoes_guia.json.,Pedro,pedro,Fala do 2D (Pedro),—,,,,,,,,"Não há assinatura. Só o selo — vermelho, sem brasão.",,,,52,3.7,"Weverton - Youthful, Energetic and Clear · YbP0Eq5RE5uOoCEl7F3T · eleven_v3",,—,—,,—,só português (2D),2D,,,não toca,não toca,,,,,pendente,não (herdada do 2D),data/dialogos/pedro.json › convite_texto[2]
2d.pedro.casa_trancada.0,1275,8 · Herdadas do 2D (não tocam no 3D),Não toca: no 3D a chegada é a de missoes_guia.json.,Pedro,pedro,Fala do 2D (Pedro),—,,,,,,,,"Calma, a casa não vai fugir. Primeiro a terra, senão a gente dorme sem comer.",,,,77,5.5,"Weverton - Youthful, Energetic and Clear · YbP0Eq5RE5uOoCEl7F3T · eleven_v3",,—,—,,—,só português (2D),2D,,,não toca,não toca,,,,,pendente,não (herdada do 2D),data/dialogos/pedro.json › casa_trancada[0]
2d.pedro.casa_trancada.1,1276,8 · Herdadas do 2D (não tocam no 3D),Não toca: no 3D a chegada é a de missoes_guia.json.,Pedro,pedro,Fala do 2D (Pedro),—,,,,,,,,Eu te mostro lá dentro daqui a pouco.,,,,37,2.6,"Weverton - Youthful, Energetic and Clear · YbP0Eq5RE5uOoCEl7F3T · eleven_v3",,—,—,,—,só português (2D),2D,,,não toca,não toca,,,,,pendente,não (herdada do 2D),data/dialogos/pedro.json › casa_trancada[1]
2d.pedro.anoitecer.0,1277,8 · Herdadas do 2D (não tocam no 3D),Não toca: no 3D a chegada é a de missoes_guia.json.,Pedro,pedro,Fala do 2D (Pedro),—,,,,,,,,"Olha o sol, {jogador}. Daqui a pouco escurece.",,,,46,3.3,"Weverton - Youthful, Energetic and Clear · YbP0Eq5RE5uOoCEl7F3T · eleven_v3",,—,—,,—,só português (2D),2D,,tem marcador que o jogo troca ({…} ou %s): áudio fixo não serve,não toca,não toca,,,,,pendente,não (herdada do 2D),data/dialogos/pedro.json › anoitecer[0]
2d.pedro.anoitecer.1,1278,8 · Herdadas do 2D (não tocam no 3D),Não toca: no 3D a chegada é a de missoes_guia.json.,Pedro,pedro,Fala do 2D (Pedro),—,,,,,,,,"Não precisa parar o que tá fazendo, não. Mas quando terminar, volte pra cama.",,,,77,5.5,"Weverton - Youthful, Energetic and Clear · YbP0Eq5RE5uOoCEl7F3T · eleven_v3",,—,—,,—,só português (2D),2D,,,não toca,não toca,,,,,pendente,não (herdada do 2D),data/dialogos/pedro.json › anoitecer[1]
2d.pedro.anoitecer.2,1279,8 · Herdadas do 2D (não tocam no 3D),Não toca: no 3D a chegada é a de missoes_guia.json.,Pedro,pedro,Fala do 2D (Pedro),—,,,,,,,,"Se a madrugada passar das duas com você de pé, o corpo apaga onde estiver — e apagar no chão não descansa igual.",,,,112,8,"Weverton - Youthful, Energetic and Clear · YbP0Eq5RE5uOoCEl7F3T · eleven_v3",,—,—,,—,só português (2D),2D,,,não toca,não toca,,,,,pendente,não (herdada do 2D),data/dialogos/pedro.json › anoitecer[2]
2d.pedro.companhia.dispensado,1280,8 · Herdadas do 2D (não tocam no 3D),Não toca: no 3D a chegada é a de missoes_guia.json.,Pedro,pedro,Fala do 2D (Pedro),—,,,,,,,,Tá certo. Vou cuidar da minha vida ali. Grita quando precisar.,,,,62,4.4,"Weverton - Youthful, Energetic and Clear · YbP0Eq5RE5uOoCEl7F3T · eleven_v3",,—,—,,—,só português (2D),2D,,,não toca,não toca,,,,,pendente,não (herdada do 2D),data/dialogos/pedro.json › companhia.dispensado
2d.pedro.companhia.chamado,1281,8 · Herdadas do 2D (não tocam no 3D),Não toca: no 3D a chegada é a de missoes_guia.json.,Pedro,pedro,Fala do 2D (Pedro),—,,,,,,,,Tô contigo. Vamos.,,,,18,1.5,"Weverton - Youthful, Energetic and Clear · YbP0Eq5RE5uOoCEl7F3T · eleven_v3",,—,—,,—,só português (2D),2D,,,não toca,não toca,,,,,pendente,não (herdada do 2D),data/dialogos/pedro.json › companhia.chamado
2d.pedro.portao.pergunta,1282,8 · Herdadas do 2D (não tocam no 3D),Não toca: no 3D a chegada é a de missoes_guia.json.,Pedro,pedro,Fala do 2D (Pedro),—,,,,,,,,Pedro ainda está te ensinando. Sair agora pula o tutorial. Tem certeza?,,,,71,5.1,"Weverton - Youthful, Energetic and Clear · YbP0Eq5RE5uOoCEl7F3T · eleven_v3",,—,—,,—,só português (2D),2D,,,não toca,não toca,,,,,pendente,não (herdada do 2D),data/dialogos/pedro.json › portao.pergunta
2d.pedro.portao.pulou.0,1283,8 · Herdadas do 2D (não tocam no 3D),Não toca: no 3D a chegada é a de missoes_guia.json.,Pedro,pedro,Fala do 2D (Pedro),—,,,,,,,,"Tá bom, tá bom. Vai no seu passo.",,,,33,2.4,"Weverton - Youthful, Energetic and Clear · YbP0Eq5RE5uOoCEl7F3T · eleven_v3",,—,—,,—,só português (2D),2D,,,não toca,não toca,,,,,pendente,não (herdada do 2D),data/dialogos/pedro.json › portao.pulou[0]
2d.pedro.portao.pulou.1,1284,8 · Herdadas do 2D (não tocam no 3D),Não toca: no 3D a chegada é a de missoes_guia.json.,Pedro,pedro,Fala do 2D (Pedro),—,,,,,,,,"Se travar em alguma coisa, chega perto e me pergunta.",,,,53,3.8,"Weverton - Youthful, Energetic and Clear · YbP0Eq5RE5uOoCEl7F3T · eleven_v3",,—,—,,—,só português (2D),2D,,,não toca,não toca,,,,,pendente,não (herdada do 2D),data/dialogos/pedro.json › portao.pulou[1]
2d.pedro.conversa_avulsa.0,1285,8 · Herdadas do 2D (não tocam no 3D),Não toca: no 3D a chegada é a de missoes_guia.json.,Pedro,pedro,Fala do 2D (Pedro),—,,,,,,,,Já pescou hoje? Rio farto é rio madrugador.,,,,43,3.1,"Weverton - Youthful, Energetic and Clear · YbP0Eq5RE5uOoCEl7F3T · eleven_v3",,—,—,,—,só português (2D),2D,,,não toca,não toca,,,,,pendente,não (herdada do 2D),data/dialogos/pedro.json › conversa_avulsa[0]
2d.pedro.conversa_avulsa.1,1286,8 · Herdadas do 2D (não tocam no 3D),Não toca: no 3D a chegada é a de missoes_guia.json.,Pedro,pedro,Fala do 2D (Pedro),—,,,,,,,,"Minha avó diz que o que troca com a gente à noite, cobra de dia. Eu acho que é conversa pra criança dormir.",,,,107,7.6,"Weverton - Youthful, Energetic and Clear · YbP0Eq5RE5uOoCEl7F3T · eleven_v3",,—,—,,—,só português (2D),2D,,,não toca,não toca,,,,,pendente,não (herdada do 2D),data/dialogos/pedro.json › conversa_avulsa[1]
2d.pedro.conversa_avulsa.2,1287,8 · Herdadas do 2D (não tocam no 3D),Não toca: no 3D a chegada é a de missoes_guia.json.,Pedro,pedro,Fala do 2D (Pedro),—,,,,,,,,"A mata muda com a estação. O que é caminho no verão, some no inverno.",,,,69,4.9,"Weverton - Youthful, Energetic and Clear · YbP0Eq5RE5uOoCEl7F3T · eleven_v3",,—,—,,—,só português (2D),2D,,,não toca,não toca,,,,,pendente,não (herdada do 2D),data/dialogos/pedro.json › conversa_avulsa[2]
2d.pedro.conversa_avulsa.3,1288,8 · Herdadas do 2D (não tocam no 3D),Não toca: no 3D a chegada é a de missoes_guia.json.,Pedro,pedro,Fala do 2D (Pedro),—,,,,,,,,Aquele convite da fazenda ainda está de pé. Um dia a gente vai.,,,,63,4.5,"Weverton - Youthful, Energetic and Clear · YbP0Eq5RE5uOoCEl7F3T · eleven_v3",,—,—,,—,só português (2D),2D,,,não toca,não toca,,,,,pendente,não (herdada do 2D),data/dialogos/pedro.json › conversa_avulsa[3]
2d.pedro.conversa_avulsa.4,1289,8 · Herdadas do 2D (não tocam no 3D),Não toca: no 3D a chegada é a de missoes_guia.json.,Pedro,pedro,Fala do 2D (Pedro),—,,,,,,,,"Estranho é ninguém saber quem mora naquela fazenda. Terra grande daquele jeito, e ninguém nunca viu o dono.",,,,107,7.6,"Weverton - Youthful, Energetic and Clear · YbP0Eq5RE5uOoCEl7F3T · eleven_v3",,—,—,,—,só português (2D),2D,,,não toca,não toca,,,,,pendente,não (herdada do 2D),data/dialogos/pedro.json › conversa_avulsa[4]
2d.pedro.conversa_avulsa.5,1290,8 · Herdadas do 2D (não tocam no 3D),Não toca: no 3D a chegada é a de missoes_guia.json.,Pedro,pedro,Fala do 2D (Pedro),—,,,,,,,,"Se for derrubar mais pau, lembre: machado pra árvore, picareta pra pedra. E só no que é seu — pau de terreno alheio tem dono.",,,,125,8.9,"Weverton - Youthful, Energetic and Clear · YbP0Eq5RE5uOoCEl7F3T · eleven_v3",,—,—,,—,só português (2D),2D,,,não toca,não toca,,,,,pendente,não (herdada do 2D),data/dialogos/pedro.json › conversa_avulsa[5]
2d.pedro.conversa_avulsa.6,1291,8 · Herdadas do 2D (não tocam no 3D),Não toca: no 3D a chegada é a de missoes_guia.json.,Pedro,pedro,Fala do 2D (Pedro),—,,,,,,,,"As terras do nascente vêm uma atrás da outra. Primeiro a da Zefa, que encosta na sua; depois a chapada do Benedito.",,,,115,8.2,"Weverton - Youthful, Energetic and Clear · YbP0Eq5RE5uOoCEl7F3T · eleven_v3",,—,—,,—,só português (2D),2D,,,não toca,não toca,,,,,pendente,não (herdada do 2D),data/dialogos/pedro.json › conversa_avulsa[6]
2d.pedro.conversa_avulsa.7,1292,8 · Herdadas do 2D (não tocam no 3D),Não toca: no 3D a chegada é a de missoes_guia.json.,Pedro,pedro,Fala do 2D (Pedro),—,,,,,,,,Quem compra terra aqui herda o vizinho junto. Ninguém sai da casa onde nasceu só porque o papel mudou de nome.,,,,110,7.9,"Weverton - Youthful, Energetic and Clear · YbP0Eq5RE5uOoCEl7F3T · eleven_v3",,—,—,,—,só português (2D),2D,,,não toca,não toca,,,,,pendente,não (herdada do 2D),data/dialogos/pedro.json › conversa_avulsa[7]
2d.pedro.conversa_avulsa.8,1293,8 · Herdadas do 2D (não tocam no 3D),Não toca: no 3D a chegada é a de missoes_guia.json.,Pedro,pedro,Fala do 2D (Pedro),—,,,,,,,,Meus avós perguntaram de você. Disseram que gente da capital não aguenta uma semana. Eu apostei que aguenta.,,,,108,7.7,"Weverton - Youthful, Energetic and Clear · YbP0Eq5RE5uOoCEl7F3T · eleven_v3",,—,—,,—,só português (2D),2D,,,não toca,não toca,,,,,pendente,não (herdada do 2D),data/dialogos/pedro.json › conversa_avulsa[8]
